id,ident,type,name,latitude_deg,longitude_deg,elevation_ft,continent,country_name,iso_country,region_name,iso_region,local_region,municipality,scheduled_service,gps_code,icao_code,iata_code,local_code,home_link,wikipedia_link,keywords,score,last_updated
4185,LFPG,large_airport,"Charles de Gaulle International Airport",49.00896,2.554117,392,EU,France,FR,Île-de-France,FR-IDF,IDF,"Paris (Roissy-en-France, Val-d'Oise)",1,LFPG,LFPG,CDG,,http://www.aeroportsdeparis.fr/,https://en.wikipedia.org/wiki/Charles_de_Gaulle_Airport,"PAR, Aéroport Roissy-Charles de Gaulle, Roissy Airport",1127475,2026-01-09T15:49:06+00:00
4189,LFPO,large_airport,"Paris-Orly Airport",48.729499,2.358963,291,EU,France,FR,Île-de-France,FR-IDF,IDF,"Paris (Orly, Val-de-Marne)",1,LFPO,LFPO,ORY,,https://www.parisaeroport.fr/orly,https://en.wikipedia.org/wiki/Orly_Airport,,1032775,2026-03-20T09:45:11+00:00
4156,LFMN,large_airport,"Nice-Côte d'Azur Airport",43.658401,7.21587,12,EU,France,FR,Provence-Alpes-Côte-d'Azur,FR-PAC,PAC,"Nice, Alpes-Maritimes",1,LFMN,LFMN,NCE,,https://www.nice.aeroport.fr/en,https://en.wikipedia.org/wiki/C%C3%B4te_d'Azur_International_Airport,,51475,2024-08-01T13:07:35+00:00
4226,LFSB,large_airport,"EuroAirport Basel–Mulhouse–Freiburg",47.60068,7.521117,885,EU,France,FR,"Grand Est",FR-GES,GES,"Bâle / Mulhouse",1,LFSB,LFSB,BSL,,http://www.euroairport.com/,https://en.wikipedia.org/wiki/EuroAirport_Basel-Mulhouse-Freiburg,"MLH, EAP, LSZM, Bâle, Basle",1050,2025-08-18T18:39:33+00:00
4155,LFML,large_airport,"Marseille Provence Airport",43.438088,5.2125,74,EU,France,FR,Provence-Alpes-Côte-d'Azur,FR-PAC,PAC,"Marignane, Bouches-du-Rhône",1,LFML,LFML,MRS,,https://www.marseille.aeroport.fr/,https://en.wikipedia.org/wiki/Marseille_Provence_Airport,,1375,2024-08-01T13:51:14+00:00
4070,LFBO,large_airport,"Toulouse-Blagnac Airport",43.629101,1.36382,499,EU,France,FR,Occitanie,FR-OCC,OCC,Toulouse/Blagnac,1,LFBO,LFBO,TLS,,http://www.toulouse.aeroport.fr/,https://en.wikipedia.org/wiki/Toulouse_Blagnac_International_Airport,,1675,2016-07-17T15:22:33+00:00
4137,LFLL,large_airport,"Lyon Saint-Exupéry Airport",45.725996,5.090139,821,EU,France,FR,Auvergne-Rhône-Alpes,FR-ARA,ARA,"Colombier-Saugnieu, Rhône",1,LFLL,LFLL,LYS,,https://www.lyonaeroports.com/,https://en.wikipedia.org/wiki/Lyon%E2%80%93Saint-Exup%C3%A9ry_Airport,"Lyon, Saint-Exupéry, Satolas",1000,2024-08-01T13:01:28+00:00
4060,LFBD,large_airport,"Bordeaux–Mérignac Airport",44.82865,-0.715356,162,EU,France,FR,Nouvelle-Aquitaine,FR-NAQ,NAQ,Bordeaux,1,LFBD,LFBD,BOD,,https://www.bordeaux.aeroport.fr/,https://en.wikipedia.org/wiki/Bordeaux%E2%80%93M%C3%A9rignac_Airport,,1275,2025-08-18T19:35:17+00:00
4169,LFOB,large_airport,"Beauvais-Tillé airport",49.454399,2.11278,359,EU,France,FR,Hauts-de-France,FR-HDF,HDF,Beauvais,1,LFOB,LFOB,BVA,,https://www.aeroportparisbeauvais.com/,https://en.wikipedia.org/wiki/Paris_Beauvais_Till%C3%A9_Airport,Beauvais-Tillé,1000,2026-01-18T19:19:19+00:00
4183,LFPB,large_airport,"Paris-Le Bourget International Airport",48.962276,2.436539,218,EU,France,FR,Île-de-France,FR-IDF,IDF,Paris,1,LFPB,LFPB,LBG,,http://www.aeroportsdeparis.fr/,https://en.wikipedia.org/wiki/Le_Bourget_Airport,PAR,1000,2026-01-08T16:04:22+00:00
4221,LFRS,medium_airport,"Nantes Atlantique Airport",47.153198,-1.61073,90,EU,France,FR,Pays-de-la-Loire,FR-PDL,PDL,Nantes,1,LFRS,LFRS,NTE,,https://www.nantes.aeroport.fr/en,https://en.wikipedia.org/wiki/Nantes_Atlantique_Airport,,750,2024-04-12T20:33:01+00:00
4161,LFMT,large_airport,"Montpellier-Méditerranée Airport",43.576199,3.96301,17,EU,France,FR,Occitanie,FR-OCC,OCC,Montpellier/Méditerranée,1,LFMT,LFMT,MPL,,https://www.montpellier.aeroport.fr/,https://en.wikipedia.org/wiki/Montpellier_-_M%C3%A9diterran%C3%A9e_Airport,,1000,2026-03-16T22:47:52+00:00
4238,LFST,large_airport,"Strasbourg Airport",48.5383,7.62823,505,EU,France,FR,"Grand Est",FR-GES,GES,Strasbourg,1,LFST,LFST,SXB,,http://www.strasbourg.aeroport.fr/E/index.php,https://en.wikipedia.org/wiki/Strasbourg_Airport,"BA 124",1000,2026-01-08T18:21:17+00:00
4154,LFMK,medium_airport,"Carcassonne Salvaza Airport",43.216,2.30632,433,EU,France,FR,Occitanie,FR-OCC,OCC,Carcassonne,1,LFMK,LFMK,CCF,,https://www.aeroport-carcassonne.com/,https://en.wikipedia.org/wiki/Carcassonne_Salvaza_Airport,,750,2025-08-18T20:50:49+00:00
4202,LFQQ,large_airport,"Lille Airport",50.566564,3.102429,157,EU,France,FR,Hauts-de-France,FR-HDF,HDF,Lesquin,1,LFQQ,LFQQ,LIL,,https://www.lille.aeroport.fr/home/,https://en.wikipedia.org/wiki/Lille_Airport,"Aéroport de Lille. Lille-Lesquin Airport",1000,2026-01-09T15:54:13+00:00
4055,LFAT,medium_airport,"Le Touquet-Côte d'Opale Airport",50.518284,1.621656,36,EU,France,FR,Hauts-de-France,FR-HDF,HDF,"Le Touquet-Paris-Plage",0,LFAT,LFAT,LTQ,,https://www.aeroport-letouquet.com/,https://en.wikipedia.org/wiki/Le_Touquet_%E2%80%93_C%C3%B4te_d%27Opale_Airport,Paris-Plage,525,2025-10-04T17:46:47+00:00
4151,LFMD,medium_airport,"Cannes Mandelieu Airport",43.547998,6.955176,13,EU,France,FR,Provence-Alpes-Côte-d'Azur,FR-PAC,PAC,Cannes,0,LFMD,LFMD,CEQ,,https://www.cannes.aeroport.fr/,https://en.wikipedia.org/wiki/Cannes_%E2%80%93_Mandelieu_Airport,,750,2025-08-18T15:42:07+00:00
4131,LFLB,medium_airport,"Chambéry Aix les Bains airport",45.6381,5.88023,779,EU,France,FR,Auvergne-Rhône-Alpes,FR-ARA,ARA,Chambéry,1,LFLB,LFLB,CMF,,https://www.chambery-airport.com/en,https://en.wikipedia.org/wiki/Chamb%C3%A9ry_Airport,,750,2025-08-18T15:56:47+00:00
4123,LFKB,large_airport,"Bastia-Poretta International airport",42.5527,9.48373,26,EU,France,FR,Corsica,FR-COR,COR,Bastia,1,LFKB,LFKB,BIA,,https://bastia-aeroport.cci.corsica/,https://en.wikipedia.org/wiki/Bastia_-_Poretta_Airport,,1000,2026-01-12T15:19:43+00:00
4218,LFRN,medium_airport,"Rennes-Saint-Jacques Airport",48.0695,-1.73479,124,EU,France,FR,Brittany,FR-BRE,BRE,"Saint-Jacques-de-la-Lande, Ille-et-Vilaine",1,LFRN,LFRN,RNS,,http://www.rennes.aeroport.fr/,https://en.wikipedia.org/wiki/Rennes_-_Saint-Jacques_Airport,"Rennes Bretagne",750,2024-08-07T14:04:25+00:00
4142,LFLS,medium_airport,"Grenoble Alpes Isère Airport",45.3629,5.32937,1302,EU,France,FR,Auvergne-Rhône-Alpes,FR-ARA,ARA,Grenoble,1,LFLS,LFLS,GNB,,https://www.grenoble-airport.com/en,https://en.wikipedia.org/wiki/Grenoble-Is%C3%A8re_Airport,,750,2025-08-18T17:20:58+00:00
4064,LFBH,medium_airport,"La Rochelle Île de Ré Airport",46.179199,-1.19528,74,EU,France,FR,Nouvelle-Aquitaine,FR-NAQ,NAQ,"La Rochelle",1,LFBH,LFBH,LRH,,https://www.larochelle.aeroport.fr/en/,https://en.wikipedia.org/wiki/La_Rochelle_-_%C3%8Ele_de_R%C3%A9_Airport,"Laleu Airport",750,2025-08-18T17:29:53+00:00
4158,LFMP,medium_airport,"Perpignan-Rivesaltes (Llabanère) Airport",42.740398,2.87067,144,EU,France,FR,Occitanie,FR-OCC,OCC,Perpignan/Rivesaltes,1,LFMP,LFMP,PGF,,https://www.aeroport-perpignan.com/,https://en.wikipedia.org/wiki/Perpignan_-_Rivesaltes_Airport,,750,2024-04-29T17:12:57+00:00
4148,LFLY,medium_airport,"Lyon Bron Airport",45.727947,4.943991,659,EU,France,FR,Auvergne-Rhône-Alpes,FR-ARA,ARA,"Chassieu, Lyon",0,LFLY,LFLY,LYN,,https://www.lyonaeroports.com/en/lyon-bron,https://en.wikipedia.org/wiki/Lyon%E2%80%93Bron_Airport,,475,2024-08-01T12:54:36+00:00
4126,LFKJ,medium_airport,"Ajaccio Napoléon Bonaparte airport",41.923599,8.80292,18,EU,France,FR,Corsica,FR-COR,COR,Ajaccio,1,LFKJ,LFKJ,AJA,,,https://en.wikipedia.org/wiki/Ajaccio_-_Campo_dell'Oro_Airport,,750,2025-08-18T15:43:06+00:00
4077,LFBZ,medium_airport,"Biarritz Pays Basque airport",43.468372,-1.523223,245,EU,France,FR,Nouvelle-Aquitaine,FR-NAQ,NAQ,Biarritz,1,LFBZ,LFBZ,BIQ,,https://biarritz.aeroport.fr/en/,https://en.wikipedia.org/wiki/Biarritz_-_Anglet_-_Bayonne_Airport,,750,2025-08-18T19:08:53+00:00
4163,LFMV,medium_airport,"Avignon Caumont airport",43.907299,4.90183,124,EU,France,FR,Provence-Alpes-Côte-d'Azur,FR-PAC,PAC,Avignon,1,LFMV,LFMV,AVN,,https://avignon.aero/,https://en.wikipedia.org/wiki/Avignon_-_Caumont_Airport,,750,2025-08-18T15:46:35+00:00
4067,LFBL,medium_airport,"Limoges Airport",45.862801,1.17944,1300,EU,France,FR,Nouvelle-Aquitaine,FR-NAQ,NAQ,Limoges/Bellegarde,1,LFBL,LFBL,LIG,,https://www.aeroportlimoges.com/en/,https://en.wikipedia.org/wiki/Limoges_-_Bellegarde_Airport,,750,2024-04-29T17:01:35+00:00
4125,LFKF,large_airport,"Figari Sud-Corse Airport",41.50185,9.097092,85,EU,France,FR,Corsica,FR-COR,COR,Figari,1,LFKF,LFKF,FSC,,https://figari-aeroport.cci.corsica/,https://en.wikipedia.org/wiki/Figari_Sud-Corse_Airport,,1000,2026-01-18T19:06:18+00:00
4141,LFLP,medium_airport,"Annecy Meythet airport",45.928947,6.0987,1521,EU,France,FR,Auvergne-Rhône-Alpes,FR-ARA,ARA,Annecy,1,LFLP,LFLP,NCY,,https://www.annecy-airport.com/en,https://en.wikipedia.org/wiki/Annecy_-_Haute-Savoie_-_Mont_Blanc_Airport,Annecy-Meythet,750,2025-08-18T15:45:09+00:00
4208,LFRD,medium_airport,"Dinard Pleurtuit Saint-Malo airport",48.5877,-2.07996,219,EU,France,FR,Brittany,FR-BRE,BRE,Dinard,1,LFRD,LFRD,DNR,,https://www.dinard.aeroport.fr/en,https://en.wikipedia.org/wiki/Dinard_-_Pleurtuit_-_Saint-Malo_Airport,,750,2025-08-18T17:16:31+00:00
4179,LFOT,medium_airport,"Tours Val de Loire Airport",47.432201,0.727606,357,EU,France,FR,"Centre-Val de Loire",FR-CVL,CVL,"Tours, Indre-et-Loire",1,LFOT,LFOT,TUF,,http://www.tours.aeroport.fr/index_en.php,https://en.wikipedia.org/wiki/Tours_Val_de_Loire_Airport,"Aéroport Tours-Val de Loire, Loire Valley",750,2024-08-01T14:18:05+00:00
4241,LFTH,medium_airport,"Toulon-Hyères Airport",43.097301,6.14603,7,EU,France,FR,Provence-Alpes-Côte-d'Azur,FR-PAC,PAC,"Hyères, Var",1,LFTH,LFTH,TLN,,http://toulon-hyeres.aeroport.fr/,https://en.wikipedia.org/wiki/Toulon-Hy%C3%A8res_Airport,"La Palyvestre, Toulon",750,2024-10-30T09:48:03+00:00
4073,LFBT,medium_airport,"Tarbes-Lourdes-Pyrénées Airport",43.178699,-0.006439,1260,EU,France,FR,Occitanie,FR-OCC,OCC,Tarbes/Lourdes/Pyrénées,1,LFBT,LFBT,LDE,,https://www.tlp.aeroport.fr/,https://en.wikipedia.org/wiki/Tarbes-Lourdes-Pyr%C3%A9n%C3%A9es_Airport,,750,2024-04-13T01:25:13+00:00
4132,LFLC,large_airport,"Clermont-Ferrand Auvergne airport",45.786701,3.16917,1090,EU,France,FR,Auvergne-Rhône-Alpes,FR-ARA,ARA,Clermont-Ferrand,1,LFLC,LFLC,CFE,,https://www.clermont-aeroport.com/en,https://en.wikipedia.org/wiki/Clermont-Ferrand_Auvergne_Airport,,1000,2026-01-30T15:12:41+00:00
4211,LFRG,medium_airport,"Deauville Normandie airport",49.365237,0.154481,479,EU,France,FR,Normandy,FR-NOR,NOR,Deauville,1,LFRG,LFRG,DOL,,https://www.deauville.aeroport.fr/,https://en.wikipedia.org/wiki/Deauville_%E2%80%93_Normandie_Airport,"Deauville-Saint Gatien",500,2025-08-18T17:15:13+00:00
4206,LFRB,large_airport,"Brest Bretagne airport",48.447899,-4.41854,325,EU,France,FR,Brittany,FR-BRE,BRE,Brest,1,LFRB,LFRB,BES,,https://www.brest.aeroport.bzh,https://en.wikipedia.org/wiki/Brest_Bretagne_Airport,,1000,2026-01-18T02:34:46+00:00
4050,LFAC,medium_airport,"Calais Marck Airport",50.962101,1.95476,12,EU,France,FR,Hauts-de-France,FR-HDF,HDF,Calais,0,LFAC,LFAC,CQF,,https://calais.aeroport.fr/en/homepage/,https://fr.wikipedia.org/wiki/A%C3%A9roport_de_Calais_-_Dunkerque,"Dunkirk, Grand Calais",325,2025-08-18T20:27:13+00:00
4061,LFBE,medium_airport,"Bergerac Dordogne-Périgord airport",44.825298,0.518611,171,EU,France,FR,Nouvelle-Aquitaine,FR-NAQ,NAQ,Bergerac,1,LFBE,LFBE,EGC,,https://www.bergerac.aeroport.fr/,https://en.wikipedia.org/wiki/Bergerac_Dordogne_P%C3%A9rigord_Airport,,750,2025-08-18T15:47:37+00:00
4162,LFMU,medium_airport,"Béziers Vias airport",43.323502,3.3539,56,EU,France,FR,Occitanie,FR-OCC,OCC,Béziers,1,LFMU,LFMU,BZR,,https://beziers.aeroport.fr/en/,https://en.wikipedia.org/wiki/B%C3%A9ziers-Agde-Vias_Airport,,750,2025-08-18T15:48:05+00:00
4124,LFKC,medium_airport,"Calvi Sainte Catherine Airport",42.530422,8.792984,209,EU,France,FR,Corsica,FR-COR,COR,Calvi,1,LFKC,LFKC,CLY,,https://en.balagne-corsica.com/commerce-et-service/calvi-sainte-catherine-airport/,https://en.wikipedia.org/wiki/Calvi_-_Sainte-Catherine_Airport,,750,2025-08-18T20:43:01+00:00
4065,LFBI,medium_airport,"Poitiers-Biard Airport",46.5877,0.306666,423,EU,France,FR,Nouvelle-Aquitaine,FR-NAQ,NAQ,Poitiers/Biard,1,LFBI,LFBI,PIS,,https://www.poitiers.aeroport.fr/,https://en.wikipedia.org/wiki/Poitiers_-_Biard_Airport,,750,2024-04-13T01:33:55+00:00
4242,LFTW,medium_airport,"Nîmes-Arles-Camargue Airport",43.757401,4.41635,309,EU,France,FR,Occitanie,FR-OCC,OCC,Nîmes/Garons,1,LFTW,LFTW,FNI,,https://www.nimes.aeroport.fr/en,https://en.wikipedia.org/wiki/N%C3%AEmes-Arles-Camargue_Airport,,750,2024-04-29T17:20:13+00:00
4215,LFRK,medium_airport,"Caen Carpiquet airport",49.17678,-0.454883,256,EU,France,FR,Normandy,FR-NOR,NOR,Caen,1,LFRK,LFRK,CFR,,https://www.caen.aeroport.fr/,https://en.wikipedia.org/wiki/Caen_-_Carpiquet_Airport,,750,2025-08-18T15:52:04+00:00
4071,LFBP,medium_airport,"Pau Pyrénées Airport",43.380001,-0.418611,616,EU,France,FR,Nouvelle-Aquitaine,FR-NAQ,NAQ,"Pau/Pyrénées (Uzein)",1,LFBP,LFBP,PUF,,https://www.pau.aeroport.fr/passenger/,https://en.wikipedia.org/wiki/Pau_Pyr%C3%A9n%C3%A9es_Airport,,750,2024-04-13T01:41:45+00:00
28927,LFLG,small_airport,"Grenoble Le Versoud Airfield",45.218047,5.848317,722,EU,France,FR,Auvergne-Rhône-Alpes,FR-ARA,ARA,"Le Versoud, Isère",0,LFLG,LFLG,,,,https://en.wikipedia.org/wiki/Grenoble_%E2%80%93_Le_Versoud_Aerodrome,,50,2025-08-18T22:22:16+00:00
4104,LFGA,medium_airport,"Colmar Houssen airport",48.109901,7.35901,628,EU,France,FR,"Grand Est",FR-GES,GES,Colmar,0,LFGA,LFGA,CMR,,https://www.colmar.aeroport.fr/en/,https://en.wikipedia.org/wiki/Colmar_Airport,,325,2025-08-18T16:03:13+00:00
28488,LFLJ,small_airport,"Courchevel Altiport",45.397531,6.63498,6583,EU,France,FR,Auvergne-Rhône-Alpes,FR-ARA,ARA,Saint-Bon,0,LFLJ,LFLJ,CVF,,,https://en.wikipedia.org/wiki/Courchevel_Altiport,,50,2022-09-11T20:22:52+00:00
4188,LFPN,medium_airport,"Toussus-le-Noble Airport",48.7519,2.10619,538,EU,France,FR,Île-de-France,FR-IDF,IDF,"Toussus-le-Noble, Yvelines",0,LFPN,LFPN,TNF,,,https://en.wikipedia.org/wiki/Toussus-le-Noble_Airport,,575,2024-06-22T13:28:33+00:00
4193,LFQB,medium_airport,"Troyes-Barberey Airport",48.322102,4.0167,388,EU,France,FR,"Grand Est",FR-GES,GES,"Barberey-Saint-Sulpice, Aube",0,LFQB,,,,http://www.troyes.aeroport.fr/,https://en.wikipedia.org/wiki/Troyes_%E2%80%93_Barberey_Airport,QYR,375,2024-06-22T18:03:05+00:00
4136,LFLI,medium_airport,"Annemasse Airfield",46.192001,6.26839,1620,EU,France,FR,Auvergne-Rhône-Alpes,FR-ARA,ARA,Annemasse,0,LFLI,,,,http://www.caa.asso.fr/,https://en.wikipedia.org/wiki/Annemasse_Aerodrome,,250,2024-04-12T18:52:29+00:00
4176,LFOK,medium_airport,"Chalons Vatry airport",48.77333,4.20611,587,EU,France,FR,"Grand Est",FR-GES,GES,"Chalons en Champagne",1,LFOK,LFOK,XCR,,https://www.parisvatry.com/,https://en.wikipedia.org/wiki/Ch%C3%A2lons_Vatry_Airport,"Paris-Châlons, Paris-Vatry, Paris-Vatry (Disney), Vatry Europort",750,2025-08-18T15:56:00+00:00
4190,LFPT,medium_airport,"Pontoise-Cormeilles Aerodrome",49.096064,2.035543,325,EU,France,FR,Île-de-France,FR-IDF,IDF,"Cormeilles-en-Vexin, Val-d'Oise",0,LFPT,LFPT,POX,,,https://en.wikipedia.org/wiki/Pontoise_%E2%80%93_Cormeilles_Aerodrome,"Aérodrome de Pontoise-Cormeilles en Vexin, Cergy Pontoise",525,2025-10-04T16:36:03+00:00
4207,LFRC,medium_airport,"Cherbourg Manche airport",49.650101,-1.47028,459,EU,France,FR,Normandy,FR-NOR,NOR,Cherbourg,0,LFRC,LFRC,CER,,https://www.cherbourg.aeroport.fr/,https://en.wikipedia.org/wiki/Cherbourg_-_Maupertus_Airport,"Aéroport de Cherbourg - Maupertus, Aéroport de Cherbourg - Manche, Cherbourg-Manche",750,2025-08-18T15:59:33+00:00
4159,LFMQ,medium_airport,"Le Castellet Airport",43.252499,5.78519,1391,EU,France,FR,Provence-Alpes-Côte-d'Azur,FR-PAC,PAC,"Le Castellet, Var",0,LFMQ,LFMQ,CTT,,https://www.aeroportducastellet.com/en/,https://fr.wikipedia.org/wiki/A%C3%A9roport_du_Castellet,,250,2024-10-30T09:20:17+00:00
4152,LFMH,medium_airport,"Saint-Étienne-Bouthéon Airport",45.5406,4.29639,1325,EU,France,FR,Auvergne-Rhône-Alpes,FR-ARA,ARA,"Andrézieux-Bouthéon, Loire",0,LFMH,LFMH,EBU,,https://saint-etienne.aeroport.fr/en/,https://en.wikipedia.org/wiki/Saint-%C3%89tienne_-_Bouth%C3%A9on_Airport,Saint-Étienne-Loire,750,2025-01-07T13:58:39+00:00
4220,LFRQ,medium_airport,"Quimper-Cornouaille Airport",47.973031,-4.169655,297,EU,France,FR,Brittany,FR-BRE,BRE,Quimper/Pluguffan,0,LFRQ,LFRQ,UIP,,https://www.quimper.aeroport.bzh/accueil,https://en.wikipedia.org/wiki/Quimper_-_Cornouaille_Airport,,750,2024-04-29T17:46:43+00:00
4107,LFGJ,medium_airport,"Dole Tavaux Airport",47.038955,5.427589,645,EU,France,FR,Bourgogne-Franche-Comté,FR-BFC,BFC,Dole,1,LFGJ,LFGJ,DLE,,https://dole.aeroport.fr/,https://en.wikipedia.org/wiki/Dole%E2%80%93Jura_Airport,Dole-Tavaux,575,2025-08-18T17:17:31+00:00
28887,LFHM,small_airport,"Megève Altiport",45.823005,6.649406,4823,EU,France,FR,Auvergne-Rhône-Alpes,FR-ARA,ARA,Megève,0,LFHM,LFHM,MVV,,,https://en.wikipedia.org/wiki/Meg%C3%A8ve_Altiport,,50,2022-09-11T19:35:44+00:00
4127,LFKO,small_airport,"Propriano Airport",41.660599,8.88975,13,EU,France,FR,Corsica,FR-COR,COR,Propriano,0,LFKO,LFKO,PRP,,,https://fr.wikipedia.org/wiki/A%C3%A9rodrome_de_Propriano,,50,2024-04-12T17:40:40+00:00
4177,LFOP,medium_airport,"Rouen Vallée de Seine Airport",49.384887,1.179142,512,EU,France,FR,Normandy,FR-NOR,NOR,Boos,0,LFOP,LFOP,URO,,https://www.aeroport-rouen.fr/,https://en.wikipedia.org/wiki/Rouen_Airport,,750,2024-04-29T17:36:31+00:00
4120,LFJL,medium_airport,"Metz-Nancy-Lorraine Airport",48.982101,6.25132,870,EU,France,FR,"Grand Est",FR-GES,GES,Goin,1,LFJL,LFJL,ETZ,,https://lorraineaeroport.com/,https://en.wikipedia.org/wiki/Metz-Nancy-Lorraine_Airport,,750,2024-04-13T01:43:38+00:00
4086,LFCR,medium_airport,"Rodez–Aveyron Airport",44.407902,2.48267,1910,EU,France,FR,Occitanie,FR-OCC,OCC,Rodez/Marcillac,1,LFCR,LFCR,RDZ,,https://www.aeroport-rodez.fr/en/,https://en.wikipedia.org/wiki/Rodez%E2%80%93Aveyron_Airport,,750,2024-04-13T01:48:15+00:00
4130,LFLA,medium_airport,"Auxerre Branches airport",47.850201,3.49711,523,EU,France,FR,Bourgogne-Franche-Comté,FR-BFC,BFC,Auxerre,0,LFLA,LFLA,AUF,,https://www.auxerre.aeroport.fr/,https://en.wikipedia.org/wiki/Auxerre_%E2%80%93_Branches_Aerodrome,,325,2025-08-18T15:46:14+00:00
4144,LFLU,medium_airport,"Valence-Chabeuil Airport",44.9216,4.9699,525,EU,France,FR,Auvergne-Rhône-Alpes,FR-ARA,ARA,"Chabeuil, Drôme",0,LFLU,LFLU,VAF,,http://www.valenceaeroport.fr,https://en.wikipedia.org/wiki/Valence-Chabeuil_Airport,,325,2024-10-28T11:09:00+00:00
4197,LFQG,medium_airport,"Nevers-Fourchambault Airport",47.002913,3.113114,602,EU,France,FR,Bourgogne-Franche-Comté,FR-BFC,BFC,"Marzy, Nièvre",0,LFQG,LFQG,NVS,,,https://fr.wikipedia.org/wiki/A%C3%A9roport_de_Nevers-Fourchambault,,250,2024-12-01T11:03:22+00:00
4149,LFMA,small_airport,"Aix Les Milles airport",43.506294,5.366426,367,EU,France,FR,Provence-Alpes-Côte-d'Azur,FR-PAC,PAC,"Aix en Provence",0,LFMA,LFMA,,,,https://en.wikipedia.org/wiki/Aix-en-Provence_Aerodrome,"Aérodrome d'Aix - Les Milles",50,2025-08-18T15:42:46+00:00
4083,LFCL,small_airport,"Toulouse-Lasbordes Airfield",43.58677,1.49924,460,EU,France,FR,Occitanie,FR-OCC,OCC,"Balma, Haute-Garonne",0,LFCL,,,,https://www.toulouse-metropole.fr/missions/deplacements/aerodrome-toulouse-lasbordes,https://en.wikipedia.org/wiki/Toulouse_-_Lasbordes_Airport,,50,2024-06-30T05:59:32+00:00
28981,LFPZ,small_airport,"Saint-Cyr-l'École Airport",48.812459,2.067533,373,EU,France,FR,Île-de-France,FR-IDF,IDF,"Saint-Cyr-l'École, Yvelines",0,LFPZ,,,,,https://fr.wikipedia.org/wiki/A%C3%A9rodrome_de_Saint-Cyr-l%27%C3%89cole,,50,2024-06-22T14:13:39+00:00
28938,LFNA,small_airport,"Gap-Tallard Airfield",44.455002,6.03778,1986,EU,France,FR,Provence-Alpes-Côte-d'Azur,FR-PAC,PAC,"Tallard, Hautes-Alpes",0,LFNA,LFNA,GAT,,,https://en.wikipedia.org/wiki/Gap%E2%80%93Tallard_Airport,,50,2024-10-30T14:01:38+00:00
28916,LFKA,small_airport,"Albertville General Pierre Delachenal Airfield",45.626044,6.328125,1033,EU,France,FR,Auvergne-Rhône-Alpes,FR-ARA,ARA,Tournon,0,LFKA,,,,,https://en.wikipedia.org/wiki/Albertville_Aerodrome,,50,2023-12-29T09:00:08+00:00
4058,LFBA,medium_airport,"Agen La Garenne airport",44.174171,0.59309,204,EU,France,FR,Nouvelle-Aquitaine,FR-NAQ,NAQ,Agen,0,LFBA,LFBA,AGF,,http://www.aeroport-agen.com/,https://en.wikipedia.org/wiki/Agen_-_La_Garenne_Aerodrome,,750,2025-08-18T15:42:30+00:00
4212,LFRH,medium_airport,"Lorient South Brittany (Bretagne Sud) Airport",47.760601,-3.44,160,EU,France,FR,Brittany,FR-BRE,BRE,Lorient/Lann/Bihoué,1,LFRH,LFRH,LRT,,https://www.lorient.aeroport.fr/en,https://en.wikipedia.org/wiki/Lorient_South_Brittany_Airport,,750,2024-04-29T17:18:14+00:00
4228,LFSD,medium_airport,"Dijon Longvic airport",47.268902,5.09,726,EU,France,FR,Bourgogne-Franche-Comté,FR-BFC,BFC,Dijon,1,LFSD,LFSD,DIJ,,http://www.aeroport.dijon.cci.fr/,https://fr.wikipedia.org/wiki/A%C3%A9roport_de_Dijon-Bourgogne,"BA 102",500,2025-08-18T17:15:45+00:00
4222,LFRT,medium_airport,"Saint-Brieuc-Armor Airport",48.538628,-2.853518,453,EU,France,FR,Brittany,FR-BRE,BRE,"Trémuson, Côtes-d'Armor",0,LFRT,LFRT,SBK,,https://www.st-brieuc.aeroport.fr/en/,https://en.wikipedia.org/wiki/Saint-Brieuc_%E2%80%93_Armor_Airport,,300,2024-08-07T13:52:30+00:00
4166,LFNB,medium_airport,"Mende-Brenoux Airfield",44.502102,3.53282,3362,EU,France,FR,Occitanie,FR-OCC,OCC,Mende/Brénoux,0,LFNB,LFNB,MEN,,,https://fr.wikipedia.org/wiki/A%C3%A9rodrome_de_Mende_-_Brenoux,,250,2024-04-12T17:46:57+00:00
28830,LFEQ,small_airport,"Quiberon Airfield",47.482201,-3.1,37,EU,France,FR,Brittany,FR-BRE,BRE,,0,LFEQ,,,,,https://fr.wikipedia.org/wiki/A%C3%A9rodrome_de_Quiberon,,50,2024-05-15T18:28:33+00:00
28862,LFGI,small_airport,"Dijon Darois Airfield",47.385278,4.946944,1586,EU,France,FR,Bourgogne-Franche-Comté,FR-BFC,BFC,"Darois, Côte-d'Or",0,LFGI,,,,,https://fr.m.wikipedia.org/wiki/Aérodrome_de_Dijon_-_Darois,,50,2024-06-22T17:16:06+00:00
28975,LFPL,small_airport,"Lognes Emerainville Airfield",48.821028,2.625967,359,EU,France,FR,Île-de-France,FR-IDF,IDF,"Lognes, Seine-et-Marne",0,LFPL,LFPL,,,,https://fr.wikipedia.org/wiki/A%C3%A9rodrome_de_Lognes-%C3%89merainville,"Aérodrome Lognes-Emerainville",50,2024-06-22T13:07:36+00:00
4182,LFOZ,small_airport,"Orléans–Saint-Denis-de-l'Hôtel Airport",47.897758,2.164478,396,EU,France,FR,"Centre-Val de Loire",FR-CVL,CVL,"Saint-Denis-de-l'Hôtel, Loiret",0,LFOZ,LFOZ,ORE,,https://orleans.aeroport.fr/,https://en.wikipedia.org/wiki/Orl%C3%A9ans_%E2%80%93_Saint-Denis-de-l%27H%C3%B4tel_Airport,"Aéroport du Loiret, Loiret, Loire Valley, Loire-Vallée",50,2025-01-08T09:29:33+00:00
28942,LFNF,small_airport,"Vinon Airfield",43.737801,5.78417,902,EU,France,FR,Provence-Alpes-Côte-d'Azur,FR-PAC,PAC,"Vinon-sur-Verdon, Var",0,LFNF,,,,,https://fr.wikipedia.org/wiki/Liste_des_a%C3%A9rodromes_en_France,,50,2024-10-30T10:35:34+00:00
4146,LFLW,medium_airport,"Aurillac airport",44.891399,2.42194,2096,EU,France,FR,Auvergne-Rhône-Alpes,FR-ARA,ARA,Aurillac,1,LFLW,LFLW,AUR,,,https://en.wikipedia.org/wiki/Aurillac_Airport,,750,2025-08-18T15:45:57+00:00
4225,LFRZ,medium_airport,"Saint-Nazaire-Montoir Airport",47.31142,-2.152634,13,EU,France,FR,Pays-de-la-Loire,FR-PDL,PDL,Saint-Nazaire/Montoir,1,LFRZ,LFRZ,SNR,,,https://en.wikipedia.org/wiki/Saint-Nazaire_Montoir_Airport,,575,2024-04-10T17:29:44+00:00
29001,LFSL,medium_airport,"Brive Souillac airport",45.039722,1.485556,1016,EU,France,FR,Nouvelle-Aquitaine,FR-NAQ,NAQ,Brive,1,LFSL,LFSL,BVE,,http://www.aeroport-brive-vallee-dordogne.fr,https://fr.wikipedia.org/wiki/Aéroport_de_Brive-Souillac,"Vallee de la Dordogne, Brive-la-Gaillarde",500,2026-01-28T22:48:41+00:00
4217,LFRM,medium_airport,"Le Mans-Arnage Airport",47.948604,0.201702,194,EU,France,FR,Pays-de-la-Loire,FR-PDL,PDL,"Le Mans, Sarthe",1,LFRM,LFRM,LME,,https://aeroport.lemans.sarthe.cci.fr/,https://fr.wikipedia.org/wiki/A%C3%A9roport_Le_Mans-Arnage,,500,2024-08-07T14:22:55+00:00
4147,LFLX,medium_airport,"Châteauroux Déols airport",46.860221,1.728326,529,EU,France,FR,"Centre-Val de Loire",FR-CVL,CVL,Châteauroux,0,LFLX,LFLX,CHR,,https://chateauroux.aeroport.fr/#,https://en.wikipedia.org/wiki/Ch%C3%A2teauroux-D%C3%A9ols_%22Marcel_Dassault%22_Airport,,475,2025-08-18T15:58:20+00:00
4138,LFLM,medium_airport,"Mâcon-Charnay Airfield",46.295131,4.795977,728,EU,France,FR,Bourgogne-Franche-Comté,FR-BFC,BFC,"Charnay-lès-Mâcon, Saône-et-Loire",0,LFLM,,,,,https://fr.wikipedia.org/wiki/A%C3%A9rodrome_de_M%C3%A2con_-_Charnay,QNX,250,2024-10-28T12:12:34+00:00
28820,LFEC,small_airport,"Ouessant Airport",48.4632,-5.06358,142,EU,France,FR,Brittany,FR-BRE,BRE,Ushant,1,LFEC,LFEC,OUI,,,https://en.wikipedia.org/wiki/Ushant_Airport,,100,2026-01-29T00:32:18+00:00
28930,LFLR,small_airport,"Saint-Rambert-d'Albon Airfield",45.251531,4.826403,509,EU,France,FR,Auvergne-Rhône-Alpes,FR-ARA,ARA,"Albon, Drôme",0,LFLR,,,,,https://fr.wikipedia.org/wiki/A%C3%A9rodrome_de_Saint-Rambert-d'Albon,,50,2024-10-28T11:13:47+00:00
4113,LFHS,small_airport,"Bourg-Ceyzériat Airfield",46.200901,5.29203,857,EU,France,FR,Auvergne-Rhône-Alpes,FR-ARA,ARA,Bourg/Ceyzériat,0,LFHS,LFHS,,,,https://en.wikipedia.org/wiki/Bourg_-_Ceyz%C3%A9riat_Airport,,50,2024-01-05T10:10:45+00:00
4167,LFNH,small_airport,"Edgar Soumille Airfield",44.027689,5.084255,394,EU,France,FR,Provence-Alpes-Côte-d'Azur,FR-PAC,PAC,"Carpentras, Vaucluse",0,LFNH,,,,,https://fr.wikipedia.org/wiki/A%C3%A9rodrome_Edgar_Soumille,Pernes-les-Fontaines,50,2025-01-07T13:37:59+00:00
28929,LFLQ,small_airport,"Montélimar-Ancône Airfield",44.579883,4.738789,240,EU,France,FR,Auvergne-Rhône-Alpes,FR-ARA,ARA,"Montélimar, Drôme",0,LFLQ,,,,,https://fr.wikipedia.org/wiki/A%C3%A9rodrome_de_Mont%C3%A9limar_-_Anc%C3%B4ne,,50,2024-10-28T10:59:53+00:00
4240,LFTF,small_airport,"Cuers-Pierrefeu Airfield",43.247615,6.126654,266,EU,France,FR,Provence-Alpes-Côte-d'Azur,FR-PAC,PAC,"Pierrefeu-du-Var, Var",0,LFTF,,,,,https://fr.wikipedia.org/wiki/A%C3%A9rodrome_de_Cuers-Pierrefeu,,50,2024-10-30T09:33:23+00:00
4192,LFQA,small_airport,"Reims-Prunay Airfield",49.208698,4.15658,313,EU,France,FR,"Grand Est",FR-GES,GES,"Prunay, Marne",0,LFQA,,,,,https://en.wikipedia.org/wiki/Reims_%E2%80%93_Prunay_Aerodrome,"Aérodrome de Reims Prunay, Reims-Champagne, Reims",50,2024-06-22T21:39:31+00:00
28881,LFHF,small_airport,"Ruoms Airfield",44.444611,4.332755,361,EU,France,FR,Auvergne-Rhône-Alpes,FR-ARA,ARA,Ruoms,0,LFHF,,,,,https://fr.wikipedia.org/wiki/A%C3%A9rodrome_de_Ruoms,,50,2024-05-15T18:52:15+00:00
4237,FR-1241,closed,"Reims-Champagne (BA 112) Air Base",49.310001,4.05,312,EU,France,FR,"Grand Est",FR-GES,GES,"Bétheny, Marne",0,,,,,,,"LFSR, RHE",975,2025-02-25T14:38:03+00:00
4219,LFRO,medium_airport,"Lannion Airport",48.754398,-3.47166,290,EU,France,FR,Brittany,FR-BRE,BRE,Lannion,0,LFRO,LFRO,LAI,,http://www.lannion.aeroport.fr,https://en.wikipedia.org/wiki/Lannion_%E2%80%93_C%C3%B4te_de_Granit_Airport,"Servel Airport",750,2025-08-18T17:30:27+00:00
4173,LFOH,medium_airport,"Le Havre-Octeville Airport",49.534038,0.088406,313,EU,France,FR,Normandy,FR-NOR,NOR,"Le Havre",0,LFOH,LFOH,LEH,,https://www.lehavre.aeroport.fr/,https://en.wikipedia.org/wiki/Le_Havre_Octeville_Airport,,750,2024-04-12T20:28:50+00:00
4224,LFRV,medium_airport,"Vannes-Meucon Airport",47.723301,-2.71856,446,EU,France,FR,Brittany,FR-BRE,BRE,Vannes/Meucon,0,LFRV,LFRV,VNE,,http://www.vannes.aeroport.fr/,https://en.wikipedia.org/wiki/Meucon_Airport,,500,2025-02-04T21:53:27+00:00
4234,LFSN,medium_airport,"Nancy-Essey Airport",48.692101,6.23046,751,EU,France,FR,"Grand Est",FR-GES,GES,"Tomblaine, Meurthe-et-Moselle",0,LFSN,LFSN,ENC,,https://www.nancy.aeroport.fr/,https://en.wikipedia.org/wiki/Nancy-Essey_Airport,,475,2024-06-26T10:09:00+00:00
4203,LFQT,medium_airport,"Merville-Calonne Airport",50.618401,2.64224,61,EU,France,FR,Hauts-de-France,FR-HDF,HDF,"Merville, Nord",0,LFQT,LFQT,HZB,,https://aeroport-mervillelestrem.fr/,https://en.wikipedia.org/wiki/Merville%E2%80%93Calonne_Airport,,325,2024-06-22T12:23:58+00:00
4080,LFCH,medium_airport,"Aérodrome d'Arcachon-La Teste-de-Buch",44.596401,-1.11083,52,EU,France,FR,Nouvelle-Aquitaine,FR-NAQ,NAQ,"Arcachon/La Teste-de-Buch",0,LFCH,,,,https://www.agglo-cobas.fr/mobilites/aerodrome/,https://en.wikipedia.org/wiki/Arcachon_-_La_Teste-de-Buch_Airport,XAC,250,2023-11-08T19:56:39+00:00
4140,LFLO,medium_airport,"Roanne-Renaison Airport",46.053818,3.999023,1106,EU,France,FR,Auvergne-Rhône-Alpes,FR-ARA,ARA,Saint-Léger-sur-Roanne,0,LFLO,LFLO,RNE,,,https://fr.wikipedia.org/wiki/A%C3%A9roport_de_Roanne,,250,2024-04-12T17:41:53+00:00
4243,LFTZ,small_airport,"La Môle Airport",43.205399,6.482,59,EU,France,FR,Provence-Alpes-Côte-d'Azur,FR-PAC,PAC,Saint-Tropez,1,LFTZ,LFTZ,LTT,,https://www.sainttropez.aeroport.fr/en,https://en.wikipedia.org/wiki/La_M%C3%B4le_%E2%80%93_Saint-Tropez_Airport,"Golfe du Saint-Tropez, Saint-Tropez",150,2025-08-18T17:28:40+00:00
4199,LFQJ,small_airport,"Maubeuge-Élesmes Airfield",50.310501,4.03312,452,EU,France,FR,Hauts-de-France,FR-HDF,HDF,"Vieux-Reng, Nord",0,LFQJ,,,,,https://fr.wikipedia.org/wiki/A%C3%A9rodrome_de_Maubeuge_-_%C3%89lesmes,"Maubeuge-Vieux-Reng-Élesmes Airport, ",150,2024-06-28T17:03:48+00:00
28943,LFNG,small_airport,"Aérodrome de Montpellier - Candillargues",43.610298,4.07028,5,EU,France,FR,Occitanie,FR-OCC,OCC,,0,LFNG,,,,,https://fr.wikipedia.org/wiki/A%C3%A9rodrome_de_Montpellier_-_Candillargues,,50,2024-05-15T19:46:53+00:00
4054,LFAQ,small_airport,"Albert Bray airport",49.970049,2.693939,364,EU,France,FR,Hauts-de-France,FR-HDF,HDF,Albert,0,LFAQ,LFAQ,BYF,,https://www.aeroportalbertpicardie.com/en/home/,https://en.wikipedia.org/wiki/Albert_%E2%80%93_Picardie_Airport,"Albert-Bray, Amiens-Henry Potez",50,2025-08-18T15:43:20+00:00
4200,LFQM,small_airport,"Besançon La Vèze Airfield",47.206615,6.083168,1271,EU,France,FR,Bourgogne-Franche-Comté,FR-BFC,BFC,Besançon,0,LFQM,LFQM,,,,https://en.wikipedia.org/wiki/Besan%C3%A7on_%E2%80%93_La_V%C3%A8ze_Aerodrome,QBQ,50,2025-08-20T09:19:24+00:00
28786,LFBS,small_airport,"Biscarrosse Parentis airfield",44.3694,-1.13056,98,EU,France,FR,Nouvelle-Aquitaine,FR-NAQ,NAQ,Biscarrosse,0,LFBS,,,,,https://en.wikipedia.org/wiki/Biscarrosse_%E2%80%93_Parentis_Airport,,50,2025-08-18T15:49:12+00:00
28937,LFMX,small_airport,"Château-Arnoux-Saint-Auban Airfield",44.060001,5.99139,1509,EU,France,FR,Provence-Alpes-Côte-d'Azur,FR-PAC,PAC,"Château-Arnoux-Saint-Auban, Alpes-de-Haute-Provence",0,LFMX,,,,,https://en.wikipedia.org/wiki/Ch%C3%A2teau-Arnoux-Saint-Auban_Airport,,50,2024-10-30T13:23:47+00:00
28999,LFSJ,small_airport,"Sédan Douzy Airfield",49.659698,5.03778,512,EU,France,FR,"Grand Est",FR-GES,GES,Douzy,0,LFSJ,,,,,https://fr.wikipedia.org/wiki/A%C3%A9rodrome_de_Sedan_-_Douzy,,50,2024-05-15T20:03:19+00:00
28891,LFHU,small_airport,"L'Alpe d'Huez - Henri Giraud Altiport",45.087399,6.083604,6102,EU,France,FR,Auvergne-Rhône-Alpes,FR-ARA,ARA,"Huez, Isère",0,LFHU,LFHU,AHZ,,,https://fr.wikipedia.org/wiki/Altiport_de_l'Alpe_d'Huez,,50,2025-01-07T13:51:57+00:00
28924,LFKX,small_airport,"Méribel Altiport",45.407505,6.577597,5636,EU,France,FR,Auvergne-Rhône-Alpes,FR-ARA,ARA,"Les Allues",0,LFKX,LFKX,MFX,,,https://en.wikipedia.org/wiki/M%C3%A9ribel_Altiport,,50,2022-09-11T20:08:26+00:00
28819,LFEB,small_airport,"Dinan-Trélivan Airfield",48.443351,-2.103142,394,EU,France,FR,Brittany,FR-BRE,BRE,"Trélivan, Côtes-d'Armor",0,LFEB,LFEB,,,,https://fr.wikipedia.org/wiki/A%C3%A9rodrome_de_Dinan_-_Tr%C3%A9livan,,50,2026-01-29T00:19:39+00:00
4082,LFCK,medium_airport,"Castres Mazamet Airport",43.556301,2.28918,788,EU,France,FR,Occitanie,FR-OCC,OCC,Castres,1,LFCK,LFCK,DCM,,http://aeroport81.fr/,https://en.wikipedia.org/wiki/Castres-Mazamet_Airport,,750,2025-08-18T20:58:16+00:00
4204,LFQV,medium_airport,"Charleville-Mézières Ardennes-Etienne Riché Airfield",49.783901,4.64708,492,EU,France,FR,"Grand Est",FR-GES,GES,Charleville-Mézières,0,LFQV,LFQV,,,,https://fr.wikipedia.org/wiki/A%C3%A9rodrome_de_Charleville-M%C3%A9zi%C3%A8res,,475,2024-04-12T19:07:13+00:00
4145,LFLV,medium_airport,"Vichy-Charmeil Airport",46.16969,3.403637,817,EU,France,FR,Auvergne-Rhône-Alpes,FR-ARA,ARA,"Charmeil, Allier",0,LFLV,LFLV,VHY,,,https://en.wikipedia.org/wiki/Vichy_%E2%80%94_Charmeil_Airport,,375,2024-08-04T12:15:30+00:00
4057,LFAY,medium_airport,"Amiens Glisy Airfield",49.873004,2.387074,208,EU,France,FR,Hauts-de-France,FR-HDF,HDF,Amiens,0,LFAY,LFAY,,,,https://en.wikipedia.org/wiki/Amiens_%E2%80%93_Glisy_Aerodrome,"QAM, Aérodrome d'Amiens-Glisy",250,2025-08-20T09:20:59+00:00
4210,LFRF,medium_airport,"Granville Airport",48.883099,-1.56417,45,EU,France,FR,Normandy,FR-NOR,NOR,"Bréville-sur-Mer, Manche",0,LFRF,LFRF,GFR,,,https://fr.wikipedia.org/wiki/A%C3%A9rodrome_de_Granville-Mont-Saint-Michel,"Granville Mont-Saint-Michel",250,2024-08-07T13:44:11+00:00
4174,LFOI,medium_airport,"Abbeville-Buigny Baie de Somme Airfield",50.143501,1.831891,220,EU,France,FR,Hauts-de-France,FR-HDF,HDF,Buigny-Saint-Maclou,0,LFOI,LFOI,,,http://aeroclub-abbeville.fr/,https://fr.wikipedia.org/wiki/Aérodrome_d'Abbeville,"Aérodrome d'Abbeville",250,2025-05-09T07:37:17+00:00
4209,LFRE,medium_airport,"La Baule-Escoublac Airport",47.289398,-2.34639,105,EU,France,FR,Pays-de-la-Loire,FR-PDL,PDL,"La Baule-Escoublac",0,LFRE,LFRE,LBY,,,https://fr.wikipedia.org/wiki/A%C3%A9rodrome_de_La_Baule-Escoublac,,250,2024-04-12T17:59:30+00:00
4110,LFHO,medium_airport,"Aubenas-South Ardèche Airport",44.544367,4.372194,923,EU,France,FR,Auvergne-Rhône-Alpes,FR-ARA,ARA,"Lanas, Ardèche",0,LFHO,LFHO,OBS,,,https://en.wikipedia.org/wiki/Aubenas_Aerodrome,"Aubenas Ardèche Méridionale",250,2025-01-07T17:23:25+00:00
4181,LFOV,medium_airport,"Laval-Entrammes Airport",48.032208,-0.743999,330,EU,France,FR,Pays-de-la-Loire,FR-PDL,PDL,"Laval, Mayenne",0,LFOV,LFOV,LVA,,https://www.aeroport-laval.com/en/home/,https://fr.wikipedia.org/wiki/A%C3%A9roport_de_Laval_-_La_Mayenne,,250,2024-10-22T11:28:21+00:00
4101,LFEY,small_airport,"Île d'Yeu Airport",46.717641,-2.392544,79,EU,France,FR,Pays-de-la-Loire,FR-PDL,PDL,"Île d'Yeu",1,LFEY,LFEY,IDY,,,https://en.wikipedia.org/wiki/%C3%8Ele_d'Yeu_Aerodrome,,150,2024-05-15T15:49:54+00:00
28908,LFJD,small_airport,"Corlier Altiport",46.040531,5.494537,2762,EU,France,FR,Auvergne-Rhône-Alpes,FR-ARA,ARA,,0,LFJD,,,,,https://en.wikipedia.org/wiki/Corlier_Aerodrome,,50,2021-04-30T13:25:01+00:00
28928,FR-1249,closed,"Oyonnax-Arbent Airfield",46.278424,5.666342,1755,EU,France,FR,Auvergne-Rhône-Alpes,FR-ARA,ARA,"Arbent, Ain",0,,,,,,https://fr.wikipedia.org/wiki/A%C3%A9rodrome_d%27Oyonnax_-_Arbent,"Jean Coutty, Aérodrome d'Oyonnax-Arbent, Centre de Vol à Voile du Haut-Bugey, LFLK",50,2025-10-01T14:07:30+00:00
4134,LFLE,small_airport,"Chambéry Challes-les-Eaux Airfield",45.5611,5.97576,973,EU,France,FR,Auvergne-Rhône-Alpes,FR-ARA,ARA,Barby,0,LFLE,LFLE,,,https://www.aeroclubdechalles.com/,https://en.wikipedia.org/wiki/Chamb%C3%A9ry_Aerodrome,"Aérodrome de Chambéry Challes-les-Eaux",50,2025-08-18T22:43:53+00:00
28965,LFOR,small_airport,"Chartres-Métropole Airfield",48.457502,1.519843,509,EU,France,FR,"Centre-Val de Loire",FR-CVL,CVL,"Chartres, Eure-et-Loir",0,LFOR,,,,,https://en.wikipedia.org/wiki/Chartres_%E2%80%93_Champhol_Aerodrome,"Champhol, A-40",50,2025-01-06T00:20:00+00:00
4114,LFHV,small_airport,"Villefranche-Tarare Airfield",45.918314,4.635184,1076,EU,France,FR,Auvergne-Rhône-Alpes,FR-ARA,ARA,"Frontenas, Rhône",0,LFHV,LFHV,,,,https://en.wikipedia.org/wiki/Villefranche_-_Tarare_Airport,,50,2025-08-19T07:40:45+00:00
4085,LFCQ,small_airport,"Aérodrome de Graulhet-Montdragon",43.771099,2.01083,581,EU,France,FR,Occitanie,FR-OCC,OCC,Graulhet/Montdragon,0,LFCQ,LFCQ,,,,https://fr.wikipedia.org/wiki/A%C3%A9rodrome_de_Graulhet_-_Montdragon,,50,2024-05-15T17:00:51+00:00
4231,LFSH,small_airport,"Haguenau Airfield",48.794821,7.816129,491,EU,France,FR,"Grand Est",FR-GES,GES,Haguenau,0,LFSH,,,,,https://en.wikipedia.org/wiki/Haguenau_Airport,,50,2023-11-08T12:16:51+00:00
28996,LFRW,small_airport,"Avranches Le Val-Saint-Père Airfield",48.662255,-1.403685,26,EU,France,FR,Normandy,FR-NOR,NOR,"Le Val-Saint-Père, Manche",0,LFRW,,,,,https://fr.wikipedia.org/wiki/A%C3%A9rodrome_d%27Avranches_-_Le_Val-Saint-P%C3%A8re,,50,2024-08-07T13:47:02+00:00
28964,LFOO,small_airport,"Les Sables-d'Olonne Talmont Airport",46.476898,-1.72278,105,EU,France,FR,Pays-de-la-Loire,FR-PDL,PDL,"Les Sables-d'Olonne",0,LFOO,LFOO,LSO,,,https://fr.wikipedia.org/wiki/A%C3%A9rodrome_des_Sables-d%27Olonne-Talmont,Talmon-Saint-Hilaire,50,2024-04-12T17:50:02+00:00
4072,LFBR,small_airport,"Aérodrome de Muret - Lherm",43.448898,1.26333,622,EU,France,FR,Occitanie,FR-OCC,OCC,Muret/Lherm,0,LFBR,,,,https://www.muret-lherm.aero,https://fr.wikipedia.org/wiki/A%C3%A9rodrome_de_Muret_-_Lherm,,50,2020-05-12T14:36:26+00:00
4236,LFSP,small_airport,"Pontarlier Airfield",46.904032,6.326826,2683,EU,France,FR,Bourgogne-Franche-Comté,FR-BFC,BFC,"Pontarlier, Doubs",0,LFSP,,,,,https://en.wikipedia.org/wiki/Pontarlier_Airfield,,50,2024-06-25T13:16:01+00:00
28939,LFNC,small_airport,"Mont-Dauphin Saint-Crépin Airfield",44.701698,6.60028,2963,EU,France,FR,Provence-Alpes-Côte-d'Azur,FR-PAC,PAC,"Saint-Crépin, Hautes-Alpes",0,LFNC,LFNC,SCP,,http://www.stcrepin-aero.com/,https://fr.wikipedia.org/wiki/A%C3%A9rodrome_de_Mont-Dauphin_-_Saint-Cr%C3%A9pin,,50,2025-01-07T13:33:30+00:00
28935,LFMR,small_airport,"Barcelonnette - Saint-Pons Airfield",44.387198,6.608831,3714,EU,France,FR,Provence-Alpes-Côte-d'Azur,FR-PAC,PAC,"Saint-Pons, Alpes-de-Haute-Provence",0,LFMR,LFMR,BAE,,https://www.aerodromebarcelonnette.fr/,https://en.wikipedia.org/wiki/Barcelonnette_%E2%80%93_Saint-Pons_Airport,,50,2025-01-11T17:09:42+00:00
28812,LFDT,small_airport,"Aérodrome de Tarbes Laloubère",43.215269,0.077304,1076,EU,France,FR,Occitanie,FR-OCC,OCC,Tarbes,0,LFDT,,,,https://www.aerobigorre.org/,https://fr.wikipedia.org/wiki/A%C3%A9rodrome_de_Tarbes_-_Laloub%C3%A8re,XTB,50,2024-04-29T18:02:15+00:00
28888,LFHN,small_airport,"Bellegarde-Vouvray Airfield",46.123336,5.804858,1624,EU,France,FR,Auvergne-Rhône-Alpes,FR-ARA,ARA,"Valserhône, Ain",0,LFHN,,,,,https://fr.wikipedia.org/wiki/A%C3%A9rodrome_de_Bellegarde_-_Vouvray#Histoire,"Aérodrome de Bellegarde-Vouvray",50,2024-08-19T04:19:38+00:00
4074,LFBU,medium_airport,"Angoulême Brie-Champniers airport",45.729198,0.221456,436,EU,France,FR,Nouvelle-Aquitaine,FR-NAQ,NAQ,Angoulême,0,LFBU,LFBU,ANG,,https://angouleme-airport.com/,https://en.wikipedia.org/wiki/Angoul%C3%AAme_-_Brie_-_Champniers_Airport,,750,2025-08-18T15:44:52+00:00
4230,LFSG,medium_airport,"Épinal Mirecourt Airport",48.325001,6.06998,1084,EU,France,FR,"Grand Est",FR-GES,GES,Épinal,0,LFSG,LFSG,EPL,,http://www.epinal-mirecourt.aeroport.fr,https://en.wikipedia.org/wiki/%C3%89pinal_%E2%80%93_Mirecourt_Airport,,750,2025-08-18T17:18:31+00:00
4066,LFBK,medium_airport,"Montluçon-Guéret Airport",46.222599,2.36396,1497,EU,France,FR,Nouvelle-Aquitaine,FR-NAQ,NAQ,"Lépaud, Creuse",0,LFBK,LFBK,MCU,,https://aerodrome-montlucon-gueret.fr/,https://en.wikipedia.org/wiki/Montlu%C3%A7on_%E2%80%93_Gu%C3%A9ret_Airport,,575,2024-08-01T14:20:34+00:00
4213,LFRI,medium_airport,"La Roche-sur-Yon Les Ajoncs Airport",46.7019,-1.37863,299,EU,France,FR,Pays-de-la-Loire,FR-PDL,PDL,"La Roche-sur-Yon",0,LFRI,LFRI,EDM,,,https://fr.wikipedia.org/wiki/A%C3%A9rodrome_de_La_Roche-sur-Yon_-_Les_Ajoncs,,375,2025-08-18T17:29:19+00:00
4160,LFMS,medium_airport,"Aérodrome d'Alès Cévennes",44.069698,4.14212,668,EU,France,FR,Occitanie,FR-OCC,OCC,Alès/Deaux,0,LFMS,,,,,https://fr.wikipedia.org/wiki/A%C3%A9rodrome_d%27Al%C3%A8s_C%C3%A9vennes,,250,2024-05-15T19:45:27+00:00
4078,LFCC,medium_airport,"Cahors Lalbenque airport",44.351398,1.47528,912,EU,France,FR,Occitanie,FR-OCC,OCC,Cahors,0,LFCC,LFCC,ZAO,,,https://fr.wikipedia.org/wiki/A%C3%A9rodrome_de_Cahors_-_Lalbenque,,250,2025-08-18T15:52:19+00:00
4089,LFCY,medium_airport,"Royan-Médis Airport",45.628101,-0.9725,72,EU,France,FR,Nouvelle-Aquitaine,FR-NAQ,NAQ,Royan/Médis,0,LFCY,LFCY,RYN,,,https://en.wikipedia.org/wiki/Royan_%E2%80%93_M%C3%A9dis_Aerodrome,,250,2024-04-07T06:32:11+00:00
4106,LFGF,small_airport,"Beaune-Challanges Airfield",47.005901,4.89342,656,EU,France,FR,Bourgogne-Franche-Comté,FR-BFC,BFC,Beaune/Challanges,0,LFGF,,,,,https://fr.wikipedia.org/wiki/A%C3%A9rodrome_de_Beaune_-_Challanges,,150,2024-05-15T18:45:48+00:00
4178,LFOQ,small_airport,"Blois Le Breuil Airfield",47.678502,1.20884,398,EU,France,FR,"Centre-Val de Loire",FR-CVL,CVL,Blois,0,LFOQ,LFOQ,,,,https://fr.wikipedia.org/wiki/A%C3%A9rodrome_de_Blois_-_Le_Breuil,"XBQ, Aérodrome de Blois-Le Breuil",150,2025-08-18T19:22:24+00:00
4171,LFOD,small_airport,"Aérodrome de Saumur - Saint-Florent",47.256802,-0.115142,269,EU,France,FR,Pays-de-la-Loire,FR-PDL,PDL,Saumur/Saint-Florent,0,LFOD,,,,,https://fr.wikipedia.org/wiki/A%C3%A9rodrome_de_Saumur_-_Saint-Florent,,150,2024-05-15T19:52:49+00:00
28818,LFEA,small_airport,"Aérodrome de Belle Île",47.325256,-3.201255,171,EU,France,FR,Brittany,FR-BRE,BRE,Bangor,1,LFEA,LFEA,BIC,,,https://fr.wikipedia.org/wiki/Aérodrome_de_Belle-Île,"Palais-Belle-İle-en-Mer Aerodrome",100,2025-10-04T16:40:41+00:00
28910,LFJF,small_airport,"Aérodrome d'Aubenasson",44.6945,5.15111,810,EU,France,FR,Auvergne-Rhône-Alpes,FR-ARA,ARA,,0,LFJF,,,,,https://fr.wikipedia.org/wiki/A%C3%A9rodrome_d%27Aubenasson,,50,2024-05-15T19:03:31+00:00
28801,LFDC,small_airport,"Aérodrome de Montendre-Marcillac",45.274399,-0.452222,148,EU,France,FR,Nouvelle-Aquitaine,FR-NAQ,NAQ,,0,LFDC,,,,,https://fr.wikipedia.org/wiki/A%C3%A9rodrome_de_Montendre_-_Marcillac,,50,2024-05-15T17:24:02+00:00
28971,LFPD,small_airport,"Bernay-Saint-Martin Airfield",49.102351,0.565882,554,EU,France,FR,Normandy,FR-NOR,NOR,"Bernay, Eure",0,LFPD,,,,,https://fr.wikipedia.org/wiki/A%C3%A9rodrome_de_Bernay_-_Saint-Martin,,50,2025-01-15T16:34:12+00:00
28974,LFPH,small_airport,"Chelles-le-Pin Airfield",48.896568,2.606206,207,EU,France,FR,Île-de-France,FR-IDF,IDF,"Chelles, Seine-et-Marne",0,LFPH,,,,,https://fr.wikipedia.org/wiki/A%C3%A9rodrome_de_Chelles_-_Le_Pin,"Aérodrome de Chelles-le-Pin",50,2024-07-23T11:43:17+00:00
28885,LFHJ,small_airport,"Lyon Corbas Airfield",45.654202,4.91361,650,EU,France,FR,Auvergne-Rhône-Alpes,FR-ARA,ARA,Corbas,0,LFHJ,,,,,https://fr.wikipedia.org/wiki/A%C3%A9rodrome_de_Lyon_-_Corbas,,50,2024-08-01T12:41:40+00:00
4129,LFKT,small_airport,"Aérodrome de Corte",42.2919,9.189,1132,EU,France,FR,Corsica,FR-COR,COR,Corte,0,LFKT,,,,,https://fr.wikipedia.org/wiki/A%C3%A9rodrome_de_Corte,,50,2024-04-29T18:10:28+00:00
28863,LFGL,small_airport,"Lons-le-Saunier Courlaoux Airfield",46.675046,5.46911,761,EU,France,FR,Bourgogne-Franche-Comté,FR-BFC,BFC,Courlaoux,0,LFGL,,,,,https://fr.wikipedia.org/wiki/A%C3%A9rodrome_de_Lons-le-Saunier_-_Courlaoux,,50,2024-06-18T12:06:31+00:00
28772,LFAE,small_airport,"Eu Mers-Le Tréport Airfield",50.068168,1.424748,328,EU,France,FR,Normandy,FR-NOR,NOR,Eu,0,LFAE,LFAE,,,,https://fr.wikipedia.org/wiki/A%C3%A9rodrome_d%27Eu_-_Mers_-_Le_Tr%C3%A9port,,50,2025-08-19T09:03:13+00:00
28968,LFOX,small_airport,"Étampes-Mondésir Airfield",48.381901,2.07528,494,EU,France,FR,Île-de-France,FR-IDF,IDF,"Guillerval, Essonne",0,LFOX,,,,,https://fr.wikipedia.org/wiki/A%C3%A9rodrome_d%27%C3%89tampes_-_Mond%C3%A9sir,,50,2025-01-08T00:53:31+00:00
28879,LFHD,small_airport,"Pierrelatte Airfield",44.397601,4.717646,197,EU,France,FR,Auvergne-Rhône-Alpes,FR-ARA,ARA,"La Garde-Adhémar, Drôme",0,LFHD,,,,,https://fr.wikipedia.org/wiki/A%C3%A9rodrome_de_Pierrelatte,,50,2024-10-28T10:58:26+00:00
28976,LFPP,small_airport,"Le Plessis-Belleville Airfield",49.108837,2.736138,387,EU,France,FR,Hauts-de-France,FR-HDF,HDF,"Le Plessis-Belleville",0,LFPP,,,,,https://fr.wikipedia.org/wiki/A%C3%A9rodrome_du_Plessis-Belleville,,50,2020-04-27T10:24:13+00:00
4090,LFCZ,small_airport,"Aérodrome de Mimizan",44.145928,-1.16432,164,EU,France,FR,Nouvelle-Aquitaine,FR-NAQ,NAQ,Mimizan,0,LFCZ,,,,,https://fr.wikipedia.org/wiki/A%C3%A9rodrome_de_Mimizan,,50,2024-05-15T17:19:56+00:00
28953,LFNU,small_airport,"Uzès-Belvezet Airfield",44.082146,4.393926,886,EU,France,FR,Occitanie,FR-OCC,OCC,"Mont-Lozère-et-Goulet, Lozère",0,LFNU,,,,,https://fr.wikipedia.org/wiki/A%C3%A9rodrome_d%27Uz%C3%A8s,,50,2024-10-28T10:51:56+00:00
4105,LFGB,small_airport,"Mulhouse-Habsheim Airfield",47.741299,7.43221,788,EU,France,FR,"Grand Est",FR-GES,GES,Mulhouse/Habsheim,0,LFGB,,,,,https://en.wikipedia.org/wiki/Mulhouse%E2%80%93Habsheim_Airfield,,50,2024-05-15T08:22:09+00:00
28876,LFGZ,small_airport,"Nuits-Saint-Georges Airfield",47.142032,4.968538,797,EU,France,FR,Bourgogne-Franche-Comté,FR-BFC,BFC,"Nuits-Saint-Georges, Côte-d'Or",0,LFGZ,,,,,https://fr.wikipedia.org/wiki/A%C3%A9rodrome_de_Nuits-Saint-Georges,"Aérodrome de Nuits-Saint-Georges",50,2024-06-22T17:11:23+00:00
29004,LFSW,small_airport,"Épernay Plivot Airfield",49.004461,4.085342,289,EU,France,FR,"Grand Est",FR-GES,GES,"Plivot, Marne",0,LFSW,,,,http://www.aeroclub-epernay.com/,https://fr.wikipedia.org/wiki/A%C3%A9rodrome_d%27%C3%89pernay_-_Plivot,,50,2024-06-22T21:34:55+00:00
28857,LFGC,small_airport,"Strasbourg Neuhof Airfield",48.553263,7.776604,456,EU,France,FR,"Grand Est",FR-GES,GES,Strasbourg,0,LFGC,,,,,https://fr.wikipedia.org/wiki/A%C3%A9rodrome_de_Strasbourg-Neuhof,"Strasbourg Polygone",50,2024-05-15T18:44:52+00:00
4121,LFJR,medium_airport,"Angers Marcé airport",47.560299,-0.312222,194,EU,France,FR,Pays-de-la-Loire,FR-PDL,PDL,Angers,0,LFJR,LFJR,ANE,,https://www.angers.aeroport.fr/en,https://en.wikipedia.org/wiki/Angers_–_Loire_Airport,"Marcé Airport.",750,2025-08-18T15:44:15+00:00
4139,LFLN,medium_airport,"Saint-Yan Airport",46.414019,4.014177,796,EU,France,FR,Bourgogne-Franche-Comté,FR-BFC,BFC,"L'Hôpital-le-Mercier, Saône-et-Loire",0,LFLN,LFLN,SYT,,http://www.aeroportsaintyan.fr/,https://en.wikipedia.org/wiki/Saint-Yan_Airport,,575,2024-12-04T15:40:07+00:00
4201,LFQP,medium_airport,"Phalsbourg-Bourscheid Air Base",48.766203,7.200551,1017,EU,France,FR,"Grand Est",FR-GES,GES,Bourscheid,0,LFQP,,,,,https://fr.wikipedia.org/wiki/Base_a%C3%A9rienne_de_Phalsbourg-Bourscheid,,450,2024-04-12T19:05:52+00:00
4175,LFOJ,medium_airport,"Orléans-Bricy (BA 123) Air Base",47.987801,1.76056,412,EU,France,FR,"Centre-Val de Loire",FR-CVL,CVL,"Boulay-les-Barres, Loiret",0,LFOJ,,,,,https://en.wikipedia.org/wiki/Orl%C3%A9ans_-_Bricy_Air_Base,,375,2024-08-07T22:08:54+00:00
4214,LFRJ,medium_airport,"Landivisiau Air Base",48.5303,-4.15164,348,EU,France,FR,Brittany,FR-BRE,BRE,Landivisiau,0,LFRJ,LFRJ,LDV,,,https://fr.wikipedia.org/wiki/Base_d%27a%C3%A9ronautique_navale_de_Landivisiau,,375,2024-04-12T18:07:09+00:00
4081,LFCI,medium_airport,"Albi Le Sequestre airport",43.913898,2.11306,564,EU,France,FR,Occitanie,FR-OCC,OCC,Albi,0,LFCI,LFCI,LBI,,,https://fr.wikipedia.org/wiki/A%C3%A9rodrome_d%27Albi_-_Le_Sequestre,,325,2025-08-18T15:43:37+00:00
4076,LFBX,medium_airport,"Périgueux-Bassillac Airport",45.198101,0.815556,328,EU,France,FR,Nouvelle-Aquitaine,FR-NAQ,NAQ,Périgueux/Bassillac,0,LFBX,LFBX,PGX,,,https://en.wikipedia.org/wiki/P%C3%A9rigueux_Bassillac_Airport,,325,2024-04-07T06:31:36+00:00
4097,LFDN,medium_airport,"Rochefort-Saint-Agnant (BA 721) Airport",45.887798,-0.983056,60,EU,France,FR,Nouvelle-Aquitaine,FR-NAQ,NAQ,Rochefort/Saint-Agnant,0,LFDN,LFDN,RCO,,,https://fr.wikipedia.org/wiki/A%C3%A9roport_de_Rochefort_-_Charente-Maritime,,325,2024-04-12T17:38:55+00:00
4150,LFMC,medium_airport,"Le Luc-Le Cannet Airfield",43.384701,6.38714,265,EU,France,FR,Provence-Alpes-Côte-d'Azur,FR-PAC,PAC,"Le Cannet-des-Maures, Var",0,LFMC,,,,,https://en.wikipedia.org/wiki/Le_Luc_%E2%80%93_Le_Cannet_Airport,,300,2024-10-30T09:58:55+00:00
4164,LFMY,medium_airport,"Salon-de-Provence (BA 701) Air Base",43.6064,5.10925,195,EU,France,FR,Provence-Alpes-Côte-d'Azur,FR-PAC,PAC,Salon,0,LFMY,,,,,https://en.wikipedia.org/wiki/Salon-de-Provence_Air_Base,,300,2024-04-12T18:54:34+00:00
4246,LFXA,medium_airport,"Ambérieu Air Base (BA 278)",45.987301,5.32844,823,EU,France,FR,Auvergne-Rhône-Alpes,FR-ARA,ARA,Ambérieu,0,LFXA,,,,,https://en.wikipedia.org/wiki/Amb%C3%A9rieu-en-Bugey_Air_Base,,250,2024-05-14T11:02:37+00:00
4093,LFDH,medium_airport,"Auch Gers Airfield",43.683606,0.599747,411,EU,France,FR,Occitanie,FR-OCC,OCC,Auch,0,LFDH,LFDH,,,"http://www.auchaeroport.fr/ (dead link as of 17-sep-2017)",https://fr.wikipedia.org/wiki/Aéroport_Auch_-_Gers,Lamothe,250,2025-08-20T09:19:57+00:00
4223,LFRU,medium_airport,"Morlaix-Ploujean Airport",48.6031990051,-3.81577992439,272,EU,France,FR,Brittany,FR-BRE,BRE,Morlaix/Ploujean,0,LFRU,LFRU,MXN,,,https://en.wikipedia.org/wiki/Morlaix_%E2%80%93_Ploujean_Airport,,250,2012-11-22T14:36:10+00:00
4069,LFBN,medium_airport,"Niort - Marais Poitevin Airport",46.313477,-0.394529,203,EU,France,FR,Nouvelle-Aquitaine,FR-NAQ,NAQ,Niort/Souché,0,LFBN,LFBN,NIT,,,https://fr.wikipedia.org/wiki/A%C3%A9rodrome_de_Niort_-_Marais_Poitevin,,250,2024-04-12T17:32:53+00:00
4109,LFGW,medium_airport,"Verdun-Le Rozelier Airfield",49.122398,5.46905,1230,EU,France,FR,"Grand Est",FR-GES,GES,Sommedieue,0,LFGW,,,,,https://en.wikipedia.org/wiki/Verdun-Le-Rozelier_Airport,"Verdun Sommedieue",250,2024-04-12T18:51:06+00:00
4135,LFLH,small_airport,"Chalon Champforgeuil Airfield",46.825813,4.817646,623,EU,France,FR,Bourgogne-Franche-Comté,FR-BFC,BFC,"Châlon sur Saône",0,LFLH,LFLH,,,,https://en.wikipedia.org/wiki/Chalon_-_Champforgeuil_Airfield,XCD,150,2025-08-18T22:15:04+00:00
4111,LFHP,small_airport,"Le Puy-Loudes Airfield",45.0807,3.76289,2731,EU,France,FR,Auvergne-Rhône-Alpes,FR-ARA,ARA,"Chaspuzac, Haute-Loire",1,LFHP,LFHP,LPY,,,https://en.wikipedia.org/wiki/Le_Puy_-_Loudes_Airport,,150,2025-03-28T19:29:58+00:00
4092,LFDB,small_airport,"Aérodrome Morin - Védrines",44.0257,1.37804,351,EU,France,FR,Occitanie,FR-OCC,OCC,Montauban,0,LFDB,LFDB,,,,https://fr.wikipedia.org/wiki/A%C3%A9rodrome_de_Montauban,,150,2026-01-28T21:55:14+00:00
28789,LFCB,small_airport,"Aérodrome de Bagnères de Luchon",42.799999,0.6,2028,EU,France,FR,Occitanie,FR-OCC,OCC,,0,LFCB,,,,,https://fr.wikipedia.org/wiki/A%C3%A9rodrome_de_Bagn%C3%A8res-de-Luchon,,50,2024-05-15T16:50:50+00:00
28901,LFIP,small_airport,"Altiport de Peyresourde Balestas",42.796723,0.436503,5190,EU,France,FR,Occitanie,FR-OCC,OCC,,0,LFIP,,,,,https://fr.wikipedia.org/wiki/Altiport_de_Peyresourde-Balestas,,50,2022-09-11T21:12:10+00:00
28941,LFNE,small_airport,"Aérodrome d'Eyguières",43.658298,5.01361,246,EU,France,FR,Provence-Alpes-Côte-d'Azur,FR-PAC,PAC,,0,LFNE,,,,,https://fr.wikipedia.org/wiki/A%C3%A9rodrome_de_Salon_-_Eygui%C3%A8res,,50,2024-05-15T19:46:29+00:00
28880,LFHE,small_airport,"Aérodrome de Romans - Saint-Paul",45.066101,5.10333,594,EU,France,FR,Auvergne-Rhône-Alpes,FR-ARA,ARA,,0,LFHE,,,,,https://fr.wikipedia.org/wiki/A%C3%A9rodrome_de_Romans_-_Saint-Paul,,50,2024-05-15T18:52:02+00:00
28909,LFJE,small_airport,"Altiport de La Motte Chalancon",44.4958,5.40285,2887,EU,France,FR,Auvergne-Rhône-Alpes,FR-ARA,ARA,,0,LFJE,,,,https://www.altisurfacelamotte-lfje.fr/,https://fr.wikipedia.org/wiki/Altiport_de_La_Motte-Chalancon,,50,2024-08-11T11:20:42+00:00
28826,LFEL,small_airport,"Le Blanc Airfield",46.6208,1.0875,377,EU,France,FR,"Centre-Val de Loire",FR-CVL,CVL,,0,LFEL,,,,,https://fr.wikipedia.org/wiki/A%C3%A9rodrome_du_Blanc,,50,2024-05-15T18:27:24+00:00
28795,LFCO,small_airport,"Oloron Herrere Airfield",43.163503,-0.561494,984,EU,France,FR,Nouvelle-Aquitaine,FR-NAQ,NAQ,,0,LFCO,,,,,https://fr.wikipedia.org/wiki/A%C3%A9rodrome_d%27Oloron_-_Herr%C3%A8re,,50,2024-08-07T21:37:51+00:00
28796,LFCP,small_airport,"Pons Avy Airfield",45.57,-0.515,117,EU,France,FR,Nouvelle-Aquitaine,FR-NAQ,NAQ,,0,LFCP,,,,,https://fr.wikipedia.org/wiki/A%C3%A9rodrome_de_Pons_-_Avy,,50,2024-05-15T17:00:20+00:00
28802,LFDE,small_airport,"Aérodrome d'Égletons",45.421398,2.06889,1857,EU,France,FR,Nouvelle-Aquitaine,FR-NAQ,NAQ,,0,LFDE,,,,,"http://wikipedia.fr/Aérodrome d'Égletons",,50,2021-08-26T04:05:22+00:00
28811,LFDS,small_airport,"Sarlat Domme Airfield",44.791707,1.247068,978,EU,France,FR,Nouvelle-Aquitaine,FR-NAQ,NAQ,,0,LFDS,,,,,https://fr.wikipedia.org/wiki/A%C3%A9rodrome_de_Sarlat_-_Domme,XSL,50,2024-05-15T18:20:08+00:00
28912,LFJI,small_airport,"Aérodrome de Marennes - Le Bournet",45.825001,-1.07667,16,EU,France,FR,Nouvelle-Aquitaine,FR-NAQ,NAQ,,0,LFJI,,,,,https://fr.wikipedia.org/wiki/A%C3%A9rodrome_de_Marennes,,50,2024-05-15T19:19:54+00:00
29019,FR-1262,closed,"Rochefort Soubise Airfield",45.930801,-0.995278,13,EU,France,FR,Nouvelle-Aquitaine,FR-NAQ,NAQ,,0,,,,,,,"LFXR, LFXR",50,2025-02-25T14:48:54+00:00
4091,LFDA,small_airport,"Aire-sur-l'Adour Airfield",43.7094,-0.245278,259,EU,France,FR,Nouvelle-Aquitaine,FR-NAQ,NAQ,Aire-sur-Adour,0,LFDA,,,,,https://fr.wikipedia.org/wiki/A%C3%A9rodrome_d%27Aire-sur-l%27Adour,,50,2024-05-15T17:22:46+00:00
28793,LFCJ,small_airport,"Aérodrome de Jonzac Neulles",45.4842,-0.421389,128,EU,France,FR,Nouvelle-Aquitaine,FR-NAQ,NAQ,Albi,0,LFCJ,,,,,https://fr.wikipedia.org/wiki/A%C3%A9rodrome_de_Jonzac_-_Neulles,,50,2024-05-15T16:53:58+00:00
28959,LFOF,small_airport,"Alençon-Valframbert Airfield",48.446568,0.107996,479,EU,France,FR,Normandy,FR-NOR,NOR,"Alençon, Orne",0,LFOF,,,,,https://fr.wikipedia.org/wiki/A%C3%A9rodrome_d%27Alen%C3%A7on_-_Valframbert,,50,2025-01-08T09:32:20+00:00
28884,LFHI,small_airport,"Morestel Airfield",45.686905,5.452244,804,EU,France,FR,Auvergne-Rhône-Alpes,FR-ARA,ARA,"Arandon-Passins, Isère",0,LFHI,,,,,https://fr.wikipedia.org/wiki/A%C3%A9rodrome_de_Morestel,,50,2024-10-30T20:50:33+00:00
28970,LFPA,small_airport,"Persan-Beaumont Airfield",49.165798,2.31306,148,EU,France,FR,Île-de-France,FR-IDF,IDF,"Bernes-sur-Oise, Val-d'Oise",0,LFPA,,,,,https://en.wikipedia.org/wiki/Persan-Beaumont_Airport,"Aérodrome de Persan-Beaumont",50,2024-06-22T13:12:39+00:00
28797,LFCS,small_airport,"Aérodrome de Bordeaux-Léognan-Saucats",44.700298,-0.595556,190,EU,France,FR,Nouvelle-Aquitaine,FR-NAQ,NAQ,Bordeaux-Saucats,0,LFCS,,,,,https://fr.wikipedia.org/wiki/A%C3%A9rodrome_de_Bordeaux_-_L%C3%A9ognan_-_Saucats,,50,2024-05-15T17:02:04+00:00
28823,LFEI,small_airport,"Briare Châtillon Airfield",47.614399,2.78194,539,EU,France,FR,"Centre-Val de Loire",FR-CVL,CVL,"Briare, Loiret",0,LFEI,,,,,https://fr.wikipedia.org/wiki/A%C3%A9rodrome_de_Briare_-_Ch%C3%A2tillon,,50,2025-01-07T13:25:21+00:00
28936,LFMW,small_airport,"Aérodrome de Castelnaudary-Villeneuve",43.312199,1.92111,551,EU,France,FR,Occitanie,FR-OCC,OCC,"Castelnaudary Villeneuve",0,LFMW,,,,,https://fr.wikipedia.org/wiki/A%C3%A9rodrome_de_Castelnaudary_-_Villeneuve,,50,2024-04-12T19:18:12+00:00
28923,LFKP,small_airport,"La Tour-de-Pin Airfield",45.554924,5.385867,1050,EU,France,FR,Auvergne-Rhône-Alpes,FR-ARA,ARA,"Cessieu, Isère",0,LFKP,,,,,https://fr.wikipedia.org/wiki/A%C3%A9rodrome_de_La_Tour-du-Pin_-_Cessieu,,50,2024-10-31T18:52:25+00:00
4194,LFQC,small_airport,"Lunéville-Croismare Airfield",48.593262,6.545419,790,EU,France,FR,"Grand Est",FR-GES,GES,Chanteheux,0,LFQC,,,,,https://en.wikipedia.org/wiki/Lun%C3%A9ville-Croismare_Airport,,50,2024-05-15T08:17:06+00:00
28979,LFPX,small_airport,"Chavenay-Villepreux Airfield",48.842323,1.9805,426,EU,France,FR,Île-de-France,FR-IDF,IDF,"Chavenay, Yvelines",0,LFPX,LFPX,,,,https://fr.wikipedia.org/wiki/A%C3%A9rodrome_de_Chavenay_-_Villepreux,,50,2024-06-22T14:15:00+00:00
28998,LFSE,small_airport,"Épinal Dogneville Airfield",48.211899,6.44917,1040,EU,France,FR,"Grand Est",FR-GES,GES,Dogneville,0,LFSE,,,,,https://fr.wikipedia.org/wiki/A%C3%A9rodrome_d%27%C3%89pinal_-_Dogneville,,50,2024-05-15T20:02:59+00:00
28933,LFMF,small_airport,"Fayence-Tourrettes Airfield",43.609576,6.697369,741,EU,France,FR,Provence-Alpes-Côte-d'Azur,FR-PAC,PAC,"Fayence, Var",0,LFMF,,,,,https://en.wikipedia.org/wiki/Fayence-Tourrettes_Airfield,Tourrettes,50,2025-01-29T10:19:37+00:00
28977,LFPQ,small_airport,"Fontenay-Trésigny Aerodrome",48.706276,2.902849,371,EU,France,FR,Île-de-France,FR-IDF,IDF,Fontenay-Trésigny,0,LFPQ,,,,,https://fr.wikipedia.org/wiki/A%C3%A9rodrome_de_Fontenay-Tr%C3%A9signy,"Aérodrome de Fontenay-Trésigny",50,2024-06-21T11:37:38+00:00
28919,LFKG,small_airport,"Aérodrome de Ghisonaccia - Alzitone",42.053387,9.400241,177,EU,France,FR,Corsica,FR-COR,COR,GHISONACCIA,0,LFKG,LFKG,,,https://aerodromudiaghisunaccia.com/,https://en.wikipedia.org/wiki/Ghisonaccia_Alzitone_Airport,,50,2025-09-03T09:59:41+00:00
28972,LFPE,small_airport,"Meaux-Esbly Airfield",48.927462,2.833457,217,EU,France,FR,Île-de-France,FR-IDF,IDF,"Isles-lès-Villenoy, Seine-et-Marne",0,LFPE,,,,,https://fr.wikipedia.org/wiki/A%C3%A9rodrome_de_Meaux_-_Esbly,"Aérodrome de Meaux-Esbly",50,2024-06-22T13:06:46+00:00
30241,LFPI,heliport,"Paris Issy-les-Moulineaux Heliport",48.832987,2.273043,112,EU,France,FR,Île-de-France,FR-IDF,IDF,"Issy-les-Moulineaux, Hauts-de-Seine",0,LFPI,,,,,https://fr.wikipedia.org/wiki/H%C3%A9liport_de_Paris_-_Issy-les-Moulineaux_-_Val%C3%A9rie-Andr%C3%A9,JDP,50,2024-06-22T14:11:40+00:00
4108,LFGK,small_airport,"Joigny Airfield",47.994462,3.392715,732,EU,France,FR,Bourgogne-Franche-Comté,FR-BFC,BFC,"Joigny, Yonne",0,LFGK,,,,,https://fr.wikipedia.org/wiki/A%C3%A9rodrome_de_Joigny,,50,2024-06-22T16:14:37+00:00
4165,LFMZ,small_airport,"Lézignan-Corbières Airfield",43.1758,2.73417,207,EU,France,FR,Occitanie,FR-OCC,OCC,Lézignan-Corbières,0,LFMZ,,,,,https://fr.wikipedia.org/wiki/A%C3%A9rodrome_de_L%C3%A9zignan-Corbi%C3%A8res,,50,2024-05-15T19:46:15+00:00
4084,LFCM,small_airport,"Millau-Larzac Airfield",43.9893,3.183,2606,EU,France,FR,Occitanie,FR-OCC,OCC,Millau/Larzac,0,LFCM,,,,https://www.larzac-airport.com/fr-fr/,https://fr.wikipedia.org/wiki/A%C3%A9rodrome_de_Millau-Larzac,,50,2024-05-15T16:54:44+00:00
43438,FR-0098,small_airport,"Narbonne Airfield",43.194168,3.051667,10,EU,France,FR,Occitanie,FR-OCC,OCC,"Narbonne, Aude",0,LFNN,,,,,https://fr.wikipedia.org/wiki/A%C3%A9rodrome_de_Narbonne-Vinassan,,50,2025-01-07T13:43:03+00:00
28932,LFME,small_airport,"Nîmes Courbessac Airfield",43.853901,4.41361,197,EU,France,FR,Occitanie,FR-OCC,OCC,Nîmes,0,LFME,,,,,https://fr.wikipedia.org/wiki/A%C3%A9rodrome_de_N%C3%AEmes-Courbessac,,50,2024-05-15T19:44:10+00:00
28805,LFDK,small_airport,"Soulac Sur Mer Airfield",45.494999,-1.08222,7,EU,France,FR,Nouvelle-Aquitaine,FR-NAQ,NAQ,Pamiers,0,LFDK,,,,,https://fr.wikipedia.org/wiki/A%C3%A9rodrome_de_Soulac-sur-Mer,,50,2024-05-15T17:29:28+00:00
4098,LFED,small_airport,"Pontivy Airfield",48.05674,-2.920818,407,EU,France,FR,Brittany,FR-BRE,BRE,Pontivy,0,LFED,LFED,,,,https://fr.wikipedia.org/wiki/A%C3%A9rodrome_de_Pontivy,,50,2026-01-29T00:36:36+00:00
28770,LFAB,small_airport,"Dieppe-Saint-Aubin Airport",49.884662,1.08101,344,EU,France,FR,Normandy,FR-NOR,NOR,Saint-Aubin-sur-Scie,0,LFAB,LFAB,DPE,,,https://fr.wikipedia.org/wiki/A%C3%A9rodrome_de_Dieppe_-_Saint-Aubin,,50,2024-04-12T17:30:17+00:00
28966,LFOS,small_airport,"Saint-Valery-Vittefleur Airfield",49.83516,0.655281,272,EU,France,FR,Normandy,FR-NOR,NOR,Saint-Sylvain,0,LFOS,,,,,https://fr.wikipedia.org/wiki/A%C3%A9rodrome_de_Saint-Valery_-_Vittefleur,"Aérodrome de Saint-Valery-Vittefleur",50,2024-05-15T19:53:34+00:00
43646,FR-0304,small_airport,"Saint-Roch Mayères Altisurface",45.94923,6.587126,5118,EU,France,FR,Auvergne-Rhône-Alpes,FR-ARA,ARA,Sallanches,0,,,,LF7430,,,,50,2024-05-15T10:04:07+00:00
28990,LFQU,small_airport,"Sarre-Union Airfield",48.950944,7.078468,837,EU,France,FR,"Grand Est",FR-GES,GES,Sarre-Union,0,LFQU,,,,,https://fr.wikipedia.org/wiki/A%C3%A9rodrome_de_Sarre-Union,,50,2024-05-15T19:59:11+00:00
28992,LFQY,small_airport,"Saverne Steinbourg Airfield",48.753392,7.425402,630,EU,France,FR,"Grand Est",FR-GES,GES,Saverne,0,LFQY,,,,http://aeroclub.saverne.pagesperso-orange.fr/,https://fr.wikipedia.org/wiki/A%C3%A9rodrome_de_Saverne-Steinbourg,,50,2019-10-24T09:36:48+00:00
28868,LFGQ,small_airport,"Semur-en-Auxois Airfield",47.480998,4.342976,1053,EU,France,FR,Bourgogne-Franche-Comté,FR-BFC,BFC,"Semur-en-Auxois, Côte-d'Or",0,LFGQ,,,,,https://fr.wikipedia.org/wiki/A%C3%A9rodrome_de_Semur-en-Auxois,,50,2024-06-22T17:18:08+00:00
28914,LFJS,small_airport,"Soissons-Courmelles Airfield",49.344978,3.282681,509,EU,France,FR,Hauts-de-France,FR-HDF,HDF,"Soissons, Aisne",0,LFJS,,,,,https://fr.wikipedia.org/wiki/A%C3%A9rodrome_de_Soissons_-_Courmelles,"Aérodrome de Soissons - Courmelles",50,2024-06-22T12:54:10+00:00
28828,LFEN,small_airport,"Tours Sorigny Airfield",47.266071,0.698691,299,EU,France,FR,"Centre-Val de Loire",FR-CVL,CVL,"Sorigny, Indre-et-Loire",0,LFEN,,,,,https://fr.wikipedia.org/wiki/A%C3%A9rodrome_de_Tours_-_Sorigny,,50,2025-01-07T16:35:03+00:00
4115,LFHY,small_airport,"Moulins-Montbeugny Airfield",46.534599,3.42372,915,EU,France,FR,Auvergne-Rhône-Alpes,FR-ARA,ARA,Toulon-sur-Allier,0,LFHY,LFHY,,,,https://en.wikipedia.org/wiki/Moulins_-_Montbeugny_Airport,"XMU, Aérodrome de Moulins-Montbeugny",50,2024-12-01T10:57:09+00:00
2988,LF51,small_airport,"Plan-de-Dieu-Orange Airfield",44.18,4.91889,312,EU,France,FR,Provence-Alpes-Côte-d'Azur,FR-PAC,PAC,"Travaillan, Vaucluse",0,LFPR,,,LF8451,http://www.aeroclubduplandedieu.fr,https://fr.wikipedia.org/wiki/A%C3%A9rodrome_d%27Orange_Plan_de_Dieu,,50,2024-10-30T16:02:55+00:00
28951,LFNS,small_airport,"Sistéron-Vaumeilh Airfield",44.286471,5.929086,1772,EU,France,FR,Provence-Alpes-Côte-d'Azur,FR-PAC,PAC,"Vaumeilh, Alpes-de-Haute-Provence",0,LFNS,,,,http://www.aerodrome-sisteron.com,https://fr.wikipedia.org/wiki/A%C3%A9rodrome_de_Sisteron-Vaumeilh,Sistéron-Thèze,50,2024-10-30T13:26:47+00:00
28963,LFON,small_airport,"Dreux Vernouillet Airfield",48.70543,1.361155,443,EU,France,FR,"Centre-Val de Loire",FR-CVL,CVL,"Vernouillet, Yvelines",0,LFON,,,,,https://fr.wikipedia.org/wiki/A%C3%A9rodrome_de_Dreux_-_Vernouillet,,50,2025-01-08T00:58:57+00:00
4168,LFOA,medium_airport,"Avord (BA 702) Air Base",47.053299,2.6325,580,EU,France,FR,"Centre-Val de Loire",FR-CVL,CVL,Avord,0,LFOA,,,,,https://en.wikipedia.org/wiki/Avord_Air_Base,,750,2021-08-01T09:59:29+00:00
35155,FR-JCA,heliport,"Cannes Croisette Heliport",43.535287,7.038296,,EU,France,FR,Provence-Alpes-Côte-d'Azur,FR-PAC,PAC,"Cannes, Alpes-Maritimes",1,,,,,,,"Palm Beach",625,2024-10-30T14:47:13+00:00
4191,LFPV,medium_airport,"Vélizy-Villacoublay Air Base",48.774406,2.203102,584,EU,France,FR,Île-de-France,FR-IDF,IDF,"Vélizy-Villacoublay, Yvelines",0,LFPV,,VIY,,,https://en.wikipedia.org/wiki/V%C3%A9lizy_%E2%80%93_Villacoublay_Air_Base,"BA 107",599,2024-06-22T13:27:35+00:00
4229,FR-1240,closed,"Metz-Frescaty (BA 128) Air Base",49.073415,6.132946,629,EU,France,FR,"Grand Est",FR-GES,GES,Augny,0,,,,,,,"LFSF, MZM",575,2025-02-25T14:38:02+00:00
4172,LFOE,medium_airport,"Évreux-Fauville (BA 105) Air Base",49.028702,1.21986,464,EU,France,FR,Normandy,FR-NOR,NOR,"Fauville, Eure",0,LFOE,LFOE,EVX,,,https://en.wikipedia.org/wiki/%C3%89vreux-Fauville_Air_Base,,575,2025-01-08T01:02:39+00:00
4059,LFBC,medium_airport,"Cazaux (BA 120) Air Base",44.533298,-1.125,84,EU,France,FR,Nouvelle-Aquitaine,FR-NAQ,NAQ,"Cazaux (La Teste-de-Buch)",0,LFBC,,,,,https://en.wikipedia.org/wiki/Cazaux_Air_Base,,500,2024-04-12T18:48:11+00:00
4153,LFMI,medium_airport,"Istres-Le Tubé Air Base",43.522701,4.92384,82,EU,France,FR,Provence-Alpes-Côte-d'Azur,FR-PAC,PAC,"Istres, Bouches-du-Rhône",0,LFMI,LFMI,,,,https://en.wikipedia.org/wiki/Istres-Le_Tub%C3%A9_Air_Base,"Istres Air Base, BA125, Base aérienne 125 Istres, Pôle aéronautique Jean Sarrail",475,2025-01-15T16:13:49+00:00
4157,LFMO,medium_airport,"Orange-Caritat (BA 115) Air Base",44.140499,4.86672,197,EU,France,FR,Provence-Alpes-Côte-d'Azur,FR-PAC,PAC,"Orange, Vaucluse",0,LFMO,,,,,https://en.wikipedia.org/wiki/Orange-Caritat_Air_Base,,475,2025-01-29T14:14:39+00:00
4063,LFBG,medium_airport,"Cognac-Châteaubernard (BA 709) Air Base",45.658298,-0.3175,102,EU,France,FR,Nouvelle-Aquitaine,FR-NAQ,NAQ,Cognac/Châteaubernard,0,LFBG,LFBG,CNG,,,https://en.wikipedia.org/wiki/Cognac_%E2%80%93_Ch%C3%A2teaubernard_Air_Base,,375,2024-04-07T06:24:51+00:00
4232,LFSI,medium_airport,"Saint-Dizier – Robinson Air Base",48.636002,4.89942,458,EU,France,FR,"Grand Est",FR-GES,GES,Saint-Dizier,0,LFSI,,,,,https://en.wikipedia.org/wiki/Saint-Dizier_%E2%80%93_Robinson_Air_Base,"BA 113",300,2022-10-30T11:39:15+00:00
4235,LFSO,medium_airport,"Nancy-Ochey (BA 133) Air Base",48.583099,5.955,1106,EU,France,FR,"Grand Est",FR-GES,GES,Thuilley-aux-Groseilles,0,LFSO,,,,,https://en.wikipedia.org/wiki/Nancy_%E2%80%93_Ochey_Air_Base,,300,2024-05-15T08:17:52+00:00
4062,LFBF,medium_airport,"Toulouse-Francazal (BA 101) Air Base",43.545601,1.3675,535,EU,France,FR,Occitanie,FR-OCC,OCC,Toulouse/Francazal,0,LFBF,,,,https://www.toulouse-francazal.aeroport.fr/,https://fr.wikipedia.org/wiki/A%C3%A9roport_de_Toulouse_Francazal,,300,2024-05-15T16:45:03+00:00
4133,LFLD,medium_airport,"Bourges airport",47.060158,2.369633,529,EU,France,FR,"Centre-Val de Loire",FR-CVL,CVL,Bourges,0,LFLD,LFLD,BOU,,https://www.bourges.aeroport.fr/en,https://en.wikipedia.org/wiki/Bourges_Airport,,250,2025-08-18T15:51:18+00:00
4170,LFOC,medium_airport,"Châteaudun Airfield",48.057907,1.379309,433,EU,France,FR,"Centre-Val de Loire",FR-CVL,CVL,"Châteaudun, Eure-et-Loir",0,LFOC,,,,https://airchateaudun.com/,https://en.wikipedia.org/wiki/Ch%C3%A2teaudun_Air_Base,,250,2025-01-08T01:04:51+00:00
4205,LFQW,medium_airport,"Vesoul-Frotey Airfield",47.638588,6.204443,1249,EU,France,FR,Bourgogne-Franche-Comté,FR-BFC,BFC,"Frotey-lès-Vesoul, Haute-Saône",0,LFQW,,,,,https://fr.wikipedia.org/wiki/A%C3%A9rodrome_de_Vesoul_-_Frotey,,250,2024-06-25T13:03:30+00:00
4051,LFAG,medium_airport,"Péronne Saint-Quentin Airfield",49.868871,3.029566,295,EU,France,FR,Hauts-de-France,FR-HDF,HDF,"Monchy-Lagache, Somme",0,LFAG,LFAG,,,,https://en.wikipedia.org/wiki/Peronne-St_Quentin_Airfield,"Aérodrome de Péronne Saint-Quentin",250,2025-10-04T17:03:15+00:00
4056,LFAV,medium_airport,"Valenciennes-Denain Airfield",50.327823,3.461061,165,EU,France,FR,Hauts-de-France,FR-HDF,HDF,Prouvy,0,LFAV,LFAV,,,,https://en.wikipedia.org/wiki/Valenciennes-Denain_Airport,,250,2025-10-04T18:02:17+00:00
4079,LFCG,medium_airport,"Aérodrome de Saint-Girons - Antichan",43.007801,1.10315,1368,EU,France,FR,Occitanie,FR-OCC,OCC,Saint-Girons/Antichan,0,LFCG,,,,,https://fr.wikipedia.org/wiki/A%C3%A9rodrome_de_Saint-Girons_-_Antichan,,250,2024-04-12T19:12:32+00:00
4180,LFOU,small_airport,"Cholet Le Pontreau airfield",47.0821,-0.877064,443,EU,France,FR,Pays-de-la-Loire,FR-PDL,PDL,Cholet,0,LFOU,LFOU,CET,,,https://en.wikipedia.org/wiki/Cholet_Le_Pontreau_Airport,,150,2025-08-18T22:56:12+00:00
4094,LFDI,small_airport,"Libourne-Artigues-de-Lussac Airfield",44.98347,-0.138359,157,EU,France,FR,Nouvelle-Aquitaine,FR-NAQ,NAQ,Libourne/Artigues-de-Lussac,0,LFDI,,,,,https://fr.wikipedia.org/wiki/A%C3%A9rodrome_de_Libourne_-_Artigues-de-Lussac,,150,2024-05-15T17:26:57+00:00
28872,LFGU,small_airport,"Sarreguemines Neunkirch Airfield",49.128101,7.10833,853,EU,France,FR,"Grand Est",FR-GES,GES,,0,LFGU,,,,,https://fr.wikipedia.org/wiki/A%C3%A9rodrome_de_Sarreguemines_-_Neunkirch,,50,2024-05-15T18:49:36+00:00
29014,FR-1258,closed,"Bitche Army Air Base",49.06007,7.45009,984,EU,France,FR,"Grand Est",FR-GES,GES,,0,,,,,,,"LFXG, LFXG",50,2025-02-25T14:48:54+00:00
529022,FR-0935,small_airport,"Pont toussaint Airfield",50.350833,3.774722,397,EU,France,FR,Hauts-de-France,FR-HDF,HDF,,0,,,,LF5954,,,,50,2024-05-13T17:12:04+00:00
28788,LFCA,small_airport,"Aérodrome de Châtellerault-Targé",46.781399,0.551944,207,EU,France,FR,Nouvelle-Aquitaine,FR-NAQ,NAQ,,0,LFCA,,,,,https://fr.wikipedia.org/wiki/A%C3%A9rodrome_de_Ch%C3%A2tellerault_-_Targ%C3%A9,,50,2024-04-29T17:58:57+00:00
28803,LFDF,small_airport,"Aérodrome de Sainte-Foy-la-Grande",44.8536,0.176667,282,EU,France,FR,Nouvelle-Aquitaine,FR-NAQ,NAQ,,0,LFDF,,,,,https://fr.wikipedia.org/wiki/A%C3%A9rodrome_de_Sainte-Foy-la-Grande,,50,2024-05-15T17:25:02+00:00
28808,LFDP,small_airport,"St Pierre d'Oléron Airfield",45.959202,-1.31611,20,EU,France,FR,Nouvelle-Aquitaine,FR-NAQ,NAQ,,0,LFDP,,,,http://ac.oleron.free.fr,https://fr.wikipedia.org/wiki/A%C3%A9rodrome_de_Saint-Pierre-d%27Ol%C3%A9ron,,50,2024-05-15T18:15:01+00:00
28814,LFDV,small_airport,"Couhé Vérac Airfield",46.2728,0.190556,499,EU,France,FR,Nouvelle-Aquitaine,FR-NAQ,NAQ,,0,LFDV,,,,,https://fr.wikipedia.org/wiki/A%C3%A9rodrome_de_Couh%C3%A9_-_V%C3%A9rac,,50,2024-05-15T18:22:57+00:00
28817,LFDY,small_airport,"Bordeaux Yvrac Airfield",44.876049,-0.480416,240,EU,France,FR,Nouvelle-Aquitaine,FR-NAQ,NAQ,,0,LFDY,,,,,https://fr.wikipedia.org/wiki/A%C3%A9rodrome_de_Bordeaux_-_Yvrac,,50,2024-05-15T18:24:21+00:00
28895,LFIB,small_airport,"Aérodrome de Belvès Saint-Pardoux",44.782501,0.958889,791,EU,France,FR,Nouvelle-Aquitaine,FR-NAQ,NAQ,,0,LFIB,,,,,https://fr.wikipedia.org/wiki/A%C3%A9rodrome_de_Belv%C3%A8s_-_Saint-Pardoux,,50,2024-05-15T18:55:04+00:00
28897,LFIH,small_airport,"Chalais Airfield",45.268101,0.016944,285,EU,France,FR,Nouvelle-Aquitaine,FR-NAQ,NAQ,,0,LFIH,,,,,https://fr.wikipedia.org/wiki/A%C3%A9rodrome_de_Chalais,,50,2024-05-15T18:57:35+00:00
28906,LFIY,small_airport,"St Jean d'Angély Airfield",45.964993,-0.523374,246,EU,France,FR,Nouvelle-Aquitaine,FR-NAQ,NAQ,,0,LFIY,,,,,https://fr.wikipedia.org/wiki/A%C3%A9rodrome_de_Saint-Jean-d%27Ang%C3%A9ly_-_Saint-Denis-du-Pin,,50,2024-05-15T19:01:34+00:00
29012,LFXB,small_airport,"Saintes Thénac Airfield",45.7019,-0.636111,118,EU,France,FR,Nouvelle-Aquitaine,FR-NAQ,NAQ,,0,LFXB,,,,,,,50,2024-05-15T20:20:44+00:00
506406,FR-0158,small_airport,"Bournizeaux Airfield",46.88053,-0.28448,430,EU,France,FR,Nouvelle-Aquitaine,FR-NAQ,NAQ,,0,,,,,https://www.bournizeaux.com/pilot-info/,,"PPR, Private",50,2024-05-13T20:08:38+00:00
28896,LFID,small_airport,"Aérodrome de Condom - Valence-sur-Baïse",43.910301,0.387222,444,EU,France,FR,Occitanie,FR-OCC,OCC,,0,LFID,,,,,https://fr.wikipedia.org/wiki/A%C3%A9rodrome_de_Condom_-_Valence-sur-Ba%C3%AFse,,50,2024-05-15T18:55:26+00:00
28949,LFNQ,small_airport,"Mont Louis La Quillane Airfield",42.543598,2.12,5610,EU,France,FR,Occitanie,FR-OCC,OCC,,0,LFNQ,,,,,https://fr.wikipedia.org/wiki/A%C3%A9rodrome_de_Mont-Louis_-_La_Quillane,,50,2024-05-15T19:50:55+00:00
29007,LFTN,small_airport,"La Grand'combe Airfield",44.2444,4.01222,1647,EU,France,FR,Occitanie,FR-OCC,OCC,,0,LFTN,,,,,https://fr.wikipedia.org/wiki/A%C3%A9rodrome_de_La_Grand%27Combe,,50,2024-05-15T20:16:32+00:00
29027,LFYS,small_airport,"Ste Léocadie Airfield",42.447201,2.01083,4331,EU,France,FR,Occitanie,FR-OCC,OCC,,0,LFYS,,,,,https://fr.wikipedia.org/wiki/A%C3%A9rodrome_de_Sainte-L%C3%A9ocadie,,50,2024-05-15T20:25:40+00:00
333895,FR-0406,small_airport,"Vallon des Bergons",43.020745,-0.178995,3445,EU,France,FR,Occitanie,FR-OCC,OCC,,0,,,,LF6536,https://basulm.ffplum.fr/PDF/LF6536.pdf,,bergons,50,2020-04-17T17:27:14+00:00
28958,LFNZ,small_airport,"Le Mazet De Romanin Airfield",43.768902,4.89361,387,EU,France,FR,Provence-Alpes-Côte-d'Azur,FR-PAC,PAC,,0,LFNZ,,,,,https://fr.wikipedia.org/wiki/A%C3%A9rodrome_du_Mazet_de_Romanin,,50,2024-05-15T19:52:33+00:00
29009,LFTQ,small_airport,"Châteaubriant Pouancé Airfield",47.739562,-1.189519,322,EU,France,FR,Pays-de-la-Loire,FR-PDL,PDL,,0,LFTQ,,,,,https://fr.wikipedia.org/wiki/A%C3%A9rodrome_de_Ch%C3%A2teaubriant_-_Pouanc%C3%A9,,50,2024-05-15T20:17:58+00:00
28878,LFHC,small_airport,"Aérodrome de Pérouges - Meximieux",45.869701,5.18722,702,EU,France,FR,Auvergne-Rhône-Alpes,FR-ARA,ARA,,0,LFHC,,,,,https://fr.wikipedia.org/wiki/A%C3%A9rodrome_de_P%C3%A9rouges_-_Meximieux,,50,2024-05-15T18:51:47+00:00
28894,FR-1247,closed,"Ancien aérodrome de Sallanches Mont-Blanc",45.953899,6.63917,1755,EU,France,FR,Auvergne-Rhône-Alpes,FR-ARA,ARA,,0,,,,,,,"LFHZ, LFHZ",50,2025-02-25T14:48:53+00:00
28918,LFKE,small_airport,"Saint-Jean-en-Royans Airfield",45.027802,5.31,866,EU,France,FR,Auvergne-Rhône-Alpes,FR-ARA,ARA,,0,LFKE,,,,,https://fr.wikipedia.org/wiki/A%C3%A9rodrome_de_Saint-Jean-en-Royans,,50,2024-05-15T19:28:42+00:00
28931,LFLZ,small_airport,"Aérodrome de Feurs - Chambéon",45.70622,4.19734,1096,EU,France,FR,Auvergne-Rhône-Alpes,FR-ARA,ARA,,0,LFLZ,,,,,https://fr.wikipedia.org/wiki/A%C3%A9rodrome_de_Feurs_-_Chamb%C3%A9on,,50,2024-05-15T19:43:39+00:00
315432,LFSS,small_airport,"Saint Sulpice des Landes",47.791667,-1.643611,312,EU,France,FR,Brittany,FR-BRE,BRE,,0,LFSS,,,,,,,50,2024-05-15T20:06:22+00:00
4102,LFFI,small_airport,"Ancenis Airfield",47.4081,-1.1775,111,EU,France,FR,Pays-de-la-Loire,FR-PDL,PDL,Ancenis,0,LFFI,,,,,https://fr.wikipedia.org/wiki/A%C3%A9rodrome_d%27Ancenis,,50,2024-05-15T18:35:29+00:00
28790,LFCD,small_airport,"Aérodrome d'Andernos",44.755,-1.065,66,EU,France,FR,Nouvelle-Aquitaine,FR-NAQ,NAQ,Andernos-les-Bains,0,LFCD,,,,,https://fr.wikipedia.org/wiki/A%C3%A9rodrome_d%27Andernos-les-Bains,,50,2024-05-15T16:51:58+00:00
28840,LFFE,small_airport,"Enghien-Moisselles Airfield",49.046016,2.353976,335,EU,France,FR,Île-de-France,FR-IDF,IDF,"Attainville, Val-d'Oise",0,LFFE,,,,,https://en.wikipedia.org/wiki/Enghien_Moisselles_Airfield,,50,2024-06-22T13:12:07+00:00
4196,LFQF,small_airport,"Autun-Bellevue Airfield",46.967277,4.260925,997,EU,France,FR,Bourgogne-Franche-Comté,FR-BFC,BFC,"Autun, Saône-et-Loire",0,LFQF,,,,,https://fr.wikipedia.org/wiki/A%C3%A9rodrome_d%27Autun-Bellevue,,50,2025-01-08T09:17:48+00:00
43640,FR-0298,small_airport,"Altisurface de Morzine-Avoriaz",46.196667,6.759722,5709,EU,France,FR,Auvergne-Rhône-Alpes,FR-ARA,ARA,Avoriaz,0,,,,LF7427,,,,50,2024-05-14T11:21:42+00:00
28835,LFEX,small_airport,"Nancy Azelot Airfield",48.59347,6.241035,961,EU,France,FR,"Grand Est",FR-GES,GES,"Azelot, Meurthe-et-Moselle",0,LFEX,,,,,https://fr.wikipedia.org/wiki/A%C3%A9rodrome_de_Nancy_-_Azelot,,50,2024-06-26T10:09:29+00:00
28987,LFQO,small_airport,"Marcq-en-Baroeul Airfield",50.687199,3.07556,69,EU,France,FR,Hauts-de-France,FR-HDF,HDF,Bondues,0,LFQO,,,,,https://en.wikipedia.org/wiki/Marcq-en-Baroeul_Airport,"Aérodrome de Lille/Marcq-en-Barœul, Aérodrome de Marcq-en-Barœul/Bondues, Advanced Landing Ground B-57 Lille/Wambrechie",50,2023-12-23T13:44:21+00:00
28921,LFKL,small_airport,"Lyon Brindas Airfield",45.710544,4.696675,1040,EU,France,FR,Auvergne-Rhône-Alpes,FR-ARA,ARA,"Brindas, Rhône",0,LFKL,,,,,https://fr.wikipedia.org/wiki/A%C3%A9rodrome_de_Lyon_-_Brindas,,50,2024-10-30T15:51:08+00:00
28871,LFGT,small_airport,"Sarrebourg Buhl Airfield",48.716875,7.074316,873,EU,France,FR,"Grand Est",FR-GES,GES,Buhl-Lorraine,0,LFGT,,,,,https://fr.wikipedia.org/wiki/A%C3%A9rodrome_de_Sarrebourg_-_Buhl,,50,2024-05-15T18:49:02+00:00
28848,LFFQ,small_airport,"Cerny-La Ferté Alais Airfield",48.498571,2.336891,453,EU,France,FR,Île-de-France,FR-IDF,IDF,"Cerny, Essonne",0,LFFQ,,,,https://www.musee-volant-salis.fr/,https://fr.wikipedia.org/wiki/A%C3%A9rodrome_de_La_Fert%C3%A9-Alais,"Jean-Baptiste Salis, Plateau Ardenay, AVA, Aero Vintage Academy, Salis",50,2024-11-14T04:39:12+00:00
43605,FR-0263,small_airport,"Col du Béal Altiport",45.680777,3.789052,4823,EU,France,FR,Auvergne-Rhône-Alpes,FR-ARA,ARA,"Chalmazel-Jeansagnière, Loire",0,,,,LF4221,,,,50,2024-10-24T15:41:04+00:00
28842,LFFH,small_airport,"Château-Thierry-Belleau Airfield",49.066753,3.355465,728,EU,France,FR,Hauts-de-France,FR-HDF,HDF,"Château-Thierry, Aisne",0,LFFH,,,,,https://en.wikipedia.org/wiki/Ch%C3%A2teau-Thierry_%E2%80%93_Belleau_Aerodrome,,50,2024-06-22T12:59:21+00:00
28860,LFGG,small_airport,"Belfort Chaux Airfield",47.700732,6.831265,1368,EU,France,FR,Bourgogne-Franche-Comté,FR-BFC,BFC,Chaux,0,LFGG,,,,,https://en.wikipedia.org/wiki/Belfort_Chaux_Airport,,50,2024-05-15T08:27:10+00:00
43596,FR-0254,small_airport,"Cipières Alpes d'Azur Ultralight Airfield",43.779447,6.865206,3789,EU,France,FR,Provence-Alpes-Côte-d'Azur,FR-PAC,PAC,"Cipières, Alpes-Maritimes",0,,,,LF0652,,,,50,2025-01-29T21:08:41+00:00
43597,FR-0255,small_airport,"Clamensane Altisurface",44.314371,6.071514,2933,EU,France,FR,Provence-Alpes-Côte-d'Azur,FR-PAC,PAC,"Clamensane, Alpes-de-Haute-Provence",0,,,,LF0421,,,"Trois Fontaines",50,2024-10-30T13:29:41+00:00
4052,LFAI,small_airport,"Nangis-Les Loges Aerodrome",48.596199,3.00679,428,EU,France,FR,Île-de-France,FR-IDF,IDF,Clos-Fontaine,0,LFAI,LFAI,,,,https://en.wikipedia.org/wiki/Nangis_-_Les_Loges_aerodrome,"Aérodrome de Nangis Les Loges",50,2025-10-04T17:07:44+00:00
333578,FR-0392,small_airport,"Col de Bacchus Airstrip",44.8531,5.168788,3200,EU,France,FR,Auvergne-Rhône-Alpes,FR-ARA,ARA,"Col de Bacchus",0,,,,LF2623,,,,50,2020-03-13T23:14:11+00:00
329110,FR-0374,small_airport,"Corbonod-Seyssel Private Airfield",45.9618,5.8178,1175,EU,France,FR,Auvergne-Rhône-Alpes,FR-ARA,ARA,"Corbonod, Ain",0,,,,LF0151,,,,50,2024-07-23T11:46:02+00:00
28874,LFGX,small_airport,"Champagnole-Crotenay Airfield",46.763032,5.819664,1745,EU,France,FR,Bourgogne-Franche-Comté,FR-BFC,BFC,"Crotenay, Jura",0,LFGX,,,,,https://fr.wikipedia.org/wiki/A%C3%A9rodrome_de_Champagnole_-_Crotenay,"Aérodrome de Champagnole - Crotenay",50,2024-06-22T17:00:32+00:00
28854,LFFX,small_airport,"Tournus Cuisery Airfield",46.56206,4.975629,689,EU,France,FR,Bourgogne-Franche-Comté,FR-BFC,BFC,"Cuisery, Saône-et-Loire",0,LFFX,,,,,,,50,2024-10-28T11:47:01+00:00
28957,FR-1275,small_airport,"Saint-Étienne-en-Dévoluy AltiSurface",44.667877,5.904735,6201,EU,France,FR,Provence-Alpes-Côte-d'Azur,FR-PAC,PAC,Dévoluy,0,,,,LF0538,,,,50,2025-03-08T22:53:22+00:00
28821,LFEF,small_airport,"Amboise Dierre Airfield",47.339771,0.945861,180,EU,France,FR,"Centre-Val de Loire",FR-CVL,CVL,"Dierre, Indre-et-Loire",0,LFEF,LFEF,,,http://www.ailestourangelles.fr/en/,https://fr.wikipedia.org/wiki/A%C3%A9rodrome_d%27Amboise_-_Dierre,,50,2026-01-29T01:44:49+00:00
28984,LFQK,small_airport,"Châlons - Écury-sur-Coole Airfield",48.905107,4.352703,319,EU,France,FR,"Grand Est",FR-GES,GES,Écury-sur-Coole,0,LFQK,,,,,https://fr.wikipedia.org/wiki/A%C3%A9rodrome_de_Ch%C3%A2lons_-_%C3%89cury-sur-Coole,"Farman Clément Aeroclub",50,2024-05-15T19:58:32+00:00
29011,FR-1256,closed,"Fréjus Airport",43.417524,6.735697,33,EU,France,FR,Provence-Alpes-Côte-d'Azur,FR-PAC,PAC,"Fréjus, Var",0,,,,,,https://en.wikipedia.org/wiki/Frejus_Airport,"FRJ, LFTU",50,2025-02-25T14:48:54+00:00
28804,LFDG,small_airport,"Aérodrome de Gaillac - Lisle-sur-Tarn",43.8839,1.87556,446,EU,France,FR,Occitanie,FR-OCC,OCC,Gaillac,0,LFDG,LFDG,,,,https://fr.wikipedia.org/wiki/A%C3%A9rodrome_de_Gaillac_-_Lisle-sur-Tarn,,50,2024-05-15T17:26:23+00:00
28775,LFAK,small_airport,"Dunkerque-Les Moëres Airfield",51.039559,2.549129,-3,EU,France,FR,Hauts-de-France,FR-HDF,HDF,Ghyvelde,0,LFAK,LFAK,,,http://www.aeroclub-dunkerque.com/,https://en.wikipedia.org/wiki/Dunkerque_%E2%80%93_Les_Mo%C3%ABres_Airfield,"Dunkirk, Dunkerque Aeroclub",50,2025-10-04T17:14:21+00:00
29018,LFXQ,small_airport,"Coëtquidan Air Base",47.943056,-2.185872,499,EU,France,FR,Brittany,FR-BRE,BRE,Guer,0,LFXQ,,,,,,,50,2024-05-15T20:24:29+00:00
4100,LFES,small_airport,"Guiscriff Scaer Airfield",48.052502,-3.66472,574,EU,France,FR,Brittany,FR-BRE,BRE,Guiscriff,0,LFES,,,,,https://fr.wikipedia.org/wiki/A%C3%A9rodrome_de_Guiscriff_-_Sca%C3%ABr,,50,2024-05-15T18:29:30+00:00
28867,LFGP,small_airport,"Saint-Florentin - Chéu Airfield",47.98019,3.775583,351,EU,France,FR,Bourgogne-Franche-Comté,FR-BFC,BFC,"Jaulges, Yonne",0,LFGP,,,,,https://fr.wikipedia.org/wiki/A%C3%A9rodrome_de_Saint-Florentin_-_Ch%C3%A9u,,50,2024-07-23T11:44:12+00:00
43636,FR-0294,small_airport,"Altisurface de l'Escoulin",44.816111,5.220278,2345,EU,France,FR,Auvergne-Rhône-Alpes,FR-ARA,ARA,L'Escoulin,0,,,,LF2624,https://www.afpm.fr/Terrains/Terrains_Montagne.php,,,50,2024-05-14T10:19:43+00:00
28776,LFAL,small_airport,"La Flèche-Thorée-les-Pins Airfield",47.69261,-0.002198,120,EU,France,FR,Pays-de-la-Loire,FR-PDL,PDL,"La Flèche, Sarthe",0,LFAL,LFAL,,,http://www.aeroclublafleche.fr/,https://fr.wikipedia.org/wiki/Aérodrome_de_La_Flèche_-_Thorée-les-Pins,,50,2025-10-04T17:22:12+00:00
28782,LFAU,small_airport,"Aérodrome de Vauville",49.622775,-1.830688,456,EU,France,FR,Normandy,FR-NOR,NOR,"La Hague",0,LFAU,LFAU,,,http://vvvauville.free.fr/,,,50,2025-10-04T17:56:13+00:00
28940,FR-1250,closed,"Pont-Saint-Esprit Airfield",44.269402,4.65333,144,EU,France,FR,Occitanie,FR-OCC,OCC,"Lamotte-du-Rhône, Vaucluse",0,,,,,,,LFND,50,2025-02-25T14:48:53+00:00
28773,LFAF,small_airport,"Laon-Chambry Airfield",49.595798,3.63167,256,EU,France,FR,Hauts-de-France,FR-HDF,HDF,"Laon, Aisne",0,LFAF,LFAF,,,,https://fr.wikipedia.org/wiki/A%C3%A9rodrome_de_Laon_-_Chambry,XLN,50,2025-10-04T16:58:59+00:00
28980,FR-1252,closed,"Brétigny-sur-Orge Air Base",48.5961,2.33222,270,EU,France,FR,Île-de-France,FR-IDF,IDF,"Le Plessis-Pâté, Essonne",0,,,,,,,LFPY,50,2025-02-25T14:48:53+00:00
43652,FR-0309,small_airport,"Val Thorens Altiport",45.281685,6.569465,8100,EU,France,FR,Auvergne-Rhône-Alpes,FR-ARA,ARA,"Les Belleville, Savoie",0,,,,LF7327,,,,50,2025-01-29T13:54:16+00:00
28832,LFEU,small_airport,"Bar-le-Duc Airfield",48.867519,5.185068,909,EU,France,FR,"Grand Est",FR-GES,GES,"Les Hauts-de-Chée",0,LFEU,LFEU,,,,https://fr.wikipedia.org/wiki/A%C3%A9rodrome_de_Bar-le-Duc_-_Les_Hauts-de-Ch%C3%A9e,"Bar le Duc, South Meuse Aeroclub, XBD",50,2026-01-29T07:06:30+00:00
29020,LFXU,small_airport,"Les Mureaux Airfield",48.998299,1.94278,89,EU,France,FR,Île-de-France,FR-IDF,IDF,"Les Mureaux, Yvelines",0,LFXU,,,,,https://fr.wikipedia.org/wiki/A%C3%A9rodrome_des_Mureaux,,50,2024-06-22T14:22:25+00:00
28986,LFQN,small_airport,"Saint-Omer Wizernes Airfield",50.727456,2.232586,249,EU,France,FR,Hauts-de-France,FR-HDF,HDF,"Longuenesse, Pas-de-Calais",0,LFQN,,,,https://www.aerodromes.fr/aeroport-de-saint-omer---wizernes-lfqn-a350.html,https://fr.wikipedia.org/wiki/A%C3%A9rodrome_de_Saint-Omer_-_Wizernes,,50,2024-06-22T12:23:06+00:00
28771,LFAD,small_airport,"Compiègne Margny Airfield",49.431242,2.801514,315,EU,France,FR,Hauts-de-France,FR-HDF,HDF,Margny-lès-Compiègne,0,LFAD,LFAD,,,,https://fr.wikipedia.org/wiki/A%C3%A9rodrome_de_Compi%C3%A8gne_-_Margny,XCP,50,2025-08-19T08:57:31+00:00
4096,LFDM,small_airport,"Marmande – Virazeil Airfield",44.499049,0.200511,110,EU,France,FR,Nouvelle-Aquitaine,FR-NAQ,NAQ,Marmande,0,LFDM,,,,,https://en.wikipedia.org/wiki/Marmande_%E2%80%93_Virazeil_Airport,,50,2024-06-22T04:22:57+00:00
4119,LFJB,small_airport,"Mauléon Airfield",46.902802,-0.697778,576,EU,France,FR,Nouvelle-Aquitaine,FR-NAQ,NAQ,Mauléon,0,LFJB,,,,,https://en.wikipedia.org/wiki/Maul%C3%A9on_Aerodrome,,50,2024-05-15T19:02:20+00:00
28829,LFEP,small_airport,"Pouilly-Maconge Airfield",47.221401,4.56111,1411,EU,France,FR,Bourgogne-Franche-Comté,FR-BFC,BFC,Meilly-sur-Rouvres,0,LFEP,,,,,https://fr.wikipedia.org/wiki/A%C3%A9rodrome_de_Pouilly_-_Maconge,,50,2024-05-15T18:28:07+00:00
29017,FR-1261,closed,"Mourmelon Air Base",49.111401,4.36694,387,EU,France,FR,"Grand Est",FR-GES,GES,Mourmelon-le-Grand,0,,,,,,,LFXM,50,2025-02-25T14:48:54+00:00
28925,LFKY,small_airport,"Belley-Peyrieu Airfield",45.694121,5.691533,739,EU,France,FR,Auvergne-Rhône-Alpes,FR-ARA,ARA,"Peyrieu, Ain",0,LFKY,,,,,https://fr.wikipedia.org/wiki/A%C3%A9rodrome_de_Belley_-_Peyrieu,"Aéroclub de Belley-Peyrieu, Aérodrome de Belley-Peyrieu",50,2024-06-22T16:46:24+00:00
355191,FR-0499,small_airport,"Les Ailes d'Eure et Loir Airfield",48.59244,1.53759,480,EU,France,FR,"Centre-Val de Loire",FR-CVL,CVL,"Pierres, Eure-et-Loir",0,,,,LF2834,,,,50,2025-01-08T00:54:43+00:00
28785,LFBJ,small_airport,"Aérodrome de Saint-Junien",45.903301,0.92,902,EU,France,FR,Nouvelle-Aquitaine,FR-NAQ,NAQ,Poitiers,0,LFBJ,,,,,https://fr.wikipedia.org/wiki/A%C3%A9rodrome_de_Saint-Junien,,50,2024-05-15T16:47:08+00:00
29003,LFSV,small_airport,"Pont-Saint-Vincent Airfield",48.600127,6.056514,1339,EU,France,FR,"Grand Est",FR-GES,GES,"Pont-Saint-Vincent, Meurthe-et-Moselle",0,LFSV,,,,http://acam54.fr/,,,50,2024-06-26T10:04:26+00:00
29008,LFTP,small_airport,"Puimoisson Airfield",43.86889,6.16278,2523,EU,France,FR,Provence-Alpes-Côte-d'Azur,FR-PAC,PAC,"Puimoisson, Alpes de Haute-Provence",0,LFTP,,,,http://www.puivolavoile.com/?lang=en,https://fr.wikipedia.org/wiki/A%C3%A9rodrome_de_Puimoisson,,50,2024-10-30T10:10:35+00:00
28952,LFNT,small_airport,"Avignon-Pujaut Airfield",43.996899,4.75556,148,EU,France,FR,Occitanie,FR-OCC,OCC,"Pujaut, Gard",0,LFNT,,,,,https://fr.wikipedia.org/wiki/A%C3%A9rodrome_d%27Avignon_-_Pujaut,,50,2024-10-28T10:43:49+00:00
28484,LFER,small_airport,"Redon Bains-sur-Oust Airfield",47.699402,-2.03667,223,EU,France,FR,Brittany,FR-BRE,BRE,Redon,0,LFER,,,,,https://fr.wikipedia.org/wiki/A%C3%A9rodrome_de_Redon_-_Bains-sur-Oust,,50,2024-05-15T18:28:54+00:00
28995,LFRP,small_airport,"Ploërmel Loyat Airfield",48.0028,-2.37722,236,EU,France,FR,Brittany,FR-BRE,BRE,Rennes,0,LFRP,,,,,https://fr.wikipedia.org/wiki/A%C3%A9rodrome_de_Plo%C3%ABrmel_-_Loyat,,50,2024-05-15T20:01:46+00:00
28883,LFHH,small_airport,"Vienne Reventin Airfield",45.462434,4.828147,719,EU,France,FR,Auvergne-Rhône-Alpes,FR-ARA,ARA,"Reventin-Vaugris, Isère",0,LFHH,,,,,https://fr.wikipedia.org/wiki/A%C3%A9rodrome_de_Vienne_-_Reventin,,50,2024-10-28T11:21:07+00:00
28898,LFIK,small_airport,"Aérodrome de Ribérac-Tourette",45.238667,0.264798,351,EU,France,FR,Nouvelle-Aquitaine,FR-NAQ,NAQ,Ribérac,0,LFIK,,,,,https://fr.wikipedia.org/wiki/A%C3%A9rodrome_de_Rib%C3%A9rac-Tourette,,50,2024-05-15T18:57:57+00:00
28816,LFDX,small_airport,"Fumel Montayral Airfield",44.460921,1.006708,692,EU,France,FR,Nouvelle-Aquitaine,FR-NAQ,NAQ,Rochefort,0,LFDX,,,,,https://fr.wikipedia.org/wiki/A%C3%A9rodrome_de_Fumel_-_Montayral,,50,2024-05-15T18:23:54+00:00
28839,LFFD,small_airport,"Saint-André-de-l'Eure Airfield",48.897669,1.250839,489,EU,France,FR,Normandy,FR-NOR,NOR,"Saint-André-de-l'Eure, Eure",0,LFFD,,,,,https://en.wikipedia.org/wiki/Saint-Andr%C3%A9-de-l%27Eure_Airfield,Evreux-Saint-André,50,2025-01-26T20:06:44+00:00
43637,FR-0295,small_airport,"Château de Montmeilleur Airfield",44.793799,5.764096,2789,EU,France,FR,Auvergne-Rhône-Alpes,FR-ARA,ARA,"Saint-Baudille-et-Pipet, Isère",0,LFKK,,,,,,Montmeilleur,50,2025-01-29T20:22:24+00:00
4103,LFFN,small_airport,"Brienne-le-Château Airfield",48.430396,4.472487,381,EU,France,FR,"Grand Est",FR-GES,GES,Saint-Christophe-Dodinicourt,0,LFFN,,,,,https://fr.wikipedia.org/wiki/A%C3%A9rodrome_de_Brienne-le-Ch%C3%A2teau,,50,2024-05-15T18:37:30+00:00
4112,LFHQ,small_airport,"Saint-Flour-Coltines Airfield",45.076401,2.99361,3218,EU,France,FR,Auvergne-Rhône-Alpes,FR-ARA,ARA,Saint-Flour/Coltines,0,LFHQ,,,,https://www.aerodrome-stflour-coltines.fr/,https://fr.wikipedia.org/wiki/A%C3%A9rodrome_de_Saint-Flour_-_Coltines,,50,2024-04-29T18:07:45+00:00
28784,LFAX,small_airport,"Mortagne-au-Perche Airfield",48.539157,0.532043,886,EU,France,FR,Normandy,FR-NOR,NOR,"Saint-Hilaire-le-Châtel, Orne",0,LFAX,LFAX,,,,https://fr.wikipedia.org/wiki/A%C3%A9rodrome_de_Mortagne-au-Perche,,50,2025-10-04T18:09:48+00:00
43644,FR-0302,small_airport,"Saint-Jean-d'Arves Altisurface",45.189711,6.252546,5958,EU,France,FR,Auvergne-Rhône-Alpes,FR-ARA,ARA,"Saint-Jean-d'Arves, Savoie",0,,,,LF7331,,,"LFTU, Praz Sauge et Pré Vernay",50,2024-10-30T15:38:18+00:00
28836,LFEZ,small_airport,"Nancy-Malzéville Airfield",48.7244,6.20778,1253,EU,France,FR,"Grand Est",FR-GES,GES,"Saint-Max, Meurthe-et-Moselle",0,LFEZ,,,,,https://fr.wikipedia.org/wiki/A%C3%A9rodrome_de_Nancy_-_Malz%C3%A9ville,,50,2024-06-26T10:08:42+00:00
43582,FR-0242,small_airport,"Saint-Rémy-de-Maurienne Airfield",45.376718,6.27692,1399,EU,France,FR,Auvergne-Rhône-Alpes,FR-ARA,ARA,"Saint-Rémy-de-Maurienne, Savoie",0,LFKR,,,,,https://fr.wikipedia.org/wiki/A%C3%A9rodrome_de_Saint-R%C3%A9my-de-Maurienne,"Aérodrome de Saint-Rémy-de-Maurienne",50,2024-06-26T10:14:40+00:00
43626,FR-0284,small_airport,"Isola 2000 Altisurface",44.172895,7.16296,7447,EU,France,FR,Provence-Alpes-Côte-d'Azur,FR-PAC,PAC,"Saint-Sauveur-sur-Tinée, Alpes-Maritimes",0,,,,LF0621,,,,50,2025-01-29T21:28:30+00:00
28961,LFOL,small_airport,"L'Aigle-Saint-Michel Airfield",48.758502,0.656632,787,EU,France,FR,Normandy,FR-NOR,NOR,"Saint-Sulpice-sur-Risle, Orne",0,LFOL,,,,,https://fr.wikipedia.org/wiki/A%C3%A9rodrome_de_L%27Aigle_-_Saint-Michel,"Aérodrome de L'Aigle-Saint-Michel",50,2024-10-23T05:35:00+00:00
28997,LFSA,small_airport,"Besançon-Thise Airfield",47.273144,6.082885,807,EU,France,FR,Bourgogne-Franche-Comté,FR-BFC,BFC,Thise,0,LFSA,,,,,http://fr.wikipedia.org/wiki/A%C3%A9rodrome_de_Besan%C3%A7on_-_Thise,,50,2024-06-18T12:10:10+00:00
28831,LFET,small_airport,"Til Châtel Airfield",47.546293,5.210438,938,EU,France,FR,Bourgogne-Franche-Comté,FR-BFC,BFC,Til-Châtel,0,LFET,,,,,https://fr.wikipedia.org/wiki/A%C3%A9rodrome_de_Til-Ch%C3%A2tel,,50,2025-01-30T17:35:26+00:00
4088,LFCW,small_airport,"Villeneuve-sur-Lot Airfield",44.3969,0.758889,190,EU,France,FR,Nouvelle-Aquitaine,FR-NAQ,NAQ,Villeneuve-sur-Lot,0,LFCW,,,,,https://fr.wikipedia.org/wiki/A%C3%A9rodrome_de_Villeneuve-sur-Lot,,50,2024-05-15T17:19:09+00:00
28954,LFNV,small_airport,"Valréas Visan Airfield",44.33574,4.906877,472,EU,France,FR,Provence-Alpes-Côte-d'Azur,FR-PAC,PAC,Visan,0,LFNV,,,,,https://fr.wikipedia.org/wiki/A%C3%A9rodrome_de_Valr%C3%A9as_-_Visan,,50,2024-04-30T13:18:30+00:00
28873,FR-1246,closed,"Thionville Yutz Airport",49.354698,6.20139,518,EU,France,FR,"Grand Est",FR-GES,GES,Yutz,0,,,,,,,LFGV,50,2025-02-25T14:48:53+00:00
356274,FR-0502,small_airport,"Zoufftgen Airfield",49.449166,6.125555,750,EU,France,FR,"Grand Est",FR-GES,GES,Zoufftgen,0,,,,LF5755,https://aeroplume.lu/,,,50,2022-08-20T06:17:33+00:00
43408,FR-0068,heliport,"North Ardennes Intercommunal Hospital Heliport",49.762565,4.697744,579,EU,France,FR,"Grand Est",FR-GES,GES,Charleville-Mézières,0,,,,,,,"Centre Hospitalier Intercommunal Nord-Ardennes, Charleville-Mézières Central Hospital",0,2023-11-04T09:14:48+00:00
43470,FR-0130,heliport,"Coquelles Eurotunnel Heliport",50.91805648803711,1.7949999570846558,31,EU,France,FR,Hauts-de-France,FR-HDF,HDF,Coquelles,0,,,,,,,,0,2009-03-14T19:29:36+00:00
43573,FR-0233,heliport,"Hôtel Royal Heliport",46.39666748046875,6.595555782318115,1540,EU,France,FR,Auvergne-Rhône-Alpes,FR-ARA,ARA,Evian-les-Bains,0,,,,,,,,0,2009-03-14T19:33:31+00:00
513797,FR-0529,heliport,"Île Chambière Heliport",49.131518,6.186375,538,EU,France,FR,"Grand Est",FR-GES,GES,Metz,0,,,,,,,,0,2023-10-31T22:43:13+00:00
514158,FR-0534,heliport,"Metz-Legouest Army Training Hospital Heliport",49.11322,6.18797,568,EU,France,FR,"Grand Est",FR-GES,GES,Metz,0,,,,,,,,0,2023-10-31T22:32:58+00:00
542771,FR-1179,heliport,"Peuplingues DZ",50.911039,1.789623,,EU,France,FR,Hauts-de-France,FR-HDF,HDF,Peuplingues,0,,,,,,,,0,2024-08-20T10:26:52+00:00
43345,FR-0005,heliport,"Sainte Catherine Hospital Heliport",48.745702,7.350851,672,EU,France,FR,"Grand Est",FR-GES,GES,Saverne,0,,,,,,,,0,2023-11-02T11:59:02+00:00
43348,FR-0008,heliport,"New City Hospital Heliport",48.575786,7.740673,540,EU,France,FR,"Grand Est",FR-GES,GES,Strasbourg,0,,,,,,,"NHC, Nouvelle Hôpital Civil",0,2023-10-26T06:08:11+00:00
43574,FR-0234,heliport,"La Daille Heliport",45.45722198486328,6.967778205871582,5912,EU,France,FR,Auvergne-Rhône-Alpes,FR-ARA,ARA,"Val D'Isere",0,,,,,,,,0,2009-03-14T19:33:33+00:00
4075,FR-1237,closed,"Ancien Aérodrome de Brive-La Roche",45.150799,1.469202,379,EU,France,FR,Nouvelle-Aquitaine,FR-NAQ,NAQ,Brive-la-Gaillarde,0,,,,,,https://en.wikipedia.org/wiki/Brive_-_La_Roche_Airport,"BVE, LFBV",1375,2025-02-25T14:38:02+00:00
4068,LFBM,medium_airport,"Mont-de-Marsan (BA 118) Air Base",43.911701,-0.5075,203,EU,France,FR,Nouvelle-Aquitaine,FR-NAQ,NAQ,Mont-de-Marsan,0,LFBM,,,,,https://en.wikipedia.org/wiki/Mont-de-Marsan_Air_Base,,599,2024-04-12T18:49:57+00:00
4187,LFPM,medium_airport,"Melun-Villaroche Airfield",48.604698,2.67112,302,EU,France,FR,Île-de-France,FR-IDF,IDF,"Moissy-Cramayel, Seine-et-Marne",0,LFPM,,,,,https://en.wikipedia.org/wiki/Melun_Villaroche_Aerodrome,,500,2024-06-22T16:32:28+00:00
4239,LFSX,medium_airport,"Luxeuil-Saint-Sauveur (BA 116) Air Base",47.787747,6.353419,913,EU,France,FR,Bourgogne-Franche-Comté,FR-BFC,BFC,Saint-Sauveur,0,LFSX,,,,,https://en.wikipedia.org/wiki/Luxeuil_-_Saint-Sauveur_Air_Base,,500,2024-04-12T18:57:06+00:00
4184,LFPC,medium_airport,"Creil Air Base",49.253502,2.51914,291,EU,France,FR,Hauts-de-France,FR-HDF,HDF,Creil,0,LFPC,LFPC,CSF,,,https://fr.wikipedia.org/wiki/Base_a%C3%A9rienne_110_Creil,"BA 110",375,2024-04-12T17:54:02+00:00
4198,FR-1238,closed,"Cambrai-Épinoy (BA 103) Air Base",50.221802,3.15424,257,EU,France,FR,Hauts-de-France,FR-HDF,HDF,"Épinoy, Pas-de-Calais",0,,,,,,,LFQI,375,2025-02-25T14:38:02+00:00
4227,FR-1239,closed,"Colmar-Meyenheim Air Base",47.922001,7.39967,693,EU,France,FR,"Grand Est",FR-GES,GES,Meyenheim,0,,,,,,https://en.wikipedia.org/wiki/Quartier_Colonel_Dio,"BA 132, LFSC, Base aérienne d'opérations 132 Colmar-Meyenheim, Quartier Colonel Dio",300,2025-02-25T14:38:02+00:00
29028,FR-1266,closed,"Saint-Simon - Clastres Air Base",49.757542,3.21598,295,EU,France,FR,Hauts-de-France,FR-HDF,HDF,"Clastres, Aisne",0,,,,,,https://en.wikipedia.org/wiki/Saint-Simon_%E2%80%93_Clastres_Air_Base,LFYT,250,2025-02-25T14:48:55+00:00
4233,LFSM,medium_airport,"Montbéliard-Courcelles Airfield",47.487,6.79054,1041,EU,France,FR,Bourgogne-Franche-Comté,FR-BFC,BFC,Courcelles-lès-Montbéliard,0,LFSM,,,,,https://en.wikipedia.org/wiki/Montb%C3%A9liard_%E2%80%93_Courcelles_Aerodrome,,250,2024-04-12T19:11:28+00:00
4216,LFRL,medium_airport,"Lanvéoc-Poulmic Air Base",48.2817,-4.44502,287,EU,France,FR,Brittany,FR-BRE,BRE,Lanvéoc/Poulmic,0,LFRL,,,,,https://fr.wikipedia.org/wiki/Base_d%27a%C3%A9ronautique_navale_de_Lanv%C3%A9oc-Poulmic,,250,2024-04-12T19:02:52+00:00
4195,LFQE,medium_airport,"Lieutenant Étienne Mantoux Air Base",49.226898,5.67222,770,EU,France,FR,"Grand Est",FR-GES,GES,Rouvres-en-Woëvre,0,LFQE,,,,,https://en.wikipedia.org/wiki/Base_Lieutenant_%C3%89tienne_Mantoux,"Étain-Rouvres Air Base",250,2024-05-15T08:40:50+00:00
4128,LFKS,medium_airport,"Solenzara (BA 126) Air Base",41.9244,9.406,28,EU,France,FR,Corsica,FR-COR,COR,Solenzara,0,LFKS,LFKS,SOZ,,,https://en.wikipedia.org/wiki/Solenzara_Air_Base,,250,2024-04-07T06:33:06+00:00
339753,LFFO,small_airport,"Beauvoir Fromentine Airfield",46.890422,-2.088475,10,EU,France,FR,Pays-de-la-Loire,FR-PDL,PDL,Fromentine,1,LFFO,,,,,,,100,2024-05-15T18:38:23+00:00
528915,FR-0828,small_airport,"Troches-Pompadour Airfield",45.408056,1.420278,1368,EU,France,FR,Nouvelle-Aquitaine,FR-NAQ,NAQ,,0,,,,LF1927,,,,50,2024-05-13T15:42:19+00:00
528916,FR-0829,small_airport,"Les Chansèves Airfield",45.09,1.855278,1550,EU,France,FR,Nouvelle-Aquitaine,FR-NAQ,NAQ,,0,,,,LF1951,,,,50,2024-05-13T15:43:29+00:00
528917,FR-0830,small_airport,"Lagleygeolle Airfield",45.080278,1.673333,1380,EU,France,FR,Nouvelle-Aquitaine,FR-NAQ,NAQ,,0,,,,LF1952,,,,50,2024-05-13T15:44:02+00:00
528918,FR-0831,small_airport,"Pérols sur Vézère Airfield",45.587222,2.013333,2800,EU,France,FR,Nouvelle-Aquitaine,FR-NAQ,NAQ,,0,,,,LF1953,https://lfde.blog4ever.com/articles/l-altisurface-de-l-aaroclub,,,50,2024-05-13T15:45:30+00:00
528919,FR-0832,small_airport,"Savignoux Airfield",45.0125,1.781944,886,EU,France,FR,Nouvelle-Aquitaine,FR-NAQ,NAQ,,0,,,,LF1954,http://www.domaine-de-savignoux.fr/EN/microlight,,,50,2024-05-13T15:46:22+00:00
528920,FR-0833,small_airport,"Sud-Ouest  Aéro-Loisirs Airfield",45.440556,1.226944,1148,EU,France,FR,Nouvelle-Aquitaine,FR-NAQ,NAQ,,0,,,,LF2446,,,,50,2024-05-13T15:51:51+00:00
528921,FR-0834,small_airport,"Terrasson le Bos Airfield",45.134444,1.336667,292,EU,France,FR,Nouvelle-Aquitaine,FR-NAQ,NAQ,,0,,,,LF2454,,,,50,2024-05-13T15:52:23+00:00
528927,FR-0840,small_airport,"Peyrelevade Airfield",45.707778,2.0325,2493,EU,France,FR,Nouvelle-Aquitaine,FR-NAQ,NAQ,,0,,,,LF1923,http://www.lesailesdepeyrelevade.fr/,,,50,2024-05-13T16:02:51+00:00
528992,FR-0905,small_airport,"Ponson Dessus Airfield",43.295278,-0.064444,1280,EU,France,FR,Nouvelle-Aquitaine,FR-NAQ,NAQ,,0,,,,LF6455,,,,50,2024-05-15T13:36:21+00:00
529023,FR-0936,small_airport,"Courçon Eol'Aunis Airfield",46.248333,-0.830833,39,EU,France,FR,Nouvelle-Aquitaine,FR-NAQ,NAQ,,0,,,,LF1755,,,,50,2024-05-15T13:38:21+00:00
529038,FR-0951,small_airport,"Usseau Airfield",46.175,-0.609722,115,EU,France,FR,Nouvelle-Aquitaine,FR-NAQ,NAQ,,0,,,,LF7951,http://www.apilul.fr/,,,50,2024-05-15T13:39:25+00:00
529056,FR-0969,small_airport,"Saint Même Les Carrières Airfield",45.632778,-0.159722,82,EU,France,FR,Nouvelle-Aquitaine,FR-NAQ,NAQ,,0,,,,LF1628,http://www.charente-ulm.fr/,,,50,2024-05-13T17:39:09+00:00
529057,FR-0970,small_airport,"Saint Coutant Airfield",46.018889,0.433056,600,EU,France,FR,Nouvelle-Aquitaine,FR-NAQ,NAQ,,0,,,,LF1629,,,,50,2024-05-13T17:39:56+00:00
529058,FR-0971,small_airport,"Le Luquet Airfield",45.643333,0.331111,400,EU,France,FR,Nouvelle-Aquitaine,FR-NAQ,NAQ,,0,,,,LF1631,,,,50,2024-05-13T17:40:31+00:00
529059,FR-0972,small_airport,"Brettes Airfield",46.011111,0.0525,400,EU,France,FR,Nouvelle-Aquitaine,FR-NAQ,NAQ,,0,,,,LF1652,,,,50,2024-05-13T17:41:02+00:00
529060,FR-0973,small_airport,"Saint Ciers Airfield",45.850556,0.265278,314,EU,France,FR,Nouvelle-Aquitaine,FR-NAQ,NAQ,,0,,,,LF1653,,,,50,2024-05-13T17:41:35+00:00
529062,FR-0975,small_airport,"Jarnac Champagne Airfield",45.559722,-0.417778,200,EU,France,FR,Nouvelle-Aquitaine,FR-NAQ,NAQ,,0,,,,LF1726,,,,50,2024-05-13T17:43:18+00:00
529063,FR-0976,small_airport,"Nantillé Airfield",45.845556,-0.478333,134,EU,France,FR,Nouvelle-Aquitaine,FR-NAQ,NAQ,,0,,,,LF1727,,,,50,2024-05-13T17:43:53+00:00
529064,FR-0977,small_airport,"Corme Ecluse Airfield",45.620833,-0.851389,98,EU,France,FR,Nouvelle-Aquitaine,FR-NAQ,NAQ,,0,,,,LF1751,https://www.royan-ulm.fr/,,,50,2024-05-13T17:44:21+00:00
529065,FR-0978,small_airport,"Augignac Airfield",45.563056,0.704444,865,EU,France,FR,Nouvelle-Aquitaine,FR-NAQ,NAQ,,0,,,,LF2421,,,,50,2024-05-13T17:47:05+00:00
529066,FR-0979,small_airport,"Hautefaye Airfield",45.545278,0.493333,450,EU,France,FR,Nouvelle-Aquitaine,FR-NAQ,NAQ,,0,,,,LF2449,https://campingalaferme.wixsite.com/lesjaubertins/ulm,,,50,2024-05-13T17:47:58+00:00
529070,FR-0983,small_airport,"Saint Amand sur Sèvre Airfield",46.901389,-0.802778,607,EU,France,FR,Nouvelle-Aquitaine,FR-NAQ,NAQ,,0,,,,LF7925,,,,50,2024-05-13T17:50:58+00:00
529072,FR-0985,small_airport,"Secondigny Airfield",46.636944,-0.463611,710,EU,France,FR,Nouvelle-Aquitaine,FR-NAQ,NAQ,,0,,,,LF7952,,,,50,2024-05-13T17:51:50+00:00
529073,FR-0986,small_airport,"Le Grand Moiré Airfield",46.86,-0.185,336,EU,France,FR,Nouvelle-Aquitaine,FR-NAQ,NAQ,,0,,,,LF7953,,,,50,2024-05-13T17:52:17+00:00
529076,FR-0989,small_airport,"Archigny Chenevelles Airfield",46.696667,0.656111,446,EU,France,FR,Nouvelle-Aquitaine,FR-NAQ,NAQ,,0,,,,LF8627,https://chenevailesulm.wixsite.com/chenevailesulm,,,50,2024-05-13T17:54:05+00:00
529077,FR-0990,small_airport,"Montmorillon Airfield",46.390833,0.948333,540,EU,France,FR,Nouvelle-Aquitaine,FR-NAQ,NAQ,,0,,,,LF8651,https://www.horn-ulm.com/,,,50,2024-05-13T17:54:38+00:00
529078,FR-0991,small_airport,"Pouançay Airfield",47.096111,-0.0725,133,EU,France,FR,Nouvelle-Aquitaine,FR-NAQ,NAQ,,0,,,,LF8652,,,,50,2024-05-13T17:55:12+00:00
529079,FR-0992,small_airport,"Availles Limouzine Airfield",46.128611,0.695278,712,EU,France,FR,Nouvelle-Aquitaine,FR-NAQ,NAQ,,0,,,,LF8653,,,,50,2024-05-13T17:55:49+00:00
529080,FR-0993,small_airport,"Libarderie Blond Airfield",46.059722,0.985833,918,EU,France,FR,Nouvelle-Aquitaine,FR-NAQ,NAQ,,0,,,,LF8752,,,,50,2024-05-13T17:56:52+00:00
529081,FR-0994,small_airport,"Gajoubert Airfield",46.122222,0.858056,777,EU,France,FR,Nouvelle-Aquitaine,FR-NAQ,NAQ,,0,,,,,,,LF8753,50,2024-08-26T05:09:26+00:00
529082,FR-0995,small_airport,"Bataillou Airfield",45.768889,0.781111,961,EU,France,FR,Nouvelle-Aquitaine,FR-NAQ,NAQ,,0,,,,LF8757,,,,50,2024-05-13T17:58:11+00:00
529083,FR-0996,small_airport,"La Broue Airfield",45.77,0.018611,400,EU,France,FR,Nouvelle-Aquitaine,FR-NAQ,NAQ,,0,,,,LF1656,,,,50,2024-05-13T17:59:25+00:00
529084,FR-0997,small_airport,"Buxeuil Saint Rémy sur Creuse Airfield",46.949444,0.669444,370,EU,France,FR,Nouvelle-Aquitaine,FR-NAQ,NAQ,,0,,,,LF8622,,,,50,2024-05-13T17:59:43+00:00
529085,FR-0998,small_airport,"Condac Airfield",46.020278,0.2425,500,EU,France,FR,Nouvelle-Aquitaine,FR-NAQ,NAQ,,0,,,,LF1657,,,,50,2024-05-13T18:00:34+00:00
529215,FR-1052,small_airport,"Arvert Airfield",45.746667,-1.097222,13,EU,France,FR,Nouvelle-Aquitaine,FR-NAQ,NAQ,,0,,,,LF1757,https://www.paramote.com/index.php,,,50,2024-05-14T06:19:09+00:00
529216,FR-1053,small_airport,"Chassancet Airfield",45.1575,1.726944,1096,EU,France,FR,Nouvelle-Aquitaine,FR-NAQ,NAQ,,0,,,,LF1955,,,,50,2024-05-14T06:19:51+00:00
529224,FR-1061,small_airport,"Sainte Hélène Airfield",44.983889,-0.907778,121,EU,France,FR,Nouvelle-Aquitaine,FR-NAQ,NAQ,,0,,,,LF3327,,,,50,2024-05-14T06:36:57+00:00
529233,FR-1068,small_airport,"Gourgé Les Grippeaux Airfield",46.695556,-0.161111,456,EU,France,FR,Nouvelle-Aquitaine,FR-NAQ,NAQ,,0,,,,LF7921,,,,50,2024-05-14T06:54:33+00:00
529234,FR-1069,small_airport,"Chenay Airfield",46.346667,-0.015556,435,EU,France,FR,Nouvelle-Aquitaine,FR-NAQ,NAQ,,0,,,,LF7922,,,,50,2024-05-14T06:55:47+00:00
529235,FR-1070,small_airport,"Le Fort d'Aslonnes Airfield",46.438056,0.341667,430,EU,France,FR,Nouvelle-Aquitaine,FR-NAQ,NAQ,,0,,,,LF8621,,,,50,2024-05-14T06:57:27+00:00
529279,FR-1103,small_airport,"Le Thou Airfield",46.086111,-0.943611,89,EU,France,FR,Nouvelle-Aquitaine,FR-NAQ,NAQ,,0,,,,LF1753,https://aero-focus.e-monsite.com/,,,50,2024-05-15T13:45:40+00:00
529284,FR-1108,small_airport,"Saint Aignan Airfield",44.596944,-0.045278,282,EU,France,FR,Nouvelle-Aquitaine,FR-NAQ,NAQ,,0,,,,LF3358,,,,50,2024-05-14T09:00:25+00:00
530504,FR-1165,small_airport,"Ancien aérodrome du  gîte de la Ganotte",45.33226,1.91757,,EU,France,FR,Nouvelle-Aquitaine,FR-NAQ,NAQ,,0,,,,,http://www.laganotte.com/,,,50,2024-05-23T05:43:23+00:00
527234,FR-0568,small_airport,"Rouvres Airfield",49.02,-0.198333,345,EU,France,FR,Normandy,FR-NOR,NOR,,0,,,,LF1454,,,,50,2024-04-29T16:27:16+00:00
528948,FR-0861,small_airport,"Dragey Airfield",48.705278,-1.493889,147,EU,France,FR,Normandy,FR-NOR,NOR,,0,,,,LF5021,http://www.ulm-mont-saint-michel.com/Site_de_Dragey.html,,,50,2024-05-13T16:20:48+00:00
528949,FR-0862,small_airport,"Portbail Airfield",49.335278,-1.713889,49,EU,France,FR,Normandy,FR-NOR,NOR,,0,,,,LF5022,,,,50,2024-05-13T16:21:31+00:00
528950,FR-0863,small_airport,"BELLEME St Germain de la Coudr Airfield",48.300556,0.581111,520,EU,France,FR,Normandy,FR-NOR,NOR,,0,,,,LF6152,https://www.rubyair.fr/medias/files/vac-lf6152-3.pdf,,,50,2024-05-13T16:24:14+00:00
529037,FR-0950,small_airport,"Le Cerisier Airfield",48.486667,-0.771944,630,EU,France,FR,Normandy,FR-NOR,NOR,,0,,,,LF6153,,,,50,2024-05-13T17:23:22+00:00
529128,FR-1041,small_airport,"Berville sur Mer Airfield",49.435833,0.363611,16,EU,France,FR,Normandy,FR-NOR,NOR,,0,,,,LF2722,,,,50,2024-05-13T18:39:21+00:00
529131,FR-1044,small_airport,"Pavilly Airfield",49.601111,0.9875,499,EU,France,FR,Normandy,FR-NOR,NOR,,0,,,,LF7653,,,,50,2024-05-13T18:42:32+00:00
529132,FR-1045,small_airport,"Bolleville Airfield",49.600556,0.5525,443,EU,France,FR,Normandy,FR-NOR,NOR,,0,,,,LF7654,,,,50,2024-05-13T18:43:04+00:00
529133,FR-1046,small_airport,"Le Mont Dolé Airfield",49.893611,1.579167,450,EU,France,FR,Normandy,FR-NOR,NOR,,0,,,,LF7655,,,,50,2024-05-13T18:43:35+00:00
529232,FR-1067,small_airport,"Lammerville Airfield",49.805556,0.973333,328,EU,France,FR,Normandy,FR-NOR,NOR,,0,,,,LF7621,,,,50,2024-05-14T06:48:09+00:00
28792,LFCF,small_airport,"Aérodrome de Figeac - Livernon",44.673302,1.78917,1086,EU,France,FR,Occitanie,FR-OCC,OCC,,0,LFCF,,,,,https://fr.wikipedia.org/wiki/A%C3%A9rodrome_de_Figeac-Livernon,,50,2024-05-15T16:53:06+00:00
28794,LFCN,small_airport,"Nogaro Airfield",43.769699,-0.032778,304,EU,France,FR,Occitanie,FR-OCC,OCC,,0,LFCN,,,,https://www.aeronogaro.com/,https://en.wikipedia.org/wiki/Nogaro_Aerodrome,,50,2024-05-15T16:57:10+00:00
28809,LFDQ,small_airport,"Castelnau Magnoac Airfield",43.2794,0.521667,992,EU,France,FR,Occitanie,FR-OCC,OCC,,0,LFDQ,,,,,,,50,2024-05-15T18:18:14+00:00
28902,LFIR,small_airport,"Revel Montgey Airfield",43.4814,1.98,643,EU,France,FR,Occitanie,FR-OCC,OCC,,0,LFIR,,,,,https://fr.wikipedia.org/wiki/A%C3%A9rodrome_de_Revel_-_Montgey,,50,2024-04-29T18:08:27+00:00
28903,LFIT,small_airport,"Aérodrome de Toulouse Bourg-Saint-Bernard",43.612202,1.72528,525,EU,France,FR,Occitanie,FR-OCC,OCC,,0,LFIT,,,,,https://fr.wikipedia.org/wiki/A%C3%A9rodrome_de_Toulouse_-_Bourg-Saint-Bernard,,50,2024-05-15T18:59:24+00:00
28911,LFJH,small_airport,"Aérodrome de Cazères - Palaminy",43.202202,1.05111,811,EU,France,FR,Occitanie,FR-OCC,OCC,,0,LFJH,,,,,https://fr.wikipedia.org/wiki/A%C3%A9rodrome_de_Caz%C3%A8res_-_Palaminy,,50,2024-05-15T19:11:22+00:00
28945,LFNL,small_airport,"Aérodrome de Saint-Martin-de-Londres",43.8008,3.7825,597,EU,France,FR,Occitanie,FR-OCC,OCC,,0,LFNL,,,,,,,50,2024-05-15T19:47:51+00:00
28947,LFNO,small_airport,"Florac Ste Enimie Airfield",44.2864,3.46667,3054,EU,France,FR,Occitanie,FR-OCC,OCC,,0,LFNO,,,,,,,50,2024-05-15T19:50:14+00:00
28948,FR-1251,closed,"Pézenas Nizas Airfield",43.505798,3.41361,322,EU,France,FR,Occitanie,FR-OCC,OCC,,0,,,,,,https://fr.wikipedia.org/wiki/A%C3%A9rodrome_de_P%C3%A9zenas_-_Nizas,"LFNP, LFNP",50,2025-02-25T14:48:53+00:00
28955,LFNW,small_airport,"Puivert Airfield",42.9114,2.05611,1608,EU,France,FR,Occitanie,FR-OCC,OCC,,0,LFNW,,,,,https://fr.wikipedia.org/wiki/A%C3%A9rodrome_de_Puivert,,50,2024-05-15T19:51:36+00:00
28956,LFNX,small_airport,"Bédarieux La Tour Airfield",43.6408,3.14556,1237,EU,France,FR,Occitanie,FR-OCC,OCC,,0,LFNX,,,,,https://fr.wikipedia.org/wiki/A%C3%A9rodrome_de_B%C3%A9darieux_-_La_Tour-sur-Orb,,50,2024-05-15T19:51:49+00:00
316146,FR-0337,small_airport,"Cabrerets ULM",44.51415,1.592503,1177,EU,France,FR,Occitanie,FR-OCC,OCC,,0,,,,LF4629,,,,50,2024-05-15T10:21:06+00:00
326702,FR-0371,small_airport,"Fromissard ULM",44.003856,1.229357,,EU,France,FR,Occitanie,FR-OCC,OCC,,0,,,,LF8234,,,,50,2024-05-15T10:46:25+00:00
333901,FR-0408,closed,"Torre-Blanc Llauro",42.550278,2.731389,1411,EU,France,FR,Occitanie,FR-OCC,OCC,,0,,,,,http://www.aero-hesbaye.be/vac/ULM/LF6658.pdf,,LF6658,50,2024-05-15T10:54:54+00:00
333966,FR-0416,small_airport,"Aérodrome de Sabonnères",43.455707,1.07548,1050,EU,France,FR,Occitanie,FR-OCC,OCC,,0,,,,LF3126,,,,50,2020-04-24T13:34:57+00:00
525006,FR-0561,closed,"Beaumont de Lomagne",43.876384,0.983774,,EU,France,FR,Occitanie,FR-OCC,OCC,,0,,,,,https://basulm.ffplum.fr/bases/liste-des-terrains/details/59/11000.html,,LF8222,50,2024-04-20T05:44:52+00:00
528474,FR-0575,small_airport,"Ulm Saint Couat Airfield",43.211111,2.646389,307,EU,France,FR,Occitanie,FR-OCC,OCC,,0,,,,LF1156,,,,50,2024-05-11T17:49:58+00:00
528475,FR-0576,small_airport,"Beaugaillard Airfield",43.178611,1.951667,1007,EU,France,FR,Occitanie,FR-OCC,OCC,,0,,,,LF1158,,,,50,2024-05-11T17:51:58+00:00
528476,FR-0577,small_airport,"Argeliers Airfield",43.308333,2.893333,140,EU,France,FR,Occitanie,FR-OCC,OCC,,0,,,,LF1159,,,,50,2024-05-11T17:53:14+00:00
528477,FR-0578,small_airport,"Le Reuilh Airfield",43.192778,1.978889,1000,EU,France,FR,Occitanie,FR-OCC,OCC,,0,,,,LF1160,,,,50,2024-05-11T17:55:28+00:00
528478,FR-0579,small_airport,"Puichéric Airfield",43.226389,2.588333,170,EU,France,FR,Occitanie,FR-OCC,OCC,,0,,,,LF1161,,,,50,2024-05-11T17:57:33+00:00
528479,FR-0580,small_airport,"Thérondels Douzalbats Airfield",44.893056,2.718056,3068,EU,France,FR,Occitanie,FR-OCC,OCC,,0,,,,LF1226,,,,50,2024-05-11T18:00:42+00:00
528489,FR-0590,small_airport,"L'Isle sur Tarn Airfield",43.856944,1.820833,394,EU,France,FR,Occitanie,FR-OCC,OCC,,0,,,,LF8151,https://ulmsaintmartin.wordpress.com/,,,50,2024-05-11T18:27:51+00:00
528490,FR-0591,small_airport,"Albi Castelvert Airfield",43.83,2.121111,800,EU,France,FR,Occitanie,FR-OCC,OCC,,0,,,,LF8156,https://www.castelvert.com/,,,50,2024-05-11T18:29:43+00:00
528650,FR-0646,small_airport,"Pommevic Airfield",44.084167,0.925833,226,EU,France,FR,Occitanie,FR-OCC,OCC,,0,,,,LF8233,http://ulm-pommevic.fr/,,,50,2024-05-15T13:11:12+00:00
528651,FR-0647,small_airport,"Dunes Airfield",44.107778,0.775,236,EU,France,FR,Occitanie,FR-OCC,OCC,,0,,,,LF8251,,,,50,2024-05-15T13:11:48+00:00
528652,FR-0648,small_airport,"Boissay Ludovic Airfield",44.108056,0.981667,312,EU,France,FR,Occitanie,FR-OCC,OCC,,0,,,,LF8262,,,,50,2024-05-15T13:12:12+00:00
528658,FR-0653,small_airport,"Bouloc Airfield",44.307778,1.080556,745,EU,France,FR,Occitanie,FR-OCC,OCC,,0,,,,LF8223,https://www.bouloc-skydive.com/,,,50,2024-05-15T13:12:39+00:00
528659,FR-0654,small_airport,"Montaigu de Quercy Valprionde Airfield",44.365,1.092222,883,EU,France,FR,Occitanie,FR-OCC,OCC,,0,,,,LF4628,,,,50,2024-05-15T13:13:06+00:00
528662,FR-0656,small_airport,"Montaigu de Quercy Couloussac Airfield",44.364167,1.087222,882,EU,France,FR,Occitanie,FR-OCC,OCC,,0,,,,LF8228,,,,50,2024-05-15T13:13:33+00:00
528721,FR-0661,small_airport,"Graissac le Faula Airfield",44.770833,2.788611,2800,EU,France,FR,Occitanie,FR-OCC,OCC,,0,,,,LF1225,,,,50,2024-05-15T13:14:14+00:00
528722,FR-0662,small_airport,"Sarrans Cantoin Airfield",44.826111,2.843333,10302,EU,France,FR,Occitanie,FR-OCC,OCC,,0,,,,LF1233,https://www.ulm-cantoin.fr/,,,50,2024-05-15T13:14:41+00:00
528733,FR-0673,small_airport,"Calviac Airfield",44.927222,2.068056,2100,EU,France,FR,Occitanie,FR-OCC,OCC,,0,,,,LF4621,,,,50,2024-05-15T13:15:18+00:00
528829,FR-0751,small_airport,"Portalier Airfield",43.6325,1.118889,450,EU,France,FR,Occitanie,FR-OCC,OCC,,0,,,,LF3272,,,,50,2024-05-15T13:24:34+00:00
528881,FR-0802,small_airport,"Baraigne Airfield",43.323333,1.833611,920,EU,France,FR,Occitanie,FR-OCC,OCC,,0,,,,LF1123,,,,50,2024-05-13T13:44:41+00:00
528882,FR-0803,small_airport,"Nébias Airfield",42.891667,2.123611,1830,EU,France,FR,Occitanie,FR-OCC,OCC,,0,,,,LF1125,,,,50,2024-05-13T13:45:11+00:00
528883,FR-0804,small_airport,"Fleury d'Aude Airfield",43.213611,3.13,100,EU,France,FR,Occitanie,FR-OCC,OCC,,0,,,,LF1151,,,,50,2024-05-13T13:45:43+00:00
528886,FR-0807,small_airport,"Limbardier Airfield",43.325556,3.186111,105,EU,France,FR,Occitanie,FR-OCC,OCC,,0,,,,LF3422,,,,50,2024-05-13T13:51:11+00:00
528887,FR-0808,small_airport,"Puisserguier Airfield",43.398889,3.033611,606,EU,France,FR,Occitanie,FR-OCC,OCC,,0,,,,LF3423,,,,50,2024-05-13T13:51:35+00:00
528888,FR-0809,small_airport,"Sauvian Airfield",43.272222,3.250556,91,EU,France,FR,Occitanie,FR-OCC,OCC,,0,,,,LF3424,https://www.airmidipassion.com/,,,50,2024-05-13T13:52:02+00:00
528889,FR-0810,small_airport,"Mas Nouguier Airfield",43.605833,3.285278,1214,EU,France,FR,Occitanie,FR-OCC,OCC,,0,,,,LF3425,,,,50,2024-05-13T13:52:46+00:00
528890,FR-0811,small_airport,"Pignan Airfield",43.568333,3.750556,130,EU,France,FR,Occitanie,FR-OCC,OCC,,0,,,,LF3461,,,,50,2024-05-13T13:53:30+00:00
528891,FR-0812,small_airport,"Saint Drézéry Airfield",43.736944,3.960278,321,EU,France,FR,Occitanie,FR-OCC,OCC,,0,,,,LF3462,,,,50,2024-05-13T13:53:46+00:00
528892,FR-0813,small_airport,"Les champs blancs Airfield",43.294444,3.474444,36,EU,France,FR,Occitanie,FR-OCC,OCC,,0,,,,LF3467,,,,50,2024-05-13T13:54:07+00:00
528893,FR-0814,small_airport,"Campagne Airfield",43.792778,4.036667,177,EU,France,FR,Occitanie,FR-OCC,OCC,,0,,,,LF3468,,,,50,2024-05-13T13:55:45+00:00
528894,FR-0815,small_airport,"Fenestres Airfield",44.844167,3.188056,3610,EU,France,FR,Occitanie,FR-OCC,OCC,,0,,,,LF4825,,,,50,2024-05-13T13:56:04+00:00
528895,FR-0816,small_airport,"Ribennes La Cheminade Airfield",44.658611,3.341667,3550,EU,France,FR,Occitanie,FR-OCC,OCC,,0,,,,LF4862,,,,50,2024-05-13T13:56:53+00:00
528896,FR-0817,small_airport,"Air Galamus Airfield",42.820556,2.496389,900,EU,France,FR,Occitanie,FR-OCC,OCC,,0,,,,LF6652,https://www.celuiquivole.com/,,,50,2024-05-13T13:57:36+00:00
528897,FR-0818,small_airport,"Llupia Airfield",42.623889,2.780556,292,EU,France,FR,Occitanie,FR-OCC,OCC,,0,,,,LF6654,,,,50,2024-05-13T13:57:53+00:00
528898,FR-0819,small_airport,"Saint Jean Pla de Corts Airfield",42.519722,2.810556,270,EU,France,FR,Occitanie,FR-OCC,OCC,,0,,,,LF6655,,,,50,2024-05-13T13:58:25+00:00
528899,FR-0820,small_airport,"Montescot Airfield",42.611667,2.938889,55,EU,France,FR,Occitanie,FR-OCC,OCC,,0,,,,LF6656,,,,50,2024-05-13T13:58:59+00:00
528900,FR-0821,small_airport,"Sète ULM Airfield",43.4,3.654722,3,EU,France,FR,Occitanie,FR-OCC,OCC,,0,,,,LF3469,,,,50,2024-05-13T13:59:30+00:00
528902,FR-0822,small_airport,"Plaine de Lacan Airfield",43.848889,3.915,466,EU,France,FR,Occitanie,FR-OCC,OCC,,0,,,,LF3470,,,,50,2024-05-13T14:00:23+00:00
528910,FR-0823,small_airport,"Canterrane Airfield",42.596944,2.735278,600,EU,France,FR,Occitanie,FR-OCC,OCC,,0,,,,LF6660,https://www.canigouairlines.com/,,,50,2024-05-13T15:35:40+00:00
528911,FR-0824,small_airport,"Rouveirolle Airfield",43.939444,4.238056,250,EU,France,FR,Occitanie,FR-OCC,OCC,,0,,,,LF3054,,,,50,2024-05-13T15:36:21+00:00
528912,FR-0825,small_airport,"ST LUC Passa Airfield",42.576111,2.816944,262,EU,France,FR,Occitanie,FR-OCC,OCC,,0,,,,LF6661,,,,50,2024-05-13T15:36:51+00:00
528958,FR-0871,small_airport,"Artigat Airfield",43.146667,1.44,730,EU,France,FR,Occitanie,FR-OCC,OCC,,0,,,,LF0922,,,,50,2024-05-13T16:34:21+00:00
528959,FR-0872,small_airport,"Ercé Airfield",42.851111,1.297222,2730,EU,France,FR,Occitanie,FR-OCC,OCC,,0,,,,LF0954,,,,50,2024-05-13T16:35:39+00:00
528960,FR-0873,small_airport,"Ste Croix Airfield",44.413889,1.943333,1128,EU,France,FR,Occitanie,FR-OCC,OCC,,0,,,,LF1232,,,,50,2024-05-13T16:36:22+00:00
528961,FR-0874,small_airport,"Bozouls Airfield",44.478056,2.747222,1991,EU,France,FR,Occitanie,FR-OCC,OCC,,0,,,,LF1251,http://www.gapulm.fr/,,,50,2024-05-13T16:36:55+00:00
528962,FR-0875,small_airport,"Saint Félix de Lunel Airfield",44.5625,2.541944,1900,EU,France,FR,Occitanie,FR-OCC,OCC,,0,,,,LF1254,,,,50,2024-05-13T16:37:38+00:00
528963,FR-0876,small_airport,"Saint Félix Lauragais Airfield",43.438611,1.908889,712,EU,France,FR,Occitanie,FR-OCC,OCC,,0,,,,LF3135,,,,50,2024-05-13T16:38:02+00:00
528964,FR-0877,small_airport,"Villematier Airfield",43.827222,1.489722,354,EU,France,FR,Occitanie,FR-OCC,OCC,,0,,,,LF3140,,,,50,2024-05-13T16:38:46+00:00
528965,FR-0878,small_airport,"Gibel Airfield",43.301389,1.7025,980,EU,France,FR,Occitanie,FR-OCC,OCC,,0,,,,LF3158,,,,50,2024-05-13T16:39:10+00:00
528966,FR-0879,small_airport,"Molas Airfield",43.416667,0.753611,862,EU,France,FR,Occitanie,FR-OCC,OCC,,0,,,,LF3159,,,,50,2024-05-13T16:39:52+00:00
528967,FR-0880,small_airport,"Cox Airfield",43.7625,1.0525,940,EU,France,FR,Occitanie,FR-OCC,OCC,,0,,,,LF3162,,,,50,2024-05-13T16:40:22+00:00
528968,FR-0881,small_airport,"Girosp Airfield",43.021667,0.779167,1870,EU,France,FR,Occitanie,FR-OCC,OCC,,0,,,,LF3163,,,,50,2024-05-13T16:40:42+00:00
528969,FR-0882,small_airport,"Bretagne d'Armagnac Airfield",43.892222,0.145556,419,EU,France,FR,Occitanie,FR-OCC,OCC,,0,,,,LF3221,,,,50,2024-05-13T16:41:31+00:00
528970,FR-0883,small_airport,"Biran Airfield",43.6775,0.408611,669,EU,France,FR,Occitanie,FR-OCC,OCC,,0,,,,LF3225,,,,50,2024-05-13T16:42:03+00:00
528971,FR-0884,small_airport,"Manent Montane Airfield",43.346944,0.610833,1001,EU,France,FR,Occitanie,FR-OCC,OCC,,0,,,,LF3227,,,,50,2024-05-13T16:42:32+00:00
528972,FR-0885,small_airport,"Saint Elix Theux Airfield",43.437222,0.454167,760,EU,France,FR,Occitanie,FR-OCC,OCC,,0,,,,LF3230,,,,50,2024-05-13T16:42:53+00:00
528973,FR-0886,small_airport,"Idrac Respaillès Airfield",43.511944,0.435278,775,EU,France,FR,Occitanie,FR-OCC,OCC,,0,,,,LF3232,,,,50,2024-05-13T16:43:49+00:00
528974,FR-0887,small_airport,"Lectoure Marsolan Airfield",43.955278,0.521389,590,EU,France,FR,Occitanie,FR-OCC,OCC,,0,,,,LF3233,,,,50,2024-05-13T16:44:22+00:00
528975,FR-0888,small_airport,"Simorre le Puntous Airfield",43.439444,0.746944,900,EU,France,FR,Occitanie,FR-OCC,OCC,,0,,,,LF3238,,,,50,2024-05-13T16:44:59+00:00
528976,FR-0889,small_airport,"Maupas Airfield",43.830556,-0.123611,250,EU,France,FR,Occitanie,FR-OCC,OCC,,0,,,,LF3251,http://ulm.armagnac.free.fr/,,,50,2024-05-13T16:45:38+00:00
528977,FR-0890,small_airport,"Saint Clar Airfield",43.912222,0.747222,574,EU,France,FR,Occitanie,FR-OCC,OCC,,0,,,,LF3254,http://www.altima-ulm.fr/index.php?option=com_content&view=section&layout=blog&id=6&Itemid=5,,,50,2024-05-13T16:46:25+00:00
528978,FR-0891,small_airport,"Brugnens Airfield",43.833611,0.731111,597,EU,France,FR,Occitanie,FR-OCC,OCC,,0,,,,LF3255,,,,50,2024-05-13T16:46:56+00:00
528979,FR-0892,small_airport,"Goux Airfield",43.605833,-0.018056,426,EU,France,FR,Occitanie,FR-OCC,OCC,,0,,,,LF3256,,,,50,2024-05-13T16:47:25+00:00
528980,FR-0893,small_airport,"Montréal du Gers Airfield",43.943611,0.191944,301,EU,France,FR,Occitanie,FR-OCC,OCC,,0,,,,LF3257,,,,50,2024-05-13T16:48:11+00:00
528981,FR-0894,small_airport,"Gelard Airfield",43.502778,0.195278,591,EU,France,FR,Occitanie,FR-OCC,OCC,,0,,,,LF3259,,,,50,2024-05-13T16:48:27+00:00
528982,FR-0895,small_airport,"En Lébé Airfield",43.668333,0.916389,590,EU,France,FR,Occitanie,FR-OCC,OCC,,0,,,,LF3260,https://www.gitedenlebe.fr/,,,50,2024-05-13T16:49:03+00:00
528983,FR-0896,small_airport,"Bassoues Airfield",43.578333,0.269444,600,EU,France,FR,Occitanie,FR-OCC,OCC,,0,,,,LF3264,,,,50,2024-05-13T16:49:31+00:00
528984,FR-0897,small_airport,"Mauvezin Airfield",43.736944,0.864444,510,EU,France,FR,Occitanie,FR-OCC,OCC,,0,,,,LF3265,,,,50,2024-05-13T16:49:55+00:00
528985,FR-0898,small_airport,"Nauxion Airfield",43.737222,0.473611,745,EU,France,FR,Occitanie,FR-OCC,OCC,,0,,,,LF3266,,,,50,2024-05-13T16:50:17+00:00
528986,FR-0899,small_airport,"Gondrin Airfield",43.906944,0.248889,540,EU,France,FR,Occitanie,FR-OCC,OCC,,0,,,,LF3268,,,,50,2024-05-13T16:50:41+00:00
528987,FR-0900,small_airport,"ULM LECROS Airfield",43.879722,3.346389,2395,EU,France,FR,Occitanie,FR-OCC,OCC,,0,,,,LF3466,,,,50,2024-05-13T16:51:05+00:00
528988,FR-0901,small_airport,"Saint Médard de Presque Airfield",44.843056,1.831111,1246,EU,France,FR,Occitanie,FR-OCC,OCC,,0,,,,LF4627,,,,50,2024-05-13T16:51:23+00:00
528989,FR-0902,small_airport,"Vers Airfield",44.486389,1.533056,981,EU,France,FR,Occitanie,FR-OCC,OCC,,0,,,,LF4631,,,,50,2024-05-13T16:51:57+00:00
528990,FR-0903,small_airport,"Montfaucon Airfield",44.691111,1.619167,1148,EU,France,FR,Occitanie,FR-OCC,OCC,,0,,,,LF4632,https://ulmclublotois.wixsite.com/ulmclub,,,50,2024-05-13T16:52:36+00:00
528991,FR-0904,small_airport,"Cézac Airfield",44.3475,1.347778,902,EU,France,FR,Occitanie,FR-OCC,OCC,,0,,,,LF4651,,,,50,2024-05-13T16:52:56+00:00
528993,FR-0906,small_airport,"Anères Airfield",43.080833,0.466389,1600,EU,France,FR,Occitanie,FR-OCC,OCC,,0,,,,LF6538,,,,50,2024-05-13T16:53:41+00:00
528994,FR-0907,small_airport,"Luquet Airfield",43.241944,-0.1175,1345,EU,France,FR,Occitanie,FR-OCC,OCC,,0,,,,LF6551,https://www.ulm-luquet.fr/,,,50,2024-05-13T16:54:45+00:00
528995,FR-0908,small_airport,"Saint Affrique les Montagnes Airfield",43.544722,2.211389,590,EU,France,FR,Occitanie,FR-OCC,OCC,,0,,,,LF8123,http://www.ulm-castres.com/,,,50,2024-05-13T16:55:12+00:00
528996,FR-0909,small_airport,"La Ramière Airfield",43.7475,1.815556,420,EU,France,FR,Occitanie,FR-OCC,OCC,,0,,,,LF8153,https://www.ulm31.fr/ulm-toulouse/venir-au-club/venir-par-les-airs.html,,,50,2024-05-13T16:56:14+00:00
528997,FR-0910,small_airport,"Saint Lieux les Lavaur Airfield",43.761389,1.741111,400,EU,France,FR,Occitanie,FR-OCC,OCC,,0,,,,LF8154,https://www.ulm-st-lieux.fr/,,,50,2024-05-13T16:56:47+00:00
528998,FR-0911,small_airport,"Coufouleux Airfield",43.801667,1.718611,406,EU,France,FR,Occitanie,FR-OCC,OCC,,0,,,,LF8155,,,,50,2024-05-13T16:57:31+00:00
528999,FR-0912,small_airport,"Roquemaure Airfield",43.821667,1.605278,630,EU,France,FR,Occitanie,FR-OCC,OCC,,0,,,,LF8159,,,,50,2024-05-13T16:58:01+00:00
529001,FR-0914,small_airport,"Maubec Solomiac Airfield",43.788333,0.911389,575,EU,France,FR,Occitanie,FR-OCC,OCC,,0,,,,LF8252,,,,50,2024-05-13T16:59:41+00:00
529002,FR-0915,small_airport,"Léguille Monclar de Quercy Airfield",43.964722,1.556111,432,EU,France,FR,Occitanie,FR-OCC,OCC,,0,,,,LF8253,,,,50,2024-05-13T17:00:22+00:00
529003,FR-0916,small_airport,"Les Gardios Négrepelisse Airfield",44.080833,1.500833,328,EU,France,FR,Occitanie,FR-OCC,OCC,,0,,,,LF8254,https://ulmbrunet.wordpress.com/,,,50,2024-05-13T17:00:54+00:00
529004,FR-0917,small_airport,"Banadets Airfield",44.048333,1.283333,280,EU,France,FR,Occitanie,FR-OCC,OCC,,0,,,,LF8255,https://ulmmpy.wixsite.com/ulmmidipyrenee,,,50,2024-05-13T17:01:38+00:00
529005,FR-0918,small_airport,"Montbartier Airfield",43.899722,1.275833,420,EU,France,FR,Occitanie,FR-OCC,OCC,,0,,,,LF8256,,,,50,2024-05-13T17:02:17+00:00
529006,FR-0919,small_airport,"Labastide Saint Pierre Airfield",43.898333,1.364444,330,EU,France,FR,Occitanie,FR-OCC,OCC,,0,,,,LF8257,,,,50,2024-05-13T17:02:49+00:00
529007,FR-0920,small_airport,"Fabas Airfield",43.853889,1.358889,486,EU,France,FR,Occitanie,FR-OCC,OCC,,0,,,,LF8259,,,,50,2024-05-13T17:03:15+00:00
529008,FR-0921,small_airport,"Nadesse Airfield",43.854167,1.186944,390,EU,France,FR,Occitanie,FR-OCC,OCC,,0,,,,LF8261,,,,50,2024-05-13T17:03:41+00:00
529009,FR-0922,small_airport,"La Boulouze Airfield",43.499167,1.018889,656,EU,France,FR,Occitanie,FR-OCC,OCC,,0,,,,LF3229,,,,50,2024-05-13T17:04:09+00:00
529011,FR-0924,small_airport,"Monferran Saves Airfield",43.601944,0.967778,984,EU,France,FR,Occitanie,FR-OCC,OCC,,0,,,,LF3270,,,,50,2024-05-13T17:05:31+00:00
529012,FR-0925,small_airport,"le tustet Airfield",43.806667,0.6075,420,EU,France,FR,Occitanie,FR-OCC,OCC,,0,,,,LF3271,,,,50,2024-05-13T17:05:55+00:00
529013,FR-0926,small_airport,"Jourdan Airfield",43.435556,1.152222,770,EU,France,FR,Occitanie,FR-OCC,OCC,,0,,,,LF3164,,,,50,2024-05-13T17:06:26+00:00
529014,FR-0927,small_airport,"Conques Airfield",44.608889,2.428056,1900,EU,France,FR,Occitanie,FR-OCC,OCC,,0,,,,LF1256,,,,50,2024-05-13T17:06:51+00:00
529015,FR-0928,small_airport,"Berdoues Airfield",43.470556,0.389167,665,EU,France,FR,Occitanie,FR-OCC,OCC,,0,,,,LF3226,,,,50,2024-05-13T17:07:36+00:00
529016,FR-0929,small_airport,"Caylus Airfield",44.2225,1.7325,1035,EU,France,FR,Occitanie,FR-OCC,OCC,,0,,,,LF8226,,,,50,2024-05-13T17:08:02+00:00
529017,FR-0930,small_airport,"Caussade Septfonds Airfield",44.18,1.597222,644,EU,France,FR,Occitanie,FR-OCC,OCC,,0,,,,LF8225,,,,50,2024-05-13T17:08:32+00:00
529018,FR-0931,small_airport,"La Grand Borde Airfield",43.444167,1.569722,750,EU,France,FR,Occitanie,FR-OCC,OCC,,0,,,,LF3165,,,,50,2024-05-13T17:09:08+00:00
529221,FR-1058,small_airport,"Tornac Airfield",44.012222,3.963333,690,EU,France,FR,Occitanie,FR-OCC,OCC,,0,,,,LF3023,,,,50,2024-05-14T06:31:51+00:00
529223,FR-1060,small_airport,"Le Grand Plantier Airfield",43.822778,4.126111,210,EU,France,FR,Occitanie,FR-OCC,OCC,,0,,,,LF3053,,,,50,2024-05-14T06:33:28+00:00
529230,FR-1066,small_airport,"Labatut Rivière Airfield",43.521111,0.034722,534,EU,France,FR,Occitanie,FR-OCC,OCC,,0,,,,LF6539,,,,50,2024-05-14T06:46:04+00:00
529281,FR-1105,small_airport,"Gardouch Airfield",43.401667,1.686389,564,EU,France,FR,Occitanie,FR-OCC,OCC,,0,,,,LF3136,,,,50,2024-05-14T08:56:49+00:00
529282,FR-1106,small_airport,"Cier de Riviere Airfield",43.067778,0.628611,1312,EU,France,FR,Occitanie,FR-OCC,OCC,,0,,,,LF3137,,,,50,2024-05-14T08:57:23+00:00
529283,FR-1107,small_airport,"Arrouède Airfield",43.354722,0.580278,1050,EU,France,FR,Occitanie,FR-OCC,OCC,,0,,,,LF3267,,,,50,2024-05-14T08:59:35+00:00
529302,FR-1122,small_airport,"Rabastens de Bigorre Airfield",43.377778,0.161944,650,EU,France,FR,Occitanie,FR-OCC,OCC,,0,,,,LF6552,,,,50,2024-05-14T09:15:18+00:00
529303,FR-1123,small_airport,"Vic en Bigorre Airfield",43.393333,0.101667,705,EU,France,FR,Occitanie,FR-OCC,OCC,,0,,,,LF6553,,,,50,2024-05-14T09:16:09+00:00
529309,FR-1129,small_airport,"La Ville Dieu Airfield",44.025278,1.217778,305,EU,France,FR,Occitanie,FR-OCC,OCC,,0,,,,LF8264,,,,50,2024-05-14T09:22:47+00:00
29006,LFTM,small_airport,"Serres - La Bâtie-Montsaléon Airfield",44.458302,5.72833,2345,EU,France,FR,Provence-Alpes-Côte-d'Azur,FR-PAC,PAC,,0,LFTM,,,,,https://fr.wikipedia.org/wiki/A%C3%A9rodrome_de_Serres_-_La_B%C3%A2tie-Montsal%C3%A9on,,50,2024-05-15T20:16:10+00:00
322154,FR-0356,small_airport,"Seyne les Alpes Glider Field",44.341944,6.372778,3937,EU,France,FR,Provence-Alpes-Côte-d'Azur,FR-PAC,PAC,,0,,,,LF0430,,,,50,2024-05-15T10:39:02+00:00
529090,FR-1003,small_airport,"Crots Airfield",44.536667,6.435,2600,EU,France,FR,Provence-Alpes-Côte-d'Azur,FR-PAC,PAC,,0,,,,,,,LF0551,50,2024-10-19T07:06:00+00:00
529095,FR-1008,small_airport,"Brue Auriac St Estève Airfield",43.505556,5.918611,900,EU,France,FR,Provence-Alpes-Côte-d'Azur,FR-PAC,PAC,,0,,,,LF8329,,,,50,2024-05-13T18:06:52+00:00
529096,FR-1009,small_airport,"Pourrières Airfield",43.48,5.710278,787,EU,France,FR,Provence-Alpes-Côte-d'Azur,FR-PAC,PAC,,0,,,,LF8355,https://www.vsv-ulm.com/,,,50,2024-05-13T18:07:32+00:00
28853,LFFW,small_airport,"Montaigu St Georges Airfield",46.933102,-1.32556,184,EU,France,FR,Pays-de-la-Loire,FR-PDL,PDL,,0,LFFW,,,,,https://fr.wikipedia.org/wiki/A%C3%A9rodrome_de_Montaigu-Saint-Georges,,50,2024-05-15T18:41:42+00:00
316148,FR-0339,small_airport,"Saint Sigismond ULM",47.439444,-0.935833,243,EU,France,FR,Pays-de-la-Loire,FR-PDL,PDL,,0,,,,LF4923,,,,50,2024-05-15T12:01:39+00:00
331649,FR-0183,small_airport,"Aérodrome de Monhoudou",48.2758993,0.3257194,,EU,France,FR,Pays-de-la-Loire,FR-PDL,PDL,,0,,,,,,,,50,2019-07-13T07:03:11+00:00
342519,FR-0474,small_airport,"Aérodrome de l'Emonière",47.05997,-1.35325,,EU,France,FR,Pays-de-la-Loire,FR-PDL,PDL,,0,,,,,,,,50,2021-03-31T05:44:58+00:00
343347,FR-0478,small_airport,"Aérodrome de Cossé le Vivien",47.97263,-0.91864,,EU,France,FR,Pays-de-la-Loire,FR-PDL,PDL,,0,,,,,,,,50,2021-04-22T05:05:54+00:00
346267,FR-0480,small_airport,"Cizay-la-Madeleine UL",47.17962,-0.15915,,EU,France,FR,Pays-de-la-Loire,FR-PDL,PDL,,0,,,,,,,,50,2021-07-08T07:56:06+00:00
346433,FR-0481,small_airport,"Piste privée de La Cornélie",46.84447,-1.77088,,EU,France,FR,Pays-de-la-Loire,FR-PDL,PDL,,0,,,,,,,,50,2021-07-15T01:45:58+00:00
349121,FR-0489,small_airport,"Chaillé-les-Marais Private Airstrip",46.40527,-1.03049,,EU,France,FR,Pays-de-la-Loire,FR-PDL,PDL,,0,,,,,,,,50,2021-10-25T05:15:46+00:00
528951,FR-0864,small_airport,"Piacé Airfield",48.271111,0.103889,305,EU,France,FR,Pays-de-la-Loire,FR-PDL,PDL,,0,,,,LF7228,,,,50,2024-05-15T13:34:37+00:00
528952,FR-0865,small_airport,"Assé le Riboul Airfield",48.195278,0.099444,300,EU,France,FR,Pays-de-la-Loire,FR-PDL,PDL,,0,,,,LF7258,,,,50,2024-05-13T16:26:47+00:00
28893,LFHX,small_airport,"Lapalisse - Périgny Airfield",46.253899,3.58861,1040,EU,France,FR,Auvergne-Rhône-Alpes,FR-ARA,ARA,,0,LFHX,,,,,http://fr.wikipedia.org/wiki/A%C3%A9rodrome_de_Lapalisse_-_P%C3%A9rigny,,50,2021-06-13T07:35:49+00:00
28922,LFKM,small_airport,"St Galmier Airfield",45.607201,4.30583,1266,EU,France,FR,Auvergne-Rhône-Alpes,FR-ARA,ARA,,0,LFKM,,,,,https://fr.wikipedia.org/wiki/A%C3%A9rodrome_de_Saint-Galmier,,50,2024-05-15T19:32:20+00:00
315968,FR-0334,small_airport,"Verneuil en Bourbonnais",46.359444,3.268056,885,EU,France,FR,Auvergne-Rhône-Alpes,FR-ARA,ARA,,0,,,,LF0354,,,,50,2024-05-15T10:19:47+00:00
342315,FR-0468,small_airport,"Altisurface du Glacier du Passon ""du haut""",45.98044,6.979303,9750,EU,France,FR,Auvergne-Rhône-Alpes,FR-ARA,ARA,,0,,,,,,,,50,2021-03-24T05:28:16+00:00
527231,FR-0565,small_airport,"La Tuilière Airfield",46.532778,3.118333,860,EU,France,FR,Auvergne-Rhône-Alpes,FR-ARA,ARA,,0,,,,LF0369,,,,50,2024-04-29T16:17:33+00:00
528723,FR-0663,small_airport,"Le Bruel Airfield",44.743056,2.200278,1427,EU,France,FR,Auvergne-Rhône-Alpes,FR-ARA,ARA,,0,,,,LF1553,,,,50,2024-05-13T08:48:22+00:00
528724,FR-0664,small_airport,"Mazeyrat Airfield",45.108056,3.503611,1700,EU,France,FR,Auvergne-Rhône-Alpes,FR-ARA,ARA,,0,,,,LF4321,,,,50,2024-05-13T08:48:59+00:00
528725,FR-0665,small_airport,"Charbonnières les Vieilles Airfield",46.013611,3.023889,2067,EU,France,FR,Auvergne-Rhône-Alpes,FR-ARA,ARA,,0,,,,LF6324,,,,50,2024-05-13T08:49:37+00:00
528731,FR-0671,small_airport,"Mounier Haut Airfield",46.027222,3.668611,2503,EU,France,FR,Auvergne-Rhône-Alpes,FR-ARA,ARA,,0,,,,LF0370,,,,50,2024-05-13T08:54:57+00:00
528884,FR-0805,small_airport,"Le Peuch Airfield",44.900278,3.106667,3000,EU,France,FR,Auvergne-Rhône-Alpes,FR-ARA,ARA,,0,,,,LF1552,,,,50,2024-05-15T13:29:19+00:00
528922,FR-0835,small_airport,"Saint Priest des Champs Airfield",45.958889,2.748889,2250,EU,France,FR,Auvergne-Rhône-Alpes,FR-ARA,ARA,,0,,,,LF6321,,,,50,2024-05-15T13:30:33+00:00
528924,FR-0837,small_airport,"Verneugheol Airfield",45.768056,2.503889,2395,EU,France,FR,Auvergne-Rhône-Alpes,FR-ARA,ARA,,0,,,,LF6354,,,,50,2024-05-15T13:31:30+00:00
528926,FR-0839,small_airport,"Saint-Julien Sancy Airfield",45.660833,2.674444,3140,EU,France,FR,Auvergne-Rhône-Alpes,FR-ARA,ARA,,0,,,,LF6356,http://ailesdespuys.fr/,,,50,2024-05-15T13:32:17+00:00
529106,FR-1019,small_airport,"Deyras Saint Victor Airfield",45.093333,4.706944,1570,EU,France,FR,Auvergne-Rhône-Alpes,FR-ARA,ARA,,0,,,,LF0753,https://airdeschoix.fr/,,,50,2024-05-13T18:16:48+00:00
529108,FR-1021,small_airport,"Ratières Les Allandaines Airfield",45.166111,4.979167,886,EU,France,FR,Auvergne-Rhône-Alpes,FR-ARA,ARA,,0,,,,LF2629,http://tourair.free.fr/,,,50,2024-05-13T18:20:01+00:00
529110,FR-1023,small_airport,"Saint-Martin Airfield",44.588056,5.541389,3205,EU,France,FR,Auvergne-Rhône-Alpes,FR-ARA,ARA,,0,,,,LF2655,,,,50,2024-05-13T18:22:24+00:00
529111,FR-1024,small_airport,"Monestier de Clermont Les Verd Airfield",44.924167,5.612222,3250,EU,France,FR,Auvergne-Rhône-Alpes,FR-ARA,ARA,,0,,,,LF3851,,,,50,2024-05-13T18:23:25+00:00
529113,FR-1026,small_airport,"Saint Vincent de Mercuze Airfield",45.368333,5.968889,846,EU,France,FR,Auvergne-Rhône-Alpes,FR-ARA,ARA,,0,,,,LF3853,,,,50,2024-05-13T18:24:37+00:00
529115,FR-1028,small_airport,"Montverdun Airfield",45.704444,4.074722,1296,EU,France,FR,Auvergne-Rhône-Alpes,FR-ARA,ARA,,0,,,,LF4223,,,,50,2024-05-13T18:25:52+00:00
529116,FR-1029,small_airport,"Précieux Airfield",45.588056,4.175556,1200,EU,France,FR,Auvergne-Rhône-Alpes,FR-ARA,ARA,,0,,,,LF4224,,,,50,2024-05-13T18:26:11+00:00
529117,FR-1030,small_airport,"Cret de Montieux Airfield",45.463889,4.607778,2384,EU,France,FR,Auvergne-Rhône-Alpes,FR-ARA,ARA,,0,,,,LF4226,,,,50,2024-05-13T18:27:11+00:00
529118,FR-1031,small_airport,"Les Vastres Airfield",44.985278,4.2675,3706,EU,France,FR,Auvergne-Rhône-Alpes,FR-ARA,ARA,,0,,,,LF4323,,,,50,2024-05-13T18:27:46+00:00
529120,FR-1033,small_airport,"Habère Poche Airfield",46.271944,6.463889,3652,EU,France,FR,Auvergne-Rhône-Alpes,FR-ARA,ARA,,0,,,,LF7469,,,,50,2024-05-13T18:29:50+00:00
529121,FR-1034,small_airport,"Cervens Airfield",46.292778,6.445,2034,EU,France,FR,Auvergne-Rhône-Alpes,FR-ARA,ARA,,0,,,,LF7470,https://www.alpulm.fr/,,,50,2024-05-13T18:30:30+00:00
529124,FR-1037,small_airport,"Saint Hilaire du Rosier Airfield",45.090833,5.231111,722,EU,France,FR,Auvergne-Rhône-Alpes,FR-ARA,ARA,,0,,,,LF3874,,,,50,2024-05-13T18:33:45+00:00
529126,FR-1039,small_airport,"Le Parasoir Airfield",46.031944,4.555833,2110,EU,France,FR,Auvergne-Rhône-Alpes,FR-ARA,ARA,,0,,,,LF6953,https://www.leparasoir.com/et-m%C3%AAme-en-avion/,,,50,2024-05-13T18:35:48+00:00
529127,FR-1040,small_airport,"Creysseilles les croix Airfield",44.765,4.536111,2500,EU,France,FR,Auvergne-Rhône-Alpes,FR-ARA,ARA,,0,,,,LF0754,,,,50,2024-05-13T18:38:31+00:00
529212,FR-1050,small_airport,"Champis 07 Airfield",44.941111,4.761944,1968,EU,France,FR,Auvergne-Rhône-Alpes,FR-ARA,ARA,,0,,,,LF0755,,,,50,2024-05-14T06:13:43+00:00
529290,FR-1113,small_airport,"Lumbin Airfield",45.301944,5.915556,720,EU,France,FR,Auvergne-Rhône-Alpes,FR-ARA,ARA,,0,,,,LF3857,https://www.coupe-icare.org/st-hilaire-lumbin.html,,,50,2024-05-14T09:06:40+00:00
529294,FR-1116,small_airport,"La jalabertière Airfield",45.483889,4.467778,1755,EU,France,FR,Auvergne-Rhône-Alpes,FR-ARA,ARA,,0,,,,LF4230,,,,50,2024-05-14T09:09:34+00:00
29015,FR-1259,closed,"Le Valdahon Air Base",47.166698,6.35,2067,EU,France,FR,Bourgogne-Franche-Comté,FR-BFC,BFC,,0,,,,,,,LFXH,50,2025-02-25T14:48:54+00:00
528741,FR-0680,small_airport,"Auxey Duresses Airfield",46.998889,4.735,1378,EU,France,FR,Bourgogne-Franche-Comté,FR-BFC,BFC,,0,,,,LF2121,,,,50,2024-05-13T09:04:08+00:00
528744,FR-0682,small_airport,"Dampierre et Flée Airfield",47.4775,5.358333,820,EU,France,FR,Bourgogne-Franche-Comté,FR-BFC,BFC,,0,,,,LF2123,,,,50,2024-05-13T09:05:27+00:00
528748,FR-0686,small_airport,"Saint-Romain Airfield",47.016944,4.699722,1790,EU,France,FR,Bourgogne-Franche-Comté,FR-BFC,BFC,,0,,,,LF2162,http://www.saintromain.free.fr/,,,50,2024-05-13T09:07:55+00:00
528749,FR-0687,small_airport,"Nantoux Airfield",47.023889,4.757222,1138,EU,France,FR,Bourgogne-Franche-Comté,FR-BFC,BFC,,0,,,,LF2163,,,,50,2024-05-13T09:08:53+00:00
528751,FR-0689,small_airport,"Ville Langy Airfield",46.9475,3.490278,902,EU,France,FR,Bourgogne-Franche-Comté,FR-BFC,BFC,,0,,,,LF5825,,,,50,2024-05-13T09:09:57+00:00
528752,FR-0690,small_airport,"Champlemy Airfield",47.290833,3.363333,1020,EU,France,FR,Bourgogne-Franche-Comté,FR-BFC,BFC,,0,,,,LF5826,,,,50,2024-05-13T09:10:34+00:00
528753,FR-0691,small_airport,"Luzy Airfield",46.779167,3.983333,920,EU,France,FR,Bourgogne-Franche-Comté,FR-BFC,BFC,,0,,,,LF5827,http://lestroisailes.free.fr,,,50,2024-05-13T09:11:25+00:00
528754,FR-0692,small_airport,"Béard Airfield",46.864722,3.335833,770,EU,France,FR,Bourgogne-Franche-Comté,FR-BFC,BFC,,0,,,,LF5854,,,,50,2024-05-13T09:12:39+00:00
528758,FR-0696,small_airport,"Courgenay Airfield",48.315833,3.556944,581,EU,France,FR,Bourgogne-Franche-Comté,FR-BFC,BFC,,0,,,,LF8922,,,,50,2024-05-13T09:15:17+00:00
528761,FR-0699,small_airport,"Egriselles-le-Bocage Airfield",48.116944,3.168611,643,EU,France,FR,Bourgogne-Franche-Comté,FR-BFC,BFC,,0,,,,LF8953,,,,50,2024-05-13T09:16:55+00:00
528762,FR-0700,small_airport,"Saint Fargeau Airfield",47.621944,3.106389,765,EU,France,FR,Bourgogne-Franche-Comté,FR-BFC,BFC,,0,,,,LF8955,,,,50,2024-05-13T09:18:32+00:00
528763,FR-0701,small_airport,"Saint Martin des Champs Airfield",47.665278,3.044167,665,EU,France,FR,Bourgogne-Franche-Comté,FR-BFC,BFC,,0,,,,LF8957,,,,50,2024-05-13T09:19:05+00:00
528764,FR-0702,small_airport,"Le Charmois Airfield",47.019722,3.779444,919,EU,France,FR,Bourgogne-Franche-Comté,FR-BFC,BFC,,0,,,,LF5855,,,,50,2024-05-13T09:19:53+00:00
528765,FR-0703,small_airport,"ulm St Eusebe Airfield",46.725556,4.449444,1050,EU,France,FR,Bourgogne-Franche-Comté,FR-BFC,BFC,,0,,,,LF7154,,,,50,2024-05-13T09:21:07+00:00
528849,FR-0771,small_airport,"Bonnay Airfield",47.333611,6.035833,751,EU,France,FR,Bourgogne-Franche-Comté,FR-BFC,BFC,,0,,,,LF2552,https://www.ulm25.fr/,,,50,2024-05-13T13:23:24+00:00
528852,FR-0774,small_airport,"Lombard Airfield",46.769444,5.498333,682,EU,France,FR,Bourgogne-Franche-Comté,FR-BFC,BFC,,0,,,,LF3921,,,,50,2024-05-13T13:25:16+00:00
528855,FR-0777,small_airport,"Vigearde Airfield",47.211667,5.710278,955,EU,France,FR,Bourgogne-Franche-Comté,FR-BFC,BFC,,0,,,,LF3954,,,,50,2024-05-13T13:26:33+00:00
528868,FR-0789,small_airport,"Bay Airfield",47.301389,5.704167,709,EU,France,FR,Bourgogne-Franche-Comté,FR-BFC,BFC,,0,,,,LF7030,,,,50,2024-05-13T13:33:13+00:00
528873,FR-0794,small_airport,"Sagy Airfield",46.615556,5.352778,640,EU,France,FR,Bourgogne-Franche-Comté,FR-BFC,BFC,,0,,,,LF7121,,,,50,2024-05-13T13:36:48+00:00
528874,FR-0795,small_airport,"Arthenas Airfield",46.574167,5.536389,1560,EU,France,FR,Bourgogne-Franche-Comté,FR-BFC,BFC,,0,,,,LF3958,https://aerocopter.fr/,,,50,2024-05-13T13:38:38+00:00
528482,FR-0583,small_airport,"Poullaouen Le Stancou Airfield",48.357222,-3.663333,492,EU,France,FR,Brittany,FR-BRE,BRE,,0,,,,LF2922,,,,50,2024-05-11T18:08:41+00:00
528736,FR-0676,small_airport,"Amanlis Janzé Airfield",47.993056,-1.491389,203,EU,France,FR,Brittany,FR-BRE,BRE,,0,,,,LF3552,,,,50,2024-05-13T08:58:08+00:00
528738,FR-0678,small_airport,"Queneleuc Airfield",48.098333,-2.076389,246,EU,France,FR,Brittany,FR-BRE,BRE,,0,,,,LF3558,,,,50,2024-05-13T09:00:34+00:00
528739,FR-0679,small_airport,"Quily Airfield",47.883333,-2.486944,436,EU,France,FR,Brittany,FR-BRE,BRE,,0,,,,LF5654,,,,50,2024-05-13T09:01:10+00:00
528946,FR-0859,small_airport,"Landéan (Fougères) Airfield",48.428333,-1.16,541,EU,France,FR,Brittany,FR-BRE,BRE,,0,,,,LF3551,,,,50,2024-05-15T13:33:46+00:00
528947,FR-0860,small_airport,"Mont Saint Michel Airfield",48.604444,-1.551667,16,EU,France,FR,Brittany,FR-BRE,BRE,,0,,,,LF3553,,,,50,2024-05-15T13:34:11+00:00
529036,FR-0949,small_airport,"La Bochet Airfield",47.531667,-2.114444,144,EU,France,FR,Brittany,FR-BRE,BRE,,0,,,,LF5653,,,,50,2024-05-13T17:22:54+00:00
529047,FR-0960,small_airport,"Pléchatel Faroulais Airfield",47.873333,-1.740556,361,EU,France,FR,Brittany,FR-BRE,BRE,,0,,,,LF3563,,,,50,2024-05-15T13:39:57+00:00
529285,FR-1109,small_airport,"La Dominelais Airfield",47.75,-1.649444,138,EU,France,FR,Brittany,FR-BRE,BRE,,0,,,,LF3555,,,,50,2024-05-15T13:46:26+00:00
528483,FR-0584,small_airport,"domaine Aliso Rossi Airfield",42.646944,9.288056,49,EU,France,FR,Corsica,FR-COR,COR,,0,,,,LF2B24,,,,50,2024-05-11T18:10:32+00:00
528846,FR-0768,small_airport,"Vaitella Galeria",42.416111,8.707778,144,EU,France,FR,Corsica,FR-COR,COR,,0,,,,LF2B26,,,,50,2024-05-14T05:41:51+00:00
529220,FR-1057,small_airport,"Aléria Padulone Airfield",42.108056,9.5425,5,EU,France,FR,Corsica,FR-COR,COR,,0,,,,LF2B25,,,,50,2024-05-14T06:28:47+00:00
530672,FR-1166,small_airport,"Tallone Airfield",42.165556,9.522778,90,EU,France,FR,Corsica,FR-COR,COR,,0,,,,LF2B27,,,,50,2024-05-24T11:39:03+00:00
28845,LFFL,small_airport,"Bailleau Armenonville Airfield",48.5158,1.64,509,EU,France,FR,"Centre-Val de Loire",FR-CVL,CVL,,0,LFFL,,,,,,,50,2024-05-15T18:36:59+00:00
28851,LFFU,small_airport,"Châteauneuf Sur Cher Airfield",46.871101,2.37694,551,EU,France,FR,"Centre-Val de Loire",FR-CVL,CVL,,0,LFFU,,,,,https://fr.wikipedia.org/wiki/A%C3%A9rodrome_de_Ch%C3%A2teauneuf-sur-Cher,,50,2024-05-15T18:41:05+00:00
339786,FR-0451,small_airport,"Aerodrome de Fougères-sur-Bièvre",47.45769,1.36382,335,EU,France,FR,"Centre-Val de Loire",FR-CVL,CVL,,0,,,,LF4128,,,,50,2021-01-18T08:42:41+00:00
528484,FR-0585,small_airport,"Neuvy le Roi Airfield",47.586667,0.628611,400,EU,France,FR,"Centre-Val de Loire",FR-CVL,CVL,,0,,,,LF3721,http://www.ulmracan.fr,,,50,2024-05-11T18:13:49+00:00
528485,FR-0586,small_airport,"Orbigny Les Pallis Airfield",47.221389,1.285556,528,EU,France,FR,"Centre-Val de Loire",FR-CVL,CVL,,0,,,,LF3724,,,,50,2024-05-11T18:15:36+00:00
528486,FR-0587,small_airport,"Loches Airfield",47.153889,1.014167,390,EU,France,FR,"Centre-Val de Loire",FR-CVL,CVL,,0,,,,LF3752,http://www.natur-ailes.fr,,,50,2024-05-11T18:18:13+00:00
528766,FR-0704,small_airport,"Coust Colombiers Airfield",46.679167,2.574444,720,EU,France,FR,"Centre-Val de Loire",FR-CVL,CVL,,0,,,,LF1821,,,,50,2024-05-13T09:22:10+00:00
528768,FR-0705,small_airport,"Guilly Airfield",47.148333,2.598889,574,EU,France,FR,"Centre-Val de Loire",FR-CVL,CVL,,0,,,,LF1822,,,,50,2024-05-13T09:22:56+00:00
528769,FR-0706,small_airport,"Dun sur Auron Airfield",46.876111,2.503611,515,EU,France,FR,"Centre-Val de Loire",FR-CVL,CVL,,0,,,,LF1852,,,,50,2024-05-13T09:23:18+00:00
528770,FR-0707,small_airport,"Sainte Thorette Airfield",47.075833,2.213889,400,EU,France,FR,"Centre-Val de Loire",FR-CVL,CVL,,0,,,,LF1853,https://abul.asso.fr/new/,,,50,2024-05-13T09:24:32+00:00
528771,FR-0708,small_airport,"Saint Christophe Airfield",46.580278,2.403889,880,EU,France,FR,"Centre-Val de Loire",FR-CVL,CVL,,0,,,,LF1854,,,,50,2024-05-13T09:25:08+00:00
528772,FR-0709,small_airport,"Jouet sur l'Aubois Airfield",47.0425,2.995556,640,EU,France,FR,"Centre-Val de Loire",FR-CVL,CVL,,0,,,,LF1856,,,,50,2024-05-13T09:25:33+00:00
528775,FR-0712,small_airport,"Santilly Airfield",48.158889,1.853333,425,EU,France,FR,"Centre-Val de Loire",FR-CVL,CVL,,0,,,,LF2825,,,,50,2024-05-13T09:27:15+00:00
528777,FR-0714,small_airport,"Houville La Branche Airfield",48.453056,1.629722,496,EU,France,FR,"Centre-Val de Loire",FR-CVL,CVL,,0,,,,LF2851,,,,50,2024-05-13T09:29:33+00:00
528779,FR-0716,small_airport,"Brandes La Perouille Airfield",46.690833,1.530278,535,EU,France,FR,"Centre-Val de Loire",FR-CVL,CVL,,0,,,,LF3623,,,,50,2024-05-13T09:31:22+00:00
528780,FR-0717,small_airport,"Vicq sur Nahon Airfield",47.110833,1.563611,500,EU,France,FR,"Centre-Val de Loire",FR-CVL,CVL,,0,,,,LF3625,,,,50,2024-05-13T09:31:51+00:00
528781,FR-0718,small_airport,"Prissac Airfield",46.519444,1.311944,582,EU,France,FR,"Centre-Val de Loire",FR-CVL,CVL,,0,,,,LF3628,http://www.aerodrome-prissac-ulm.fr/,,,50,2024-05-13T09:33:12+00:00
528782,FR-0719,small_airport,"Le Pavillon Airfield",46.673333,1.461944,525,EU,France,FR,"Centre-Val de Loire",FR-CVL,CVL,,0,,,,LF3630,,,,50,2024-05-13T09:33:34+00:00
528783,FR-0720,small_airport,"Reuilly Airfield",47.075556,2.025556,495,EU,France,FR,"Centre-Val de Loire",FR-CVL,CVL,,0,,,,LF3651,http://www.ulmazur.fr,,,50,2024-05-13T09:34:22+00:00
528784,FR-0721,small_airport,"Villentrois Les Mardelles Airfield",47.17,1.444444,413,EU,France,FR,"Centre-Val de Loire",FR-CVL,CVL,,0,,,,LF3652,,,,50,2024-05-13T09:34:48+00:00
528786,FR-0723,small_airport,"Saint Branchs Airfield",47.221111,0.737778,300,EU,France,FR,"Centre-Val de Loire",FR-CVL,CVL,,0,,,,LF3754,,,,50,2024-05-13T09:36:21+00:00
528788,FR-0724,small_airport,"Ferme de la Braudière Airfield",47.562222,0.307222,256,EU,France,FR,"Centre-Val de Loire",FR-CVL,CVL,,0,,,,LF3760,http://www.aero-hesbaye.eu/Voyages/labaudriere/labaudriere.htm,,,50,2024-05-13T09:37:32+00:00
528789,FR-0725,small_airport,"Les Bardellières Airfield",47.498056,0.437778,360,EU,France,FR,"Centre-Val de Loire",FR-CVL,CVL,,0,,,,LF3765,,,,50,2024-05-13T09:38:02+00:00
528790,FR-0726,small_airport,"Souesmes Airfield",47.448333,2.210833,443,EU,France,FR,"Centre-Val de Loire",FR-CVL,CVL,,0,,,,LF4123,,,,50,2024-05-13T09:38:44+00:00
528791,FR-0727,small_airport,"Sougé Airfield",47.7625,0.738889,203,EU,France,FR,"Centre-Val de Loire",FR-CVL,CVL,,0,,,,LF4124,,,,50,2024-05-13T09:39:06+00:00
528792,FR-0728,small_airport,"Montrichard Airfield",47.335278,1.203056,210,EU,France,FR,"Centre-Val de Loire",FR-CVL,CVL,,0,,,,LF4125,,,,50,2024-05-13T09:39:46+00:00
528793,FR-0729,small_airport,"Cosseneux Vouzon Airfield",47.6025,2.086667,394,EU,France,FR,"Centre-Val de Loire",FR-CVL,CVL,,0,,,,LF4129,,,,50,2024-05-13T09:41:00+00:00
528794,FR-0730,small_airport,"Pontlevoy Airfield",47.385278,1.218889,347,EU,France,FR,"Centre-Val de Loire",FR-CVL,CVL,,0,,,,LF4130,,,,50,2024-05-13T09:41:28+00:00
528795,FR-0731,small_airport,"Chauvigny du Perche Airfield",47.948889,1.068889,623,EU,France,FR,"Centre-Val de Loire",FR-CVL,CVL,,0,,,,LF4153,,,,50,2024-05-13T09:41:59+00:00
528796,FR-0732,small_airport,"Chouzy-sur-Cisse Airfield",47.506944,1.232778,210,EU,France,FR,"Centre-Val de Loire",FR-CVL,CVL,,0,,,,LF4155,,,,50,2024-05-13T09:42:50+00:00
528798,FR-0734,small_airport,"Selles Saint Denis Airfield",47.4,1.916944,293,EU,France,FR,"Centre-Val de Loire",FR-CVL,CVL,,0,,,,LF4157,,,,50,2024-05-13T09:45:13+00:00
528802,FR-0737,small_airport,"Mardié Airfield",47.903611,2.067778,365,EU,France,FR,"Centre-Val de Loire",FR-CVL,CVL,,0,,,,LF4555,http://ucom-paramoteur.fr,,,50,2024-05-13T09:48:36+00:00
528803,FR-0738,small_airport,"Marsainvilliers Airfield",48.221667,2.261111,416,EU,France,FR,"Centre-Val de Loire",FR-CVL,CVL,,0,,,,LF4556,http://www.lesdrolesdoiseaux.fr,,,50,2024-05-13T09:49:19+00:00
528804,FR-0739,small_airport,"Villemoutier Airfield",47.970278,2.573611,328,EU,France,FR,"Centre-Val de Loire",FR-CVL,CVL,,0,,,,LF4557,,,,50,2024-05-13T09:49:50+00:00
528818,FR-0741,small_airport,"Egry Airfield",48.106389,2.448056,361,EU,France,FR,"Centre-Val de Loire",FR-CVL,CVL,,0,,,,LF4559,,,,50,2024-05-13T12:41:19+00:00
528819,FR-0742,small_airport,"Les Avant Gardes Airfield",47.813056,2.235278,350,EU,France,FR,"Centre-Val de Loire",FR-CVL,CVL,,0,,,,LF4561,https://www.les-avant-gardes.com/,,,50,2024-05-13T12:47:25+00:00
528820,FR-0743,small_airport,"St Germain Airfield",47.958333,2.843333,450,EU,France,FR,"Centre-Val de Loire",FR-CVL,CVL,,0,,,,LF4562,,,,50,2024-05-13T12:49:19+00:00
528827,FR-0749,small_airport,"ULM La Cave Airfield",47.872222,2.454444,410,EU,France,FR,"Centre-Val de Loire",FR-CVL,CVL,,0,,,,LF4565,,,,50,2024-05-15T03:07:35+00:00
528830,FR-0752,small_airport,"Saint Hippolyte Airfield",47.061389,1.144167,423,EU,France,FR,"Centre-Val de Loire",FR-CVL,CVL,,0,,,,LF3755,,,,50,2024-05-13T13:03:10+00:00
528877,FR-0798,small_airport,"La Rosétaine Airfield",48.128333,2.937222,429,EU,France,FR,"Centre-Val de Loire",FR-CVL,CVL,,0,,,,LF4560,,,,50,2024-05-15T13:28:41+00:00
529068,FR-0981,small_airport,"Lémeré Airfield",47.086667,0.343056,300,EU,France,FR,"Centre-Val de Loire",FR-CVL,CVL,,0,,,,LF3761,,,,50,2024-05-15T13:40:43+00:00
529069,FR-0982,small_airport,"Brizay Airfield",47.101667,0.383056,262,EU,France,FR,"Centre-Val de Loire",FR-CVL,CVL,,0,,,,LF3763,,,,50,2024-05-15T13:41:04+00:00
529129,FR-1042,small_airport,"Le Buternay Airfield",48.611944,0.841944,817,EU,France,FR,"Centre-Val de Loire",FR-CVL,CVL,,0,,,,LF2856,,,,50,2024-05-15T13:43:24+00:00
529218,FR-1055,small_airport,"Paramoteur Paris Ouest Airfield",48.7675,1.540556,433,EU,France,FR,"Centre-Val de Loire",FR-CVL,CVL,,0,,,,LF2857,,,,50,2024-05-14T06:23:57+00:00
529280,FR-1104,small_airport,"La Saussaye Airfield",48.4125,1.553889,495,EU,France,FR,"Centre-Val de Loire",FR-CVL,CVL,,0,,,,LF2854,https://www.ulm-la-saussaye.fr/,,,50,2024-05-14T08:55:07+00:00
529051,FR-0964,small_airport,"Oisseau Neuville Airfield",48.351111,-0.708889,550,EU,France,FR,Pays-de-la-Loire,FR-PDL,PDL,,0,,,,LF5355,,,,50,2024-05-13T17:32:20+00:00
529042,FR-0955,small_airport,"la brossette Airfield",46.828333,-1.305556,250,EU,France,FR,Pays-de-la-Loire,FR-PDL,PDL,,0,,,,LF8567,,,,50,2024-05-13T17:25:50+00:00
529043,FR-0956,small_airport,"La Rogerie Airfield",48.311667,-0.535278,420,EU,France,FR,Pays-de-la-Loire,FR-PDL,PDL,,0,,,,LF5322,,,,50,2024-05-13T17:26:13+00:00
529044,FR-0957,small_airport,"Les Ailes de la Morière Airfield",46.626667,-1.743889,164,EU,France,FR,Pays-de-la-Loire,FR-PDL,PDL,,0,,,,LF8570,,,,50,2024-05-13T17:26:49+00:00
529045,FR-0958,small_airport,"Chesnaie ULM Airfield",47.339444,-0.925,320,EU,France,FR,Pays-de-la-Loire,FR-PDL,PDL,,0,,,,LF4958,,,,50,2024-05-13T17:27:10+00:00
529046,FR-0959,small_airport,"Saint Martin des Fontaines Airfield",46.553611,-0.900556,200,EU,France,FR,Pays-de-la-Loire,FR-PDL,PDL,,0,,,,LF8572,,,,50,2024-05-13T17:27:44+00:00
529048,FR-0961,small_airport,"Solib'Ailes Airfield",47.7775,-0.514167,230,EU,France,FR,Pays-de-la-Loire,FR-PDL,PDL,,0,,,,LF4959,https://solib-ailes.com/,,,50,2024-05-13T17:30:34+00:00
529049,FR-0962,small_airport,"St Brévin les Pins Airfield",47.236389,-2.141667,62,EU,France,FR,Pays-de-la-Loire,FR-PDL,PDL,,0,,,,LF4458,,,,50,2024-05-13T17:31:07+00:00
529050,FR-0963,small_airport,"Ambrières-les-Vallées Airfield",48.440556,-0.638889,453,EU,France,FR,Pays-de-la-Loire,FR-PDL,PDL,,0,,,,LF5353,https://mayenne-ulm.sportsregions.fr/,,,50,2024-05-13T17:31:59+00:00
528957,FR-0870,small_airport,"Champ-Romet Airfield",48.298611,0.453056,250,EU,France,FR,Pays-de-la-Loire,FR-PDL,PDL,,0,,,,LF7263,,,,50,2024-05-13T16:33:47+00:00
529074,FR-0987,small_airport,"Saint Laurent sur Sèvre Airfield",46.938056,-0.915556,643,EU,France,FR,Pays-de-la-Loire,FR-PDL,PDL,,0,,,,LF8529,,,,50,2024-05-15T13:41:35+00:00
529075,FR-0988,small_airport,"Breuil Barret Airfield",46.660556,-0.663611,680,EU,France,FR,Pays-de-la-Loire,FR-PDL,PDL,,0,,,,LF8551,,,,50,2024-05-15T13:41:56+00:00
529134,FR-1047,small_airport,"Luçon Airfield",46.424722,-1.193333,11,EU,France,FR,Pays-de-la-Loire,FR-PDL,PDL,,0,,,,LF8528,http://club.ulm.luconnais.free.fr/,,,50,2024-05-15T13:44:26+00:00
529228,FR-1064,small_airport,"Courcité Airfield",48.29,-0.259167,787,EU,France,FR,Pays-de-la-Loire,FR-PDL,PDL,,0,,,,LF5325,http://mayenneparamoteur.com/,,,50,2024-05-14T06:42:20+00:00
529295,FR-1117,small_airport,"Saint Brévin les Pins Airfield",47.271389,-2.130278,10,EU,France,FR,Pays-de-la-Loire,FR-PDL,PDL,,0,,,,LF4423,,,,50,2024-05-14T09:10:23+00:00
529306,FR-1126,small_airport,"Commerveil Airfield",48.315556,0.355,361,EU,France,FR,Pays-de-la-Loire,FR-PDL,PDL,,0,,,,LF7252,https://ulmclubdusaonnois.jimdofree.com/bienvenue/lnfo-terrain/,,,50,2024-05-15T13:47:12+00:00
601207,FR-1322,small_airport,"Sèvremoine Ultralight strip",47.01879,-1.03036,,EU,France,FR,Pays-de-la-Loire,FR-PDL,PDL,,0,,,,,,,,50,2025-10-23T11:02:29+00:00
529040,FR-0953,small_airport,"Coëx La Boissière Airfield",46.723611,-1.757778,115,EU,France,FR,Pays-de-la-Loire,FR-PDL,PDL,,0,,,,LF8563,,,,50,2024-05-13T17:25:03+00:00
528956,FR-0869,small_airport,"Lassay les Châteaux Le Rudson Airfield",48.457778,-0.425833,571,EU,France,FR,Pays-de-la-Loire,FR-PDL,PDL,,0,,,,LF5354,,,,50,2024-05-13T16:32:23+00:00
529024,FR-0937,small_airport,"La Planche Airfield",47.027778,-1.434444,105,EU,France,FR,Pays-de-la-Loire,FR-PDL,PDL,,0,,,,LF4452,,,,50,2024-05-13T17:13:19+00:00
529025,FR-0938,small_airport,"Nantes Héric Airfield",47.385833,-1.635556,110,EU,France,FR,Pays-de-la-Loire,FR-PDL,PDL,,0,,,,LF4453,https://lesnezauvent.fr/,,,50,2024-05-13T17:14:07+00:00
529026,FR-0939,small_airport,"La Possardière Airfield",46.964444,-1.703333,65,EU,France,FR,Pays-de-la-Loire,FR-PDL,PDL,,0,,,,LF4455,,,,50,2024-05-13T17:14:31+00:00
529027,FR-0940,small_airport,"Campbon La Berthelière Airfield",47.420833,-2.011944,146,EU,France,FR,Pays-de-la-Loire,FR-PDL,PDL,,0,,,,LF4457,,,,50,2024-05-13T17:15:18+00:00
529028,FR-0941,small_airport,"Soulaire Airfield",47.565556,-0.549722,148,EU,France,FR,Pays-de-la-Loire,FR-PDL,PDL,,0,,,,LF4946,,,,50,2024-05-13T17:15:45+00:00
529029,FR-0942,small_airport,"St Macaire du bois Airfield",47.126389,-0.281389,170,EU,France,FR,Pays-de-la-Loire,FR-PDL,PDL,,0,,,,LF4954,,,,50,2024-05-13T17:16:28+00:00
529030,FR-0943,small_airport,"Valanjou Airfield",47.224444,-0.568333,262,EU,France,FR,Pays-de-la-Loire,FR-PDL,PDL,,0,,,,LF4955,,,,50,2024-05-13T17:16:54+00:00
529031,FR-0944,small_airport,"Coutures Airfield",47.366111,-0.330556,100,EU,France,FR,Pays-de-la-Loire,FR-PDL,PDL,,0,,,,LF4956,,,,50,2024-05-13T17:17:22+00:00
529032,FR-0945,small_airport,"Jumelles Airfield",47.435556,-0.096667,130,EU,France,FR,Pays-de-la-Loire,FR-PDL,PDL,,0,,,,LF4957,,,,50,2024-05-13T17:17:46+00:00
529033,FR-0946,small_airport,"Andouillé le Tertre picard Airfield",48.177222,-0.850278,410,EU,France,FR,Pays-de-la-Loire,FR-PDL,PDL,,0,,,,LF5321,,,,50,2024-05-13T17:18:18+00:00
529034,FR-0947,small_airport,"La Bazouge de Chemeré Airfield",48.013056,-0.494167,308,EU,France,FR,Pays-de-la-Loire,FR-PDL,PDL,,0,,,,LF5323,https://sites.google.com/view/pegase-ulm,,,50,2024-05-13T17:21:07+00:00
529035,FR-0948,small_airport,"Beausoleil Airfield",47.7775,-0.551111,236,EU,France,FR,Pays-de-la-Loire,FR-PDL,PDL,,0,,,,LF5324,,,,50,2024-05-13T17:21:33+00:00
529039,FR-0952,small_airport,"Saint Philbert de Bouaine Airfield",47.021111,-1.492222,82,EU,France,FR,Pays-de-la-Loire,FR-PDL,PDL,,0,,,,LF8562,,,,50,2024-05-13T17:24:38+00:00
529041,FR-0954,small_airport,"Mouchamps Airfield",46.808611,-1.030556,330,EU,France,FR,Pays-de-la-Loire,FR-PDL,PDL,,0,,,,LF8566,,,,50,2024-05-13T17:25:29+00:00
28988,FR-1253,closed,"Romilly Sur Seine Airfield",48.500599,3.76333,267,EU,France,FR,"Grand Est",FR-GES,GES,,0,,,,,,,"LFQR, LFQR",50,2025-02-25T14:48:53+00:00
315461,FR-0323,small_airport,"Mont sur Meurthe Airfield",48.543823,6.441912,814,EU,France,FR,"Grand Est",FR-GES,GES,,0,,,,LF5421,,,,50,2024-05-15T10:13:20+00:00
340067,FR-0456,small_airport,"Siersthal Airstrip",49.05275,7.36527,,EU,France,FR,"Grand Est",FR-GES,GES,,0,,,,,,,,50,2021-01-25T04:33:15+00:00
528589,FR-0596,small_airport,"Trimbach Airfield",48.938056,8.007778,574,EU,France,FR,"Grand Est",FR-GES,GES,,0,,,,LF6752,,,,50,2024-05-12T21:18:48+00:00
528718,FR-0658,small_airport,"Adventure Paramoteur Alsace Airfield",48.709167,7.737222,459,EU,France,FR,"Grand Est",FR-GES,GES,,0,,,,LF6758,,,,50,2024-05-13T08:43:30+00:00
528928,FR-0841,small_airport,"Herbéviller Airfield",48.556111,6.768889,860,EU,France,FR,"Grand Est",FR-GES,GES,,0,,,,LF5423,,,,50,2024-05-13T16:03:35+00:00
528929,FR-0842,small_airport,"Hoeville Airfield",48.715,6.438611,1004,EU,France,FR,"Grand Est",FR-GES,GES,,0,,,,LF5451,,,,50,2024-05-13T16:04:12+00:00
528934,FR-0847,small_airport,"Billy-sous-Mangiennes Airfield",49.325278,5.609722,785,EU,France,FR,"Grand Est",FR-GES,GES,,0,,,,LF5552,,,,50,2024-05-13T16:06:49+00:00
528935,FR-0848,small_airport,"L'oiseau Blanc Achen Airfield",49.0475,7.161667,980,EU,France,FR,"Grand Est",FR-GES,GES,,0,,,,LF5751,,,,50,2024-05-13T16:07:55+00:00
528936,FR-0849,small_airport,"Folschviller Airfield",49.074444,6.666389,1160,EU,France,FR,"Grand Est",FR-GES,GES,,0,,,,LF5754,,,,50,2024-05-13T16:08:26+00:00
528937,FR-0850,small_airport,"Cappel Airfield",49.073611,6.841111,945,EU,France,FR,"Grand Est",FR-GES,GES,,0,,,,LF5757,,,,50,2024-05-13T16:08:53+00:00
528940,FR-0853,small_airport,"Ville sur Illon Airfield",48.181111,6.215833,1165,EU,France,FR,"Grand Est",FR-GES,GES,,0,,,,LF8855,,,,50,2024-05-13T16:15:26+00:00
528941,FR-0854,small_airport,"Langatte Aéro Passion Airfield",48.753333,6.965,836,EU,France,FR,"Grand Est",FR-GES,GES,,0,,,,LF5766,,,,50,2024-05-13T16:15:46+00:00
528942,FR-0855,small_airport,"Bining Airfield",49.041667,7.242222,1200,EU,France,FR,"Grand Est",FR-GES,GES,,0,,,,LF5726,,,,50,2024-05-13T16:16:06+00:00
528944,FR-0857,small_airport,"Les ailes de Rohrbach Airfield",49.045278,7.254444,1223,EU,France,FR,"Grand Est",FR-GES,GES,,0,,,,LF5759,,,,50,2024-05-13T16:16:58+00:00
529229,FR-1065,small_airport,"ULM HIGHLANDER Airfield",49.121667,6.991667,1033,EU,France,FR,"Grand Est",FR-GES,GES,,0,,,,LF5765,,,,50,2024-05-14T06:43:55+00:00
529297,FR-1119,small_airport,"Gros Rederching Airfield",49.0625,7.239722,1132,EU,France,FR,"Grand Est",FR-GES,GES,,0,,,,LF5730,,,,50,2024-05-14T09:12:54+00:00
529298,FR-1120,small_airport,"Mosailes en Moselle Airfield",49.035833,6.864167,836,EU,France,FR,"Grand Est",FR-GES,GES,,0,,,,LF5758,,,,50,2024-05-14T09:13:36+00:00
529299,FR-1121,small_airport,"Alzing Airfield",49.270556,6.55,787,EU,France,FR,"Grand Est",FR-GES,GES,,0,,,,LF5767,,,,50,2024-05-14T09:14:04+00:00
356278,FR-0503,small_airport,"Mouy Airfield",49.313914,2.298397,371,EU,France,FR,Hauts-de-France,FR-HDF,HDF,,0,,,,LF6051,,,,50,2024-05-15T13:07:49+00:00
599139,FR-1300,small_airport,"Bouttemy DZ",50.305887,2.699794,,EU,France,FR,Hauts-de-France,FR-HDF,HDF,,0,,,,,,,,50,2025-07-20T18:27:50+00:00
528757,FR-0695,small_airport,"Bray sur Seine Airfield",48.431944,3.273056,180,EU,France,FR,Île-de-France,FR-IDF,IDF,,0,,,,LF7753,,,,50,2024-05-15T13:16:17+00:00
529308,FR-1128,small_airport,"La Fontaine au Berger Airfield",48.582222,1.728889,476,EU,France,FR,Île-de-France,FR-IDF,IDF,,0,,,,LF7852,,,,50,2024-05-15T13:50:10+00:00
28810,LFDR,small_airport,"La Réole Floudes Airfield",44.5681,-0.056111,43,EU,France,FR,Nouvelle-Aquitaine,FR-NAQ,NAQ,,0,LFDR,,,,,https://fr.wikipedia.org/wiki/A%C3%A9rodrome_de_La_R%C3%A9ole_-_Floud%C3%A8s,,50,2024-05-15T18:19:28+00:00
28813,LFDU,small_airport,"Lesparre St Laurent Medoc Airfield",45.1978,-0.882222,105,EU,France,FR,Nouvelle-Aquitaine,FR-NAQ,NAQ,,0,LFDU,,,,,https://fr.wikipedia.org/wiki/A%C3%A9rodrome_de_Lesparre_-_Saint-Laurent-M%C3%A9doc,,50,2024-05-15T18:20:41+00:00
28815,LFDW,small_airport,"Chauvigny Airfield",46.583599,0.6425,440,EU,France,FR,Nouvelle-Aquitaine,FR-NAQ,NAQ,,0,LFDW,,,,,https://fr.wikipedia.org/wiki/A%C3%A9rodrome_de_Chauvigny,,50,2024-05-15T18:23:22+00:00
28899,LFIL,small_airport,"Rion Des Landes Airfield",43.915798,-0.949167,256,EU,France,FR,Nouvelle-Aquitaine,FR-NAQ,NAQ,,0,LFIL,,,,,https://fr.wikipedia.org/wiki/A%C3%A9rodrome_de_Rion-des-Landes,,50,2024-05-15T18:58:12+00:00
28904,LFIV,small_airport,"Aérodrome de Vendays-Montalivet",45.3806,-1.11583,16,EU,France,FR,Nouvelle-Aquitaine,FR-NAQ,NAQ,,0,LFIV,,,,,https://fr.wikipedia.org/wiki/A%C3%A9rodrome_de_Vendays-Montalivet,,50,2024-05-15T18:59:44+00:00
28905,LFIX,small_airport,"Itxassou Airfield",43.337502,-1.42222,607,EU,France,FR,Nouvelle-Aquitaine,FR-NAQ,NAQ,,0,LFIX,,,,,,,50,2024-05-15T19:01:03+00:00
528595,FR-0599,small_airport,"Aignes et Puyperoux Airfield",45.461667,0.157778,619,EU,France,FR,Nouvelle-Aquitaine,FR-NAQ,NAQ,,0,,,,LF1651,https://www.ulmclubmontmorelien.fr/,,,50,2024-05-12T21:44:58+00:00
528596,FR-0600,small_airport,"Champ rose Airfield",45.356667,0.109722,210,EU,France,FR,Nouvelle-Aquitaine,FR-NAQ,NAQ,,0,,,,LF1654,https://www.domainedechamprose.fr/autres-prestations.html,,,50,2024-05-12T21:47:46+00:00
528597,FR-0601,small_airport,"Beaumont Airfield",44.766111,0.724722,508,EU,France,FR,Nouvelle-Aquitaine,FR-NAQ,NAQ,,0,,,,LF2422,,,,50,2024-05-12T21:48:44+00:00
528598,FR-0602,small_airport,"Eyrignac Airfield",44.943056,1.311944,820,EU,France,FR,Nouvelle-Aquitaine,FR-NAQ,NAQ,,0,,,,LF2426,,,,50,2024-05-12T21:50:52+00:00
528599,FR-0603,small_airport,"Saint Julien Airfield",44.728611,0.446111,449,EU,France,FR,Nouvelle-Aquitaine,FR-NAQ,NAQ,,0,,,,LF2436,,,,50,2024-05-12T21:51:44+00:00
528600,FR-0604,small_airport,"Sanet Agonac Airfield",45.2525,0.763056,659,EU,France,FR,Nouvelle-Aquitaine,FR-NAQ,NAQ,,0,,,,LF2452,,,,50,2024-05-12T21:54:00+00:00
528601,FR-0605,small_airport,"Ferme Milhac- Oie en Périgord Airfield",45.113333,0.9225,754,EU,France,FR,Nouvelle-Aquitaine,FR-NAQ,NAQ,,0,,,,LF2453,http://perigord.ulm.free.fr/,,,50,2024-05-12T21:55:23+00:00
528602,FR-0606,small_airport,"Plazac Airfield",45.026667,1.014167,700,EU,France,FR,Nouvelle-Aquitaine,FR-NAQ,NAQ,,0,,,,LF2462,,,,50,2024-05-12T21:57:25+00:00
528603,FR-0607,small_airport,"Thénac Airfield",44.745278,0.325556,328,EU,France,FR,Nouvelle-Aquitaine,FR-NAQ,NAQ,,0,,,,LF2463,,,,50,2024-05-12T21:58:26+00:00
528605,FR-0608,small_airport,"Le Pas de l'Aze Airfield",45.22,0.478056,495,EU,France,FR,Nouvelle-Aquitaine,FR-NAQ,NAQ,,0,,,,LF2465,https://www.ulmtocanesaintapre.com,,,50,2024-05-12T22:00:15+00:00
528607,FR-0609,small_airport,"Malbec Airfield",45.007778,1.016111,850,EU,France,FR,Nouvelle-Aquitaine,FR-NAQ,NAQ,,0,,,,LF2467,http://malbec-ulm.x10.mx,,,50,2024-05-12T22:02:51+00:00
528608,FR-0610,small_airport,"Sainte Foy Airfield",44.629444,-0.156667,217,EU,France,FR,Nouvelle-Aquitaine,FR-NAQ,NAQ,,0,,,,LF3323,,,,50,2024-05-12T22:03:52+00:00
528609,FR-0611,small_airport,"Cabanac et Villagrains Airfield",44.614167,-0.576389,192,EU,France,FR,Nouvelle-Aquitaine,FR-NAQ,NAQ,,0,,,,LF3324,http://association.virages.free.fr/,,,50,2024-05-12T22:05:46+00:00
528610,FR-0612,small_airport,"Campin Airfield",44.436389,-0.021944,335,EU,France,FR,Nouvelle-Aquitaine,FR-NAQ,NAQ,,0,,,,LF3351,,,,50,2024-05-12T22:09:02+00:00
528611,FR-0613,small_airport,"Cestas Airfield",44.701944,-0.785278,192,EU,France,FR,Nouvelle-Aquitaine,FR-NAQ,NAQ,,0,,,,LF3354,http://www.libaileul.net/,,,50,2024-05-12T22:10:49+00:00
528612,FR-0614,small_airport,"ulm air estuaire Airfield",45.015,-0.498333,9,EU,France,FR,Nouvelle-Aquitaine,FR-NAQ,NAQ,,0,,,,LF3355,,,,50,2024-05-12T22:12:18+00:00
528613,FR-0615,small_airport,"Saint Estèphe Airfield",45.236111,-0.752222,6,EU,France,FR,Nouvelle-Aquitaine,FR-NAQ,NAQ,,0,,,,LF3356,,,,50,2024-05-12T22:13:13+00:00
528614,FR-0616,small_airport,"Amou Airfield",43.587222,-0.765278,250,EU,France,FR,Nouvelle-Aquitaine,FR-NAQ,NAQ,,0,,,,LF4051,,,,50,2024-05-12T22:14:11+00:00
528616,FR-0618,small_airport,"Castillonnès Airfield",44.698611,0.638889,394,EU,France,FR,Nouvelle-Aquitaine,FR-NAQ,NAQ,,0,,,,LF4722,https://www.aeroclubcastillonnes.fr/,,,50,2024-05-12T22:18:32+00:00
528617,FR-0619,small_airport,"Sembas Airfield",44.3375,0.649444,787,EU,France,FR,Nouvelle-Aquitaine,FR-NAQ,NAQ,,0,,,,LF4725,,,,50,2024-05-12T22:20:10+00:00
528619,FR-0620,small_airport,"Tremons Airfield",44.408056,0.890833,341,EU,France,FR,Nouvelle-Aquitaine,FR-NAQ,NAQ,,0,,,,LF4726,,,,50,2024-05-12T22:21:09+00:00
528621,FR-0621,small_airport,"Saumont Gentieu Airfield",44.111667,0.466111,410,EU,France,FR,Nouvelle-Aquitaine,FR-NAQ,NAQ,,0,,,,LF4729,,,,50,2024-05-12T22:22:00+00:00
528622,FR-0622,small_airport,"MIROND'AILES Airfield",44.599167,0.341389,249,EU,France,FR,Nouvelle-Aquitaine,FR-NAQ,NAQ,,0,,,,LF4730,,,,50,2024-05-12T22:22:48+00:00
528623,FR-0623,closed,"Clairac Airfield",44.361111,0.403889,98,EU,France,FR,Nouvelle-Aquitaine,FR-NAQ,NAQ,,0,,,,,,,LF4732,50,2024-05-13T04:46:14+00:00
528624,FR-0624,small_airport,"Lamourache Nord Airfield",44.622778,0.193333,364,EU,France,FR,Nouvelle-Aquitaine,FR-NAQ,NAQ,,0,,,,LF4733,,,,50,2024-05-12T22:24:33+00:00
528625,FR-0625,small_airport,"Lavardac Airfield",44.170833,0.308611,180,EU,France,FR,Nouvelle-Aquitaine,FR-NAQ,NAQ,,0,,,,LF4735,https://airalbret-ulm-47.jimdosite.com/,,,50,2024-05-12T22:27:09+00:00
528626,FR-0626,small_airport,"Lévignac de Guyenne Airfield",44.619444,0.231389,213,EU,France,FR,Nouvelle-Aquitaine,FR-NAQ,NAQ,,0,,,,LF4736,,,,50,2024-05-12T22:28:07+00:00
528628,FR-0627,small_airport,"Saint Jean de Duras Airfield",44.708056,0.296944,410,EU,France,FR,Nouvelle-Aquitaine,FR-NAQ,NAQ,,0,,,,LF4737,,,,50,2024-05-12T22:29:38+00:00
528629,FR-0628,small_airport,"Villeton Airfield",44.356944,0.286111,85,EU,France,FR,Nouvelle-Aquitaine,FR-NAQ,NAQ,,0,,,,LF4738,,,,50,2024-05-12T22:30:37+00:00
528630,FR-0629,small_airport,"Fourques Airfield",44.466667,0.161944,70,EU,France,FR,Nouvelle-Aquitaine,FR-NAQ,NAQ,,0,,,,LF4751,https://www.ulmfourques.fr,,,50,2024-05-12T22:31:47+00:00
528631,FR-0630,small_airport,"Segalas Airfield",44.591389,0.556944,436,EU,France,FR,Nouvelle-Aquitaine,FR-NAQ,NAQ,,0,,,,LF4752,,,,50,2024-05-12T22:32:39+00:00
528633,FR-0631,small_airport,"Caudecoste Airfield",44.105278,0.725833,380,EU,France,FR,Nouvelle-Aquitaine,FR-NAQ,NAQ,,0,,,,LF4753,,,,50,2024-05-12T22:33:51+00:00
528634,FR-0632,small_airport,"Fauillet Airfield",44.419444,0.295,100,EU,France,FR,Nouvelle-Aquitaine,FR-NAQ,NAQ,,0,,,,LF4754,,,,50,2024-05-12T22:34:32+00:00
528635,FR-0633,small_airport,"Mascar Airfield",44.649167,0.818889,300,EU,France,FR,Nouvelle-Aquitaine,FR-NAQ,NAQ,,0,,,,LF4755,,,,50,2024-05-12T22:35:08+00:00
528636,FR-0634,small_airport,"Bouglon Airfield",44.401389,0.110833,246,EU,France,FR,Nouvelle-Aquitaine,FR-NAQ,NAQ,,0,,,,LF4756,,,,50,2024-05-12T22:36:00+00:00
528637,FR-0635,small_airport,"Boeil Bezing Airfield",43.245,-0.213333,1000,EU,France,FR,Nouvelle-Aquitaine,FR-NAQ,NAQ,,0,,,,LF6422,,,,50,2024-05-12T22:36:55+00:00
528638,FR-0636,small_airport,"Gurmençon Airfield",43.159722,-0.606667,860,EU,France,FR,Nouvelle-Aquitaine,FR-NAQ,NAQ,,0,,,,LF6425,,,,50,2024-05-12T22:37:47+00:00
528641,FR-0637,small_airport,"Maslacq Airfield",43.446667,-0.695,256,EU,France,FR,Nouvelle-Aquitaine,FR-NAQ,NAQ,,0,,,,LF6427,,,,50,2024-05-12T22:38:45+00:00
528642,FR-0638,small_airport,"Claracq Villa les Palmiers Airfield",43.494722,-0.288056,787,EU,France,FR,Nouvelle-Aquitaine,FR-NAQ,NAQ,,0,,,,LF6429,,,,50,2024-05-12T22:39:20+00:00
528643,FR-0639,small_airport,"Navarrenx Airfield",43.340556,-0.710278,876,EU,France,FR,Nouvelle-Aquitaine,FR-NAQ,NAQ,,0,,,,LF6431,https://www.volpy-ulm.com,,,50,2024-05-12T22:40:47+00:00
528644,FR-0640,small_airport,"Ozenx Montrestrucq Airfield",43.433074,-0.80036,295,EU,France,FR,Nouvelle-Aquitaine,FR-NAQ,NAQ,,0,,,,LF6432,,,,50,2026-01-18T17:32:03+00:00
528645,FR-0641,small_airport,"Andoins Airfield",43.2975,-0.236111,919,EU,France,FR,Nouvelle-Aquitaine,FR-NAQ,NAQ,,0,,,,LF6451,,,,50,2024-05-12T22:42:21+00:00
528646,FR-0642,small_airport,"Sames Airfield",43.538056,-1.182778,7,EU,France,FR,Nouvelle-Aquitaine,FR-NAQ,NAQ,,0,,,,LF6452,http://www.paramoteur64.com/,,,50,2024-05-12T22:44:20+00:00
528647,FR-0643,small_airport,"Malaussanne Airfield",43.568611,-0.475556,490,EU,France,FR,Nouvelle-Aquitaine,FR-NAQ,NAQ,,0,,,,LF6454,,,,50,2024-05-12T22:44:56+00:00
528648,FR-0644,small_airport,"Sévignacq Airfield",43.448056,-0.281389,650,EU,France,FR,Nouvelle-Aquitaine,FR-NAQ,NAQ,,0,,,,LF6456,,,,50,2024-05-12T22:45:49+00:00
528649,FR-0645,small_airport,"Saint Pée sur Nivelle Airfield",43.338889,-1.529444,302,EU,France,FR,Nouvelle-Aquitaine,FR-NAQ,NAQ,,0,,,,LF6457,http://cotebasqueparamoteur.fr/,,,50,2024-05-12T22:47:09+00:00
528654,FR-0649,small_airport,"Mauzens et Miremont Airfield",44.999722,0.906389,800,EU,France,FR,Nouvelle-Aquitaine,FR-NAQ,NAQ,,0,,,,LF2468,,,,50,2024-05-12T22:52:03+00:00
528655,FR-0650,small_airport,"Campsegret Airfield",44.961111,0.563889,567,EU,France,FR,Nouvelle-Aquitaine,FR-NAQ,NAQ,,0,,,,LF2469,,,,50,2024-05-12T22:52:52+00:00
528656,FR-0651,small_airport,"Château Vénus Airfield",44.629167,-0.376944,70,EU,France,FR,Nouvelle-Aquitaine,FR-NAQ,NAQ,,0,,,,LF3357,https://chateauvenus.com/bapteme-de-lair/,,,50,2024-05-12T22:54:25+00:00
528657,FR-0652,small_airport,"Moncouche Airfield",45.095,0.637778,630,EU,France,FR,Nouvelle-Aquitaine,FR-NAQ,NAQ,,0,,,,LF2470,https://sites.google.com/view/lesvolsdejps/lf2470,,,50,2024-05-12T22:55:30+00:00
528661,FR-0655,small_airport,"Tartas Airfield",43.829722,-0.763056,173,EU,France,FR,Nouvelle-Aquitaine,FR-NAQ,NAQ,,0,,,,LF4053,http://cotebasqueparamoteur.fr,,,50,2024-05-12T22:58:56+00:00
528663,FR-0657,small_airport,"Benesse Maremne Airfield",43.641667,-1.391111,13,EU,France,FR,Nouvelle-Aquitaine,FR-NAQ,NAQ,,0,,,,LF4054,https://bapteme-ulm-landes.fr/,,,50,2024-05-12T23:01:49+00:00
528719,FR-0659,closed,"Le Rigola Bourdeilles Airfield",45.303889,0.596389,580,EU,France,FR,Nouvelle-Aquitaine,FR-NAQ,NAQ,,0,,,,,,,LF2437,50,2024-12-17T04:48:40+00:00
528720,FR-0660,small_airport,"Tieleman Aviation Airfield",45.288333,0.514167,509,EU,France,FR,Nouvelle-Aquitaine,FR-NAQ,NAQ,,0,,,,LF2471,,,,50,2024-05-13T08:46:09+00:00
528773,FR-0710,small_airport,"Le Pouyollet Lizières Airfield",46.2125,1.572222,1380,EU,France,FR,Nouvelle-Aquitaine,FR-NAQ,NAQ,,0,,,,LF2353,,,,50,2024-05-15T13:17:27+00:00
528822,FR-0745,small_airport,"Brigueil le Chantre Airfield",46.366944,1.080833,623,EU,France,FR,Nouvelle-Aquitaine,FR-NAQ,NAQ,,0,,,,LF8654,,,,50,2024-05-15T13:22:26+00:00
528823,FR-0746,small_airport,"Bellac Airfield",46.130278,1.078056,820,EU,France,FR,Nouvelle-Aquitaine,FR-NAQ,NAQ,,0,,,,LF8726,https://aeroclubdebellacblanzac.blogspot.com/,,,50,2024-05-15T13:22:56+00:00
528824,FR-0747,small_airport,"Azat le Ris Airfield",46.332222,1.034167,657,EU,France,FR,Nouvelle-Aquitaine,FR-NAQ,NAQ,,0,,,,LF8755,,,,50,2024-05-15T13:23:34+00:00
528825,FR-0748,small_airport,"Berneuil Airfield",46.051667,1.101667,975,EU,France,FR,Nouvelle-Aquitaine,FR-NAQ,NAQ,,0,,,,LF8758,,,,50,2024-05-15T13:23:54+00:00
528914,FR-0827,small_airport,"Lagarde Enval Airfield",45.177222,1.802778,1600,EU,France,FR,Nouvelle-Aquitaine,FR-NAQ,NAQ,,0,,,,LF1926,,,,50,2024-05-13T15:41:35+00:00
330835,FR-0383,small_airport,"Aghione Casone Ultralight Airfield",42.101866,9.415692,,EU,France,FR,Corsica,FR-COR,COR,"Aghione, Haute-Corse",0,,,,LF2023,,,"Base ULM d'Aghione Casone",50,2024-06-28T17:24:46+00:00
342323,FR-0470,small_airport,"Albé-Val de Villé Airfield",48.349158,7.330171,1247,EU,France,FR,"Grand Est",FR-GES,GES,Albé,0,,,,LF6721,,,"Aérodrome d'Albé - Val de Villé",50,2023-12-23T14:01:35+00:00
43588,FR-0246,small_airport,"Altisurface d'Aleu",42.900002,1.275,3445,EU,France,FR,Occitanie,FR-OCC,OCC,Aleu,0,,,,LF0921,,,,50,2024-05-15T09:35:37+00:00
28890,LFHT,small_airport,"Ambert - Le Poyet Airfield",45.516196,3.74514,1847,EU,France,FR,Auvergne-Rhône-Alpes,FR-ARA,ARA,"Ambert, Puy-de-Dôme",0,LFHT,,,,https://aeroclub-ambert.fr/,https://fr.wikipedia.org/wiki/A%C3%A9rodrome_d%27Ambert_-_Le_Poyet,"Aérodrome d'Ambert - Le Poyet",50,2024-10-24T15:39:56+00:00
43645,FR-0303,small_airport,"Altisurface des Quatre Veziaux - La Hourquette d'Ancizan",42.898532,0.297144,5643,EU,France,FR,Occitanie,FR-OCC,OCC,Ancizan,0,,,,LF6526,,,,50,2024-05-15T10:03:37+00:00
528954,FR-0867,small_airport,"Neuville Airfield",48.310153,-1.580569,298,EU,France,FR,Brittany,FR-BRE,BRE,"Andouillé-Neuville, Ille-et-Vilaine",0,,,,LF3560,,,,50,2025-01-11T19:04:53+00:00
28915,LFJT,small_airport,"Tours Le Louroux Airfield",47.149251,0.711125,413,EU,France,FR,"Centre-Val de Loire",FR-CVL,CVL,Angers,0,LFJT,,,,,https://fr.wikipedia.org/wiki/A%C3%A9rodrome_de_Tours_-_Le_Louroux,"Aérodrome de Tours-Le Louroux",50,2024-04-29T18:09:36+00:00
28994,FR-1254,closed,"Aérodrome d'Angers Avrillé",47.499199,-0.572778,187,EU,France,FR,Pays-de-la-Loire,FR-PDL,PDL,Angers,0,,,,,,,"LFRA, LFRA",50,2025-02-25T14:48:54+00:00
43360,FR-0020,small_airport,"Escary Aramits Altiport",43.121208,-0.742491,1076,EU,France,FR,Nouvelle-Aquitaine,FR-NAQ,NAQ,Aramits,0,,,,LF6428,,,,50,2024-05-13T15:19:50+00:00
28858,FR-1245,closed,"Arbois Airfield",46.919998,5.76,876,EU,France,FR,Bourgogne-Franche-Comté,FR-BFC,BFC,"Arbois, Jura",0,,,,,,,LFGD,50,2025-02-25T14:48:52+00:00
529293,FR-1115,small_airport,"Arbois Ultralight Airfield",46.897222,5.717778,930,EU,France,FR,Bourgogne-Franche-Comté,FR-BFC,BFC,"Arbois, Jura",0,,,,LF3956,https://arboisulm.fr/,,Arbois-ULM,50,2024-06-22T17:02:39+00:00
528864,FR-0785,small_airport,"Arc-lès-Gray Airfield",47.475556,5.569167,718,EU,France,FR,Bourgogne-Franche-Comté,FR-BFC,BFC,"Arc-lès-Gray, Haute-Saône",0,,,,LF7026,,,,50,2024-06-25T13:37:28+00:00
528850,FR-0772,small_airport,"Arc-sous-Cicon Airfield",47.045833,6.388889,2608,EU,France,FR,Bourgogne-Franche-Comté,FR-BFC,BFC,"Arc-sous-Cicon, Doubs",0,,,,LF2554,,,,50,2024-06-26T10:52:55+00:00
28774,LFAJ,small_airport,"Argentan Airfield",48.709456,0.002856,581,EU,France,FR,Normandy,FR-NOR,NOR,"Argentan, Orne",0,LFAJ,LFAJ,,,,https://fr.wikipedia.org/wiki/A%C3%A9rodrome_d%27Argentan,,50,2025-10-04T17:11:33+00:00
529097,FR-1010,small_airport,"Pampelonne Altisurface",43.684512,6.136022,1900,EU,France,FR,Provence-Alpes-Côte-d'Azur,FR-PAC,PAC,"Artignosc-sur-Verdon, Var",0,,,,LF8357,,,,50,2024-10-30T10:03:39+00:00
43589,FR-0247,small_airport,"Artigues Altisurface",43.071944,-0.003333,2450,EU,France,FR,Occitanie,FR-OCC,OCC,Artigues,0,,,,LF6527,http://www.appm.fr/pages/page.html,,,50,2024-05-14T11:20:01+00:00
506721,FR-0515,small_airport,"Talissieu Airfield",45.871584,5.726938,1433,EU,France,FR,Auvergne-Rhône-Alpes,FR-ARA,ARA,"Arvière-en-Valromey, Ain",0,,,,LF0160,,,"Tallissieu ULM",50,2024-06-22T16:50:02+00:00
350584,FR-0490,small_airport,"Avaux-Les Bourdons Ultralight Airfield",49.480697,4.074769,374,EU,France,FR,"Grand Est",FR-GES,GES,"Asfeld, Ardennes",0,,,,LF0851,,,"Base ULM Avaux - Les Bourdons",50,2024-07-01T16:24:04+00:00
28944,LFNJ,small_airport,"Aspres-sur-Buëch Airfield",44.517458,5.735743,2726,EU,France,FR,Provence-Alpes-Côte-d'Azur,FR-PAC,PAC,"Aspres-sur-Buëch, Hautes-Alpes",0,LFNJ,,,,,https://fr.wikipedia.org/wiki/A%C3%A9rodrome_d%27Aspres-sur-Bu%C3%ABch,,50,2025-01-07T13:39:51+00:00
529122,FR-1035,small_airport,"Assieu Paramotor Airfield",45.402182,4.840763,797,EU,France,FR,Auvergne-Rhône-Alpes,FR-ARA,ARA,"Assieu, Isère",0,,,,LF3873,,,,50,2024-10-28T11:18:50+00:00
4099,LFEH,small_airport,"Aubigny-sur-Nère Airfield",47.47993,2.393271,630,EU,France,FR,"Centre-Val de Loire",FR-CVL,CVL,"Aubigny-sur-Nère, Cher",0,LFEH,,,,,https://fr.wikipedia.org/wiki/A%C3%A9rodrome_d%27Aubigny-sur-N%C3%A8re,,50,2025-01-06T16:56:10+00:00
528734,FR-0674,small_airport,"La Sauvetat Aubusson-d'Auvergne Airfield",45.756156,3.583881,1399,EU,France,FR,Auvergne-Rhône-Alpes,FR-ARA,ARA,"Aubusson-d'Auvergne, Puy-de-Dôme",0,,,,LF6359,,,,50,2024-10-24T15:42:20+00:00
43631,FR-0289,small_airport,"La Serre D'aulon Altiport",42.836109,0.272222,6562,EU,France,FR,Occitanie,FR-OCC,OCC,Aulon,0,,,,LF6525,,,,50,2024-05-15T10:00:43+00:00
529061,FR-0974,small_airport,"Chenommet Airfield",45.926111,0.261389,330,EU,France,FR,Nouvelle-Aquitaine,FR-NAQ,NAQ,Aunac-sur-Charente,0,,,,LF1655,https://www.autogire16.com/,,,50,2024-06-25T17:54:07+00:00
29013,FR-1257,closed,"Vittel-Auzainvilliers Airfield",48.2286,5.84302,,EU,France,FR,"Grand Est",FR-GES,GES,"Auzainvilliers, Vosges",0,,,,,,,LFXC,50,2025-02-25T14:48:54+00:00
28859,LFGE,small_airport,"Avallon Airfield",47.50377,3.901034,781,EU,France,FR,Bourgogne-Franche-Comté,FR-BFC,BFC,"Avallon, Yonne",0,LFGE,,,,,https://fr.wikipedia.org/wiki/A%C3%A9rodrome_d%27Avallon,,50,2024-12-01T11:09:05+00:00
354021,FR-0496,small_airport,"Avernes Paramotor Airfield",49.10568,1.87907,456,EU,France,FR,Île-de-France,FR-IDF,IDF,"Avernes, Val-d'Oise",0,,,,LF9551,,,"Base Paramoteurs d'Avernes, Grand Paris Paramoteur",50,2024-06-22T14:26:19+00:00
29777,LFSY,small_airport,"Cessey-Baigneux-les-Juffs Airfield",47.609375,4.618199,1316,EU,France,FR,Bourgogne-Franche-Comté,FR-BFC,BFC,"Baigneux-les-Juffs, Côte-d'Or",0,LFSY,,,,,https://fr.wikipedia.org/wiki/A%C3%A9rodrome_de_Cessey,,50,2024-06-22T17:17:12+00:00
528853,FR-0775,small_airport,"Balaiseaux Airfield",46.968611,5.469722,699,EU,France,FR,Bourgogne-Franche-Comté,FR-BFC,BFC,"Balaiseaux, Jura",0,,,,LF3922,,,,50,2024-06-22T17:04:16+00:00
333971,FR-0419,small_airport,"Le Tucoulet Ultralight Airfield",43.201258,0.547353,1627,EU,France,FR,Occitanie,FR-OCC,OCC,"Balesta, Haute-Garonne",0,,,,LF3156,,,"Base ULM Le Tucoulet",50,2024-06-30T05:49:41+00:00
514811,FR-0547,small_airport,"Bambi Air Club",49.1145,6.60587,1320,EU,France,FR,"Grand Est",FR-GES,GES,Bambiderstroff,0,,,,LF5710,https://bambiairclub.e-monsite.com/,,,50,2024-05-15T11:31:06+00:00
348515,FR-0487,small_airport,"Altisurface de Banon",44.072222,5.639166,3723,EU,France,FR,Provence-Alpes-Côte-d'Azur,FR-PAC,PAC,Banon,0,,,,LF0456,http://www.cabane-haute-provence.com,,,50,2024-05-15T11:19:26+00:00
529021,FR-0934,small_airport,"Bonavis Airfield",50.083243,3.195148,403,EU,France,FR,Hauts-de-France,FR-HDF,HDF,"Banteux, Nord",0,,,,LF5953,,,,50,2024-06-22T12:28:57+00:00
328712,LFYV,small_airport,"Yvetot Lucien Camu Airfield",49.638316,0.728467,463,EU,France,FR,Normandy,FR-NOR,NOR,Baons-le-Comte,0,LFYV,,,,http://www.aeroclub-yvetot.fr/,,,50,2024-05-15T20:27:32+00:00
43595,FR-0253,small_airport,"Altisurface de Castillon De La Laquette",42.895557,0.100556,5413,EU,France,FR,Occitanie,FR-OCC,OCC,Barèges,0,,,,LF6528,https://basulm.ffplum.fr/PDF/LF6528.pdf,,,50,2020-04-19T06:43:25+00:00
333902,FR-0409,small_airport,"Super Bareges - Plateau de Monhaillat Altisurface",42.911111,0.125556,6312,EU,France,FR,Occitanie,FR-OCC,OCC,Bareges,0,,,,LF6555,,,,50,2024-05-15T10:55:54+00:00
342327,FR-0473,small_airport,"Batzendorf Ultralight Airfield",48.803016,7.726527,560,EU,France,FR,"Grand Est",FR-GES,GES,"Batzendorf, Bas-Rhin",0,,,,LF6751,,,"Base ULM de Batzendorf",50,2024-06-25T10:08:51+00:00
337340,FR-0424,small_airport,"Bazas Cazats Airfield",44.462263,-0.187844,300,EU,France,FR,Nouvelle-Aquitaine,FR-NAQ,NAQ,Bazas,0,,,,LF3321,https://basulm.ffplum.fr/bases/liste-des-terrains/details/59/9187.html,,"bazas, cazats, lf3321",50,2024-06-21T03:26:24+00:00
528953,FR-0866,small_airport,"La Cudelais Airfield",48.415,-1.522222,141,EU,France,FR,Brittany,FR-BRE,BRE,"Bazouges-la-Pérouse, Ille-et-Vilaine",0,,,,LF3559,,,"ULM de la Baie",50,2025-01-29T11:03:41+00:00
528932,FR-0845,small_airport,"Beauclair Airfield",49.461745,5.10957,600,EU,France,FR,"Grand Est",FR-GES,GES,"Beauclair, Meuse",0,,,,LF5524,,,,50,2024-07-01T16:29:07+00:00
339751,FR-0443,small_airport,"Beaulieu-sur-Loire Ultralight Airfield",47.55844,2.8242,443,EU,France,FR,"Centre-Val de Loire",FR-CVL,CVL,"Beaulieu-sur-Loire, Loiret",0,,,,LF4554,http://basedebeaulieu.com/index.php/fr/,,"Base ULM de Beaulieu-sur-Loire",50,2024-06-30T06:11:04+00:00
28889,LFHR,small_airport,"Brioude Beaumont Airfield",45.319888,3.361615,1483,EU,France,FR,Auvergne-Rhône-Alpes,FR-ARA,ARA,"Beaumont, Puy-de-Dôme",0,LFHR,,,,,https://fr.wikipedia.org/wiki/A%C3%A9rodrome_de_Brioude_-_Beaumont,,50,2024-10-22T20:55:13+00:00
28892,LFHW,small_airport,"Belleville Villié Morgon Airfield",46.140843,4.713817,705,EU,France,FR,Auvergne-Rhône-Alpes,FR-ARA,ARA,"Belleville-en-Beaujolais, Rhône",0,LFHW,,,,,https://fr.wikipedia.org/wiki/A%C3%A9rodrome_de_Belleville_-_Villi%C3%A9-Morgon,Pizay,50,2024-10-28T11:36:27+00:00
529304,FR-1124,small_airport,"Saint Jean d'Ardières Airfield",46.131344,4.742934,610,EU,France,FR,Auvergne-Rhône-Alpes,FR-ARA,ARA,"Belleville-en-Beaujolais, Rhône",0,,,,LF6951,,,,50,2024-10-28T11:31:51+00:00
4116,LFIF,small_airport,"Saint-Affrique-Belmont Airfield",43.824568,2.743979,1686,EU,France,FR,Occitanie,FR-OCC,OCC,"Belmont-sur-Rance, Aveyron",0,LFIF,,,,,https://fr.wikipedia.org/wiki/A%C3%A9rodrome_de_Saint-Affrique_-_Belmont,,50,2024-07-07T02:16:11+00:00
28985,LFQL,small_airport,"Lens-Bénifontaine Airfield",50.4664,2.81972,167,EU,France,FR,Hauts-de-France,FR-HDF,HDF,"Bénifontaine, Pas-de-Calais",0,LFQL,,,,https://aeroclub-vailler.fr/,https://fr.wikipedia.org/wiki/A%C3%A9rodrome_de_Lens_-_B%C3%A9nifontaine,,50,2024-06-22T12:25:05+00:00
28777,LFAM,small_airport,"Berck-sur-Mer Airfield",50.4231,1.59194,30,EU,France,FR,Hauts-de-France,FR-HDF,HDF,Berck-sur-Mer,0,LFAM,LFAM,,,http://www.aeroberck.com/,https://fr.wikipedia.org/wiki/A%C3%A9rodrome_de_Berck-sur-Mer,,50,2025-10-04T17:27:19+00:00
28950,LFNR,small_airport,"Berre-la-Fare Airfield",43.536659,5.177444,108,EU,France,FR,Provence-Alpes-Côte-d'Azur,FR-PAC,PAC,"Berre-l'Étang, Bouches-du-Rhône",0,LFNR,,,,,https://fr.wikipedia.org/wiki/A%C3%A9rodrome_de_Berre_-_La_Fare,,50,2024-08-01T14:03:57+00:00
28973,LFPF,small_airport,"Beynes Thiverval Airfield",48.843165,1.906279,371,EU,France,FR,Île-de-France,FR-IDF,IDF,"Beynes, Yvelines",0,LFPF,LFPF,,,,https://fr.wikipedia.org/wiki/A%C3%A9rodrome_de_Beynes_-_Thiverval,"Aérodrome de Beynes - Thiverval",50,2024-06-22T14:16:38+00:00
529123,FR-1036,small_airport,"Bibost Airfield",45.798327,4.560871,1313,EU,France,FR,Auvergne-Rhône-Alpes,FR-ARA,ARA,"Bibost, Rhône",0,,,,LF6954,,,"Adventure Lyon Ouest, Lyon Paramoteur",50,2025-01-29T14:02:37+00:00
528729,FR-0669,small_airport,"Tinhlat Airfield",45.729722,3.299444,1170,EU,France,FR,Auvergne-Rhône-Alpes,FR-ARA,ARA,"Billom, Puy-de-Dôme",0,,,,LF6353,,,,50,2024-10-22T21:58:50+00:00
528845,FR-0767,small_airport,"La Croix du Garçon Airfield",49.250201,4.89151,600,EU,France,FR,"Grand Est",FR-GES,GES,"Binarville, Marne",0,,,,LF5158,,,,50,2024-06-26T09:48:03+00:00
528750,FR-0688,small_airport,"Blanot Airfield",47.173889,4.233611,1575,EU,France,FR,Bourgogne-Franche-Comté,FR-BFC,BFC,"Blanot, Côte-d'Or",0,,,,LF2164,,,,50,2024-06-22T17:19:51+00:00
333925,FR-0415,small_airport,"Aerodrome de Bois de la Pierre",43.342596,1.14202,840,EU,France,FR,Occitanie,FR-OCC,OCC,Bois-de-la-Pierre,0,,,,LF3128,,,,50,2020-04-19T16:39:07+00:00
528854,FR-0776,small_airport,"Boissia Airfield",46.573004,5.710366,1585,EU,France,FR,Bourgogne-Franche-Comté,FR-BFC,BFC,"Boissia, Jura",0,,,,LF3953,,,,50,2024-06-22T16:58:57+00:00
528878,FR-0799,small_airport,"Orgenoy Airfield",48.492806,2.573548,262,EU,France,FR,Île-de-France,FR-IDF,IDF,"Boissise-le-Roi, Seine-et-Marne",0,,,,LF7754,,,,50,2024-06-22T16:30:35+00:00
528880,FR-0801,small_airport,"La Ferme des Prés Airfield",48.827778,1.790556,296,EU,France,FR,Île-de-France,FR-IDF,IDF,"Boissy-sans-Avoir, Yvelines",0,,,,LF7854,,,,50,2024-06-22T14:17:50+00:00
534882,FR-1174,small_airport,"Bonneville-la-Louvet Airfield",49.263476,0.371935,361,EU,France,FR,Normandy,FR-NOR,NOR,"Bonneville-la-Louvet, Calvados",0,,,,LF1422,,,,50,2024-06-26T09:55:32+00:00
28807,FR-1244,closed,"Bordeaux Souge Air Base",44.851093,-0.805493,135,EU,France,FR,Nouvelle-Aquitaine,FR-NAQ,NAQ,Bordeaux,0,,,,,,,"LFDO, LFDO",50,2025-02-25T14:48:52+00:00
43623,FR-0281,small_airport,"Altisurface d'Hautacam",42.99387,-0.012569,5512,EU,France,FR,Occitanie,FR-OCC,OCC,Bordes,0,,,,LF6529,,,,50,2024-05-15T09:57:36+00:00
528730,FR-0670,small_airport,"Bort-l'Étang Airfield",45.7937,3.435736,1286,EU,France,FR,Auvergne-Rhône-Alpes,FR-ARA,ARA,Bort-l'Étang,0,,,,LF6357,,,,50,2024-10-24T15:43:24+00:00
528837,FR-0759,closed,"Bouzy Airfield",49.082222,4.136667,360,EU,France,FR,"Grand Est",FR-GES,GES,"Bouzy, Marne",0,,,,,,,LF5152,50,2025-07-03T09:11:04+00:00
43601,FR-0259,small_airport,"Altiport du Col de Cenise",46.020832,6.45,5656,EU,France,FR,Auvergne-Rhône-Alpes,FR-ARA,ARA,Brison,0,,,,LF7421,,,,50,2024-05-15T09:42:07+00:00
29022,FR-1263,closed,"Broyes-lès-Pesmes Air Base",47.332932,5.513494,682,EU,France,FR,Bourgogne-Franche-Comté,FR-BFC,BFC,"Broye-Aubigney-Montseugny, Haute-Saône",0,,,,,,,LFYH,50,2025-02-25T14:48:55+00:00
528860,FR-0781,small_airport,"Bucey-lès-Gy Airfield",47.415,5.871389,1260,EU,France,FR,Bourgogne-Franche-Comté,FR-BFC,BFC,"Bucey-lès-Gy, Haute-Saône",0,,,,LF7021,,,"Ferme des Combes",50,2024-06-26T10:55:37+00:00
28837,LFFB,small_airport,"Buno-Bonnevaux Airfield",48.350074,2.424431,420,EU,France,FR,Île-de-France,FR-IDF,IDF,"Buno-Bonnevaux, Essonne",0,LFFB,,,,,,,50,2025-01-08T00:52:31+00:00
529100,FR-1013,small_airport,"Coustellet Airfield",43.8692,5.158269,361,EU,France,FR,Provence-Alpes-Côte-d'Azur,FR-PAC,PAC,"Cabrières-d'Avignon, Vaucluse",0,,,,LF8424,,,,50,2025-01-29T19:33:03+00:00
316147,FR-0338,small_airport,"Carlucet Biguès ULM",44.744167,1.618333,1045,EU,France,FR,Occitanie,FR-OCC,OCC,Carlucet,0,,,,LF4630,,,,50,2023-03-11T13:46:51+00:00
4117,LFIG,small_airport,"Cassagnes-Bégonhès Airfield",44.177799,2.515,2024,EU,France,FR,Occitanie,FR-OCC,OCC,Cassagnes-Bégonhès,0,LFIG,,,,,https://fr.wikipedia.org/wiki/A%C3%A9rodrome_de_Cassagnes-B%C3%A9gonh%C3%A8s,,50,2024-05-15T18:57:20+00:00
315458,FR-0322,small_airport,"Col de Lèques Airfield",43.86661,6.463966,3793,EU,France,FR,Provence-Alpes-Côte-d'Azur,FR-PAC,PAC,"Castellane, Alpes-de-Haute-Provence",0,,,,,,,,50,2025-01-29T21:18:51+00:00
43594,FR-0252,small_airport,"Altisurface de Cap De Pouy",42.784721,0.545,5905,EU,France,FR,Occitanie,FR-OCC,OCC,Castillon-de-Larboust,0,,,,LF3132,,,,50,2024-05-15T09:40:08+00:00
43625,FR-0283,small_airport,"Altisurface de Honteyde",42.837223,0.502222,6234,EU,France,FR,Occitanie,FR-OCC,OCC,Cathervieille,0,,,,LF3133,,,,50,2024-05-15T09:58:57+00:00
28849,LFFR,small_airport,"Bar-sur-Seine Airfield",48.065907,4.412368,938,EU,France,FR,"Grand Est",FR-GES,GES,"Celles-sur-Ource, Aube",0,LFFR,,,,,https://fr.wikipedia.org/wiki/A%C3%A9rodrome_de_Bar-sur-Seine,,50,2024-06-25T13:42:09+00:00
339741,FR-0435,small_airport,"Cesseville Ferme des Moulins Private Airfield",49.177837,0.9953,485,EU,France,FR,Normandy,FR-NOR,NOR,"Cesseville, Eure",0,,,,LF2752,http://fermedesmoulins.pagesperso-orange.fr,,,50,2024-12-01T11:01:03+00:00
28913,FR-1248,closed,"Chailley Airfield",48.07915,3.712921,,EU,France,FR,Bourgogne-Franche-Comté,FR-BFC,BFC,"Chailley, Yonne",0,,,,,,,LFJM,50,2025-02-25T14:48:53+00:00
335360,FR-0421,small_airport,"Altisurface de Faucon",44.535942,5.308027,3300,EU,France,FR,Auvergne-Rhône-Alpes,FR-ARA,ARA,Chalancon,0,,,,LF2621,,,,50,2024-05-15T10:59:05+00:00
2989,LFJY,small_airport,"Chambley airfield",49.025501,5.87607,866,EU,France,FR,"Grand Est",FR-GES,GES,Chambley-Bussières,0,LFJY,,,,,https://en.wikipedia.org/wiki/Chambley-Bussières_Air_Base,"Chambley-Bussières Air Base",50,2025-08-18T15:57:26+00:00
342525,FR-0475,small_airport,"Évaux Airfield",46.168657,2.432184,1512,EU,France,FR,Nouvelle-Aquitaine,FR-NAQ,NAQ,"Chambon-sur-Voueize, Creuse",0,,,,LF2321,,,,50,2024-10-24T16:03:49+00:00
528745,FR-0683,closed,"Chazan Airfield",47.215079,4.904487,1516,EU,France,FR,Bourgogne-Franche-Comté,FR-BFC,BFC,"Chambœuf, Côte-d'Or",0,,,,,,,LF2127,50,2024-06-22T17:12:44+00:00
43612,FR-0270,small_airport,"Glacier d'Argentière Altiport",45.941666,7,9350,EU,France,FR,Auvergne-Rhône-Alpes,FR-ARA,ARA,Chamonix,0,,,,LF7422,,,,50,2024-05-15T09:46:38+00:00
43617,FR-0275,small_airport,"Glacier de Talèfre Altiport",45.908333,6.983333,9121,EU,France,FR,Auvergne-Rhône-Alpes,FR-ARA,ARA,Chamonix,0,,,,LF7423,,,,50,2024-05-15T09:51:24+00:00
43618,FR-0276,small_airport,"Altisurface du Glacier Du Dome Du Gouter",45.845833,6.85,13940,EU,France,FR,Auvergne-Rhône-Alpes,FR-ARA,ARA,Chamonix,0,,,,LF7424,,,,50,2024-05-15T09:52:57+00:00
43619,FR-0277,small_airport,"Altisurface du Glacier Du Tacul",45.891666,6.9375,7382,EU,France,FR,Auvergne-Rhône-Alpes,FR-ARA,ARA,Chamonix,0,,,,LF7425,,,,50,2024-05-15T09:53:28+00:00
43620,FR-0278,small_airport,"Glacier du Tour Altisurface",45.983033,6.99983,10170,EU,France,FR,Auvergne-Rhône-Alpes,FR-ARA,ARA,"Chamonix-Mont-Blanc, Haute-Savoie",0,,,,LF7426,,,,50,2024-08-08T00:22:16+00:00
540841,FR-0560,small_airport,"Savoy Paraglider Landing Field",45.92726,6.86762,3435,EU,France,FR,Auvergne-Rhône-Alpes,FR-ARA,ARA,"Chamonix-Mont-Blanc, Haute-Savoie",0,,,,,,,,50,2024-08-07T09:33:31+00:00
43614,FR-0272,small_airport,"Altisurface du Glacier de la Chiaupe",45.491669,6.775,10170,EU,France,FR,Auvergne-Rhône-Alpes,FR-ARA,ARA,Champagny,0,,,,,,,,50,2020-04-30T11:04:36+00:00
330836,FR-0384,small_airport,"Forez Ultralight Airfield",45.637824,4.060888,1257,EU,France,FR,Auvergne-Rhône-Alpes,FR-ARA,ARA,"Champdieu, Loire",0,,,,,,,"Base ULM du Forez",50,2024-07-01T10:38:45+00:00
339744,FR-0438,small_airport,"Champrond Le Petit Bois Landry Ultralight Airfield",48.39361,1.05753,853,EU,France,FR,"Centre-Val de Loire",FR-CVL,CVL,"Champrond-en-Gâtine, Eure-et-Loir",0,,,,LF2822,,,"Base ULM Champrond le Petit Bois Landry",50,2025-01-10T22:53:48+00:00
605977,FR-1326,small_airport,"Champseru Airfield",48.50128,1.67677,472,EU,France,FR,"Centre-Val de Loire",FR-CVL,CVL,Champseru,0,,,,,,,,50,2026-03-20T08:33:25+00:00
529342,FR-1156,small_airport,"Chanaz Airfield",45.818889,5.79,764,EU,France,FR,Auvergne-Rhône-Alpes,FR-ARA,ARA,"Chanaz, Savoie",0,,,,LF7340,,,,50,2024-06-22T16:42:15+00:00
506719,FR-0514,small_airport,"Base ULM de Chaneins",46.106504,4.851045,800,EU,France,FR,Auvergne-Rhône-Alpes,FR-ARA,ARA,Chaneins,0,,,,LF0161,,,,50,2023-02-22T00:31:15+00:00
354009,FR-0493,small_airport,"Perreux Airfield",47.874976,3.135556,610,EU,France,FR,Bourgogne-Franche-Comté,FR-BFC,BFC,"Charny-Orée-de-Puisaye, Yonne",0,,,,LF8928,,,"Base ULM de Perreux",50,2024-06-22T16:24:38+00:00
528931,FR-0844,small_airport,"Chassey-Beaupré Airfield",48.45469,5.446813,1143,EU,France,FR,"Grand Est",FR-GES,GES,"Chassey-Beaupré, Meuse",0,,,,LF5523,,,"Base ULM Chassey-Beaupré",50,2024-06-26T09:58:31+00:00
529208,FR-1048,heliport,"Château-Thierry Jeanne de Navarre Hospital Heliport",49.05238,3.41221,387,EU,France,FR,Hauts-de-France,FR-HDF,HDF,"Château-Thierry, Aisne",0,,,,,,,,50,2024-06-22T13:01:34+00:00
28983,LFQH,small_airport,"Châtillon-sur-Seine Airfield",47.843924,4.580045,905,EU,France,FR,Bourgogne-Franche-Comté,FR-BFC,BFC,Châtillon-sur-Seine,0,LFQH,,,,,https://fr.wikipedia.org/wiki/A%C3%A9rodrome_de_Ch%C3%A2tillon-sur-Seine,"Aéro-Club du Chatillonnais",50,2024-06-21T10:41:48+00:00
529109,FR-1022,small_airport,"Anthony Delluc Ultralight Airfield",45.011944,5.083889,656,EU,France,FR,Auvergne-Rhône-Alpes,FR-ARA,ARA,"Chatuzange-le-Goubet, Drôme",0,,,,LF2651,,,"Base ULM Anthony Delluc",50,2024-06-30T06:07:13+00:00
528742,FR-0681,small_airport,"Chaume-et-Courchamp Airfield",47.575603,5.351686,930,EU,France,FR,Bourgogne-Franche-Comté,FR-BFC,BFC,"Chaume-et-Courchamp, Côte-d'Or",0,,,,LF2122,,,,50,2024-06-25T13:30:51+00:00
528844,FR-0766,small_airport,"Les Potes Adon'fe 08 Airfield",49.635,4.284722,335,EU,France,FR,"Grand Est",FR-GES,GES,"Chaumont-Porcien, Ardennes",0,,,,LF0852,,,"Base ULM les potes adon'fe 08",50,2024-07-01T16:26:25+00:00
348581,FR-0488,small_airport,Chélan,43.341597,0.530219,865,EU,France,FR,Occitanie,FR-OCC,OCC,Chélan,0,,,,LF3261,,,,50,2021-10-11T05:24:02+00:00
28838,LFFC,small_airport,"Mantes-Chérence Airfield",49.078814,1.68829,512,EU,France,FR,Île-de-France,FR-IDF,IDF,"Chérence, Val-d'Oise",0,LFFC,,,,,https://fr.wikipedia.org/wiki/A%C3%A9rodrome_de_Mantes_-_Ch%C3%A9rence,,50,2024-06-22T14:27:00+00:00
429770,FR-0506,small_airport,"Chevry-Cossigny Paramotor Field",48.708408,2.645881,328,EU,France,FR,Île-de-France,FR-IDF,IDF,"Chevry-Cossigny, Seine-et-Marne",0,,,,LF7758,,,Lfvz,50,2024-06-22T16:32:57+00:00
338103,FR-0434,small_airport,"Brochot Aerodrome",48.976587,3.373087,574,EU,France,FR,Hauts-de-France,FR-HDF,HDF,"Chézy-sur-Marne, Aisne",0,,,,LF0226,,,"Aérodrome de Brochot",50,2024-06-22T13:02:11+00:00
43593,FR-0251,small_airport,"Altisurface de Cap De Barres",42.864034,0.516347,5798,EU,France,FR,Occitanie,FR-OCC,OCC,Cirès,0,,,,LF3131,,,,50,2024-05-15T09:39:17+00:00
28907,LFJC,small_airport,"Clamecy-Rix Airfield",47.437597,3.507422,713,EU,France,FR,Bourgogne-Franche-Comté,FR-BFC,BFC,"Clamecy, Nièvre",0,LFJC,,,,,https://fr.wikipedia.org/wiki/A%C3%A9rodrome_de_Clamecy,,50,2024-12-01T11:06:53+00:00
28900,LFIM,small_airport,"Saint Gaudens Montréjeau Airfield",43.107425,0.619132,1325,EU,France,FR,Occitanie,FR-OCC,OCC,"Clarac, Hautes-Pyrénées",0,LFIM,,,,,https://fr.wikipedia.org/wiki/A%C3%A9rodrome_de_Saint-Gaudens_-_Montr%C3%A9jeau,,50,2024-12-01T11:02:18+00:00
43604,FR-0262,small_airport,"Col de Sarenne Altiport",45.087521,6.145885,6496,EU,France,FR,Auvergne-Rhône-Alpes,FR-ARA,ARA,"Clavans-en-Haut-Oisans, Isère",0,,,,LF3825,,,"Altiport du Col de Sarenne",50,2025-01-29T13:59:50+00:00
28778,FR-1243,closed,"Condé-sur-Noireau Airfield",48.890681,-0.503569,833,EU,France,FR,Normandy,FR-NOR,NOR,Clécy,0,,,,,,,LFAN,50,2025-02-25T14:48:52+00:00
527233,FR-0567,small_airport,"Omaha Beach Airfield",49.353231,-0.843067,203,EU,France,FR,Normandy,FR-NOR,NOR,"Colleville-sur-Mer, Calvados",0,,,,LF1456,https://lf1456.com/,,,50,2024-08-07T11:41:47+00:00
528840,FR-0762,small_airport,"Harricourt la Gonio Airfield",48.280383,4.913463,1214,EU,France,FR,"Grand Est",FR-GES,GES,Colombey-les-Deux-Églises,0,,,,LF5224,,,,50,2024-06-21T11:58:26+00:00
31813,FR-1277,small_airport,"Condat sur Vézère",45.103885,1.215121,499,EU,France,FR,Nouvelle-Aquitaine,FR-NAQ,NAQ,"Condat sur Vézère",0,,,,LF2423,,,LFDZ,50,2025-03-09T02:34:40+00:00
506713,FR-0511,small_airport,"Chamonet Airfield",45.797877,5.624628,1250,EU,France,FR,Auvergne-Rhône-Alpes,FR-ARA,ARA,"Contrevoz, Ain",0,,,,LF0164,,,"Chamonet  ULM",50,2024-06-22T16:47:50+00:00
337488,FR-0431,small_airport,"Azur Ultralight Airfield",49.461033,3.848283,240,EU,France,FR,Hauts-de-France,FR-HDF,HDF,"Corbeny, Aisne",0,,,,LF0221,https://www.azur-ulm.fr/,,"Base ULM Azur",50,2024-07-01T16:24:44+00:00
342298,FR-0466,small_airport,"Corbeny Ultralight Airfield",49.457382,3.854544,230,EU,France,FR,Hauts-de-France,FR-HDF,HDF,"Corbeny, Aisne",0,,,,LF0256,,,"Base ULM de Corbeny",50,2024-07-01T16:24:26+00:00
333883,FR-0399,small_airport,"Corneilla-la-Rivière Ultralight Airfield",42.690858,2.730124,230,EU,France,FR,Occitanie,FR-OCC,OCC,"Corneilla-la-Rivière, Pyrénées-Orientales",0,,,,LF6631,,,"Base ULM Corneilla de la Rivière",50,2024-06-30T06:14:48+00:00
28861,LFGH,small_airport,"Cosne-sur-Loire Airfield",47.36092,2.915862,581,EU,France,FR,Bourgogne-Franche-Comté,FR-BFC,BFC,"Cosne-Cours-sur-Loire, Nièvre",0,LFGH,,,,,https://fr.wikipedia.org/wiki/A%C3%A9rodrome_de_Cosne-sur-Loire,,50,2025-01-08T09:19:18+00:00
528746,FR-0684,small_airport,"Souhil Airfield",47.9225,4.768611,792,EU,France,FR,Bourgogne-Franche-Comté,FR-BFC,BFC,Courban,0,,,,LF2132,,,,50,2024-06-21T10:43:52+00:00
339761,FR-0444,small_airport,"Courseulles-sur-Mer Ultralight Airfield",49.314065,-0.454022,150,EU,France,FR,Normandy,FR-NOR,NOR,"Courseulles-sur-Mer, Calvados",0,,,,LF1451,,,"Base ULM de Courseulles, Base ULM Typhoon",50,2024-06-28T16:59:25+00:00
528835,FR-0757,small_airport,"Courtisols les Houches Airfield",48.995278,4.496667,492,EU,France,FR,"Grand Est",FR-GES,GES,"Courtisols, Marne",0,,,,LF5123,https://www.ulm-courtisols.com/,,,50,2024-06-25T17:20:35+00:00
528816,FR-0740,small_airport,"Cravant Les Lilas Airfield",47.836706,1.617899,377,EU,France,FR,"Centre-Val de Loire",FR-CVL,CVL,"Cravant, Loiret",0,,,,LF4558,https://www.les-lilas.org/relais-u-l-m,,,50,2024-08-07T10:59:47+00:00
529055,FR-0968,small_airport,"Poix de Picardie Airfield",49.780278,2.001944,604,EU,France,FR,Hauts-de-France,FR-HDF,HDF,"Croixrault, Somme",0,,,,LF8052,,,,50,2024-06-25T17:13:48+00:00
315954,FR-0327,small_airport,"Crottet-Le Bief Ultralight Airfield",46.284929,4.885957,597,EU,France,FR,Auvergne-Rhône-Alpes,FR-ARA,ARA,"Crottet, Ain",0,,,,LF0152,http://www.clubulmcrottet.sitew.fr/,,,50,2024-10-28T11:41:08+00:00
529088,FR-1001,small_airport,"Cruis Mas des Grailles Airfield",44.060278,5.853056,2270,EU,France,FR,Provence-Alpes-Côte-d'Azur,FR-PAC,PAC,"Cruis, Alpes-de-Haute-Provence",0,,,,LF0453,http://www.mas-des-grailles.com/le-ciel.html,,,50,2025-01-08T12:29:54+00:00
31812,FR-1270,closed,"Aérodrome de Soissons-Cuffies",49.400002,3.317,138,EU,France,FR,Hauts-de-France,FR-HDF,HDF,"Cuffies, Aisne",0,,,,,,,LFAH,50,2025-02-25T14:49:25+00:00
43592,FR-0250,small_airport,"Cabaliros Altiport",42.952496,-0.133166,5724,EU,France,FR,Occitanie,FR-OCC,OCC,"D'Argeles Gazost",0,,,,LF6521,,,,50,2024-05-15T09:38:46+00:00
4247,FR-1242,closed,"Damblain Air Base",48.0863,5.66406,1280,EU,France,FR,"Grand Est",FR-GES,GES,"Damblain, Vosges",0,,,,,,,LFYD,50,2025-02-25T14:38:03+00:00
28781,LFAS,small_airport,"Falaise-Mont d'Eraines Airfield",48.9272,-0.144722,512,EU,France,FR,Normandy,FR-NOR,NOR,"Damblainville, Calvados",0,LFAS,LFAS,,,,https://fr.wikipedia.org/wiki/A%C3%A9rodrome_de_Falaise-Mont_d%27Eraines,,50,2025-10-04T17:42:32+00:00
4143,LFLT,small_airport,"Montluçon-Domérat Airfield",46.352767,2.570479,771,EU,France,FR,Auvergne-Rhône-Alpes,FR-ARA,ARA,"Domérat, Allier",0,LFLT,,,,,https://fr.wikipedia.org/wiki/A%C3%A9rodrome_de_Montlu%C3%A7on_-_Dom%C3%A9rat,,50,2024-10-24T15:59:50+00:00
28869,LFGR,small_airport,"Doncourt-lès-Conflans Airfield",49.152165,5.933447,804,EU,France,FR,"Grand Est",FR-GES,GES,Doncourt-lès-Conflans,0,LFGR,,,,,https://en.wikipedia.org/wiki/Doncourt-l%C3%A8s-Conflans_Airport,,50,2024-05-15T08:16:04+00:00
316142,FR-0335,small_airport,"Doucier Airfield",46.663693,5.761492,1735,EU,France,FR,Bourgogne-Franche-Comté,FR-BFC,BFC,"Doucier, Jura",0,,,,LF3951,http://www.alize-ulm.com,,"Base ULM Doucier",50,2024-06-22T16:59:59+00:00
355195,FR-0500,small_airport,"Écrosnes ULM",48.561187,1.730196,520,EU,France,FR,"Centre-Val de Loire",FR-CVL,CVL,Écrosnes,0,,,,LF2830,,,"Base ULM d'Écrosnes",50,2024-06-20T07:49:36+00:00
528776,FR-0713,small_airport,"Voves Viabon Airfield",48.210459,1.673334,476,EU,France,FR,"Centre-Val de Loire",FR-CVL,CVL,"Éole-en-Beauce, Eure-et-Loir",0,,,,LF2829,http://www.jabiru.fr/,,,50,2025-01-15T21:36:40+00:00
528592,FR-0598,small_airport,"Les Cigognes d'Epfig Ultralight Airfield",48.338333,7.477778,552,EU,France,FR,"Grand Est",FR-GES,GES,"Epfig, Bas-Rhin",0,,,,LF6757,,,,50,2024-07-03T22:08:58+00:00
28783,LFAW,small_airport,"Villerupt Aerodrome",49.410424,5.889301,1299,EU,France,FR,"Grand Est",FR-GES,GES,"Errouville, Meurthe-et-Moselle",0,LFAW,LFAW,,,,https://fr.wikipedia.org/wiki/A%C3%A9rodrome_de_Villerupt,"Aérodrome de Villerupt",50,2025-10-04T18:05:51+00:00
527244,FR-0570,small_airport,"Banelle Ultralight Airfield",46.124953,3.286886,1165,EU,France,FR,Auvergne-Rhône-Alpes,FR-ARA,ARA,"Escurolles, Allier",0,,,,LF0355,,,"Base ULM Banelle",50,2024-10-24T15:55:45+00:00
534796,FR-1171,small_airport,"Esperce field",43.3178,1.4083,,EU,France,FR,Occitanie,FR-OCC,OCC,Esperces,0,,,,LF3122,,,,50,2024-06-25T02:33:49+00:00
529107,FR-1020,small_airport,"Étoile-sur-Rhône Airfield",44.831587,4.866416,345,EU,France,FR,Auvergne-Rhône-Alpes,FR-ARA,ARA,"Étoile-sur-Rhône, Drôme",0,,,,LF2628,http://club-ulm-folairvanne.fr/,,,50,2024-10-28T11:07:51+00:00
345349,FR-0479,small_airport,"Joigny Ultralight Airfield",47.16895,2.75894,,EU,France,FR,"Centre-Val de Loire",FR-CVL,CVL,"Étréchy, Cher",0,,,,,,,"Base ULM de Joigny",50,2024-06-30T06:17:59+00:00
28855,LFFY,small_airport,"Étrépagny Airfield",49.305273,1.637907,308,EU,France,FR,Normandy,FR-NOR,NOR,Étrépagny,0,LFFY,,,,http://aeroclubduvexin.com/,https://fr.wikipedia.org/wiki/A%C3%A9rodrome_d%27%C3%89tr%C3%A9pagny,,50,2024-05-15T18:43:25+00:00
529296,FR-1118,small_airport,"Grand Couronné Airfield",48.766111,6.221111,1250,EU,France,FR,"Grand Est",FR-GES,GES,"Eulmont, Meurthe-et-Moselle",0,,,,LF5453,https://ulmclubeulmont.fr/,,,50,2024-06-26T10:08:19+00:00
528933,FR-0846,small_airport,"Fains-Véel Airfield",48.78,5.110556,827,EU,France,FR,"Grand Est",FR-GES,GES,"Fains-Véel, Meuse",0,,,,LF5525,,,"Club ULM Fains-Véel",50,2024-06-26T10:12:40+00:00
43611,FR-0269,small_airport,"Altisurface de Ferrère Batmale",42.888332,0.498889,5749,EU,France,FR,Occitanie,FR-OCC,OCC,Ferrère,0,,,,LF6524,,,,50,2024-05-15T09:45:49+00:00
28920,LFKH,small_airport,"St Jean D'avelanne Airfield",45.516701,5.68056,964,EU,France,FR,Auvergne-Rhône-Alpes,FR-ARA,ARA,"Figari/Sud Corse",0,LFKH,,,,,https://fr.wikipedia.org/wiki/A%C3%A9rodrome_de_Saint-Jean-d%27Avelanne,,50,2024-05-15T19:29:32+00:00
514661,FR-0542,small_airport,"Zeurange ULM",49.39264,6.54441,974,EU,France,FR,"Grand Est",FR-GES,GES,Flastroff,0,,,,LF5728,,,,50,2024-05-15T11:28:05+00:00
339788,FR-0453,small_airport,"Flavacourt Ultralight Airfield",49.35105,1.81304,456,EU,France,FR,Hauts-de-France,FR-HDF,HDF,"Flavacourt, Oise",0,,,,LF6026,http://www.gite-de-la-loge.com,,"Base ULM de Flavacourt",50,2024-06-30T06:11:34+00:00
529104,FR-1017,small_airport,"Flayosc Ultralight Airfield",43.538487,6.319804,1200,EU,France,FR,Provence-Alpes-Côte-d'Azur,FR-PAC,PAC,"Flayosc, Var",0,,,,LF8364,,,"Base ULM de Flayosc",50,2024-10-30T10:02:41+00:00
529105,FR-1018,small_airport,"Basse Maure Airfield",43.530025,6.314627,1100,EU,France,FR,Provence-Alpes-Côte-d'Azur,FR-PAC,PAC,"Flayosc, Var",0,,,,LF8356,,,,50,2024-10-30T10:00:59+00:00
28960,LFOG,small_airport,"Aérodrome de Flers Saint-Paul",48.749964,-0.593927,656,EU,France,FR,Normandy,FR-NOR,NOR,Flers,0,LFOG,,,,,https://fr.wikipedia.org/wiki/A%C3%A9rodrome_de_Flers_-_Saint-Paul,,50,2024-04-29T18:13:53+00:00
43642,FR-0300,small_airport,"Altiport du Plateau de la Calme",42.530556,2.004167,6988,EU,France,FR,Occitanie,FR-OCC,OCC,"Font Romeu-Odeillo",0,,,,LF6627,,,,50,2023-03-11T07:12:04+00:00
30786,FR-1269,closed,"Belfort-Fontaine Airfield",47.655602,7.01083,1208,EU,France,FR,Bourgogne-Franche-Comté,FR-BFC,BFC,Fontaine,0,,,,,,,"BOR, LFSQ, Aéroparc de Belfort-Fontaine",50,2025-02-25T14:49:15+00:00
28967,LFOW,small_airport,"Saint-Quentin-Roupy Airfield",49.816089,3.205734,325,EU,France,FR,Hauts-de-France,FR-HDF,HDF,"Fontaine-lès-Clercs, Aisne",0,LFOW,,,,,https://fr.wikipedia.org/wiki/A%C3%A9rodrome_de_Saint-Quentin_-_Roupy,"Aérodrome de Saint-Quentin - Roupy",50,2024-06-22T12:36:16+00:00
330785,FR-0381,small_airport,"Fontaine-lès-Clerval Ultralight Airfield",47.420889,6.459371,,EU,France,FR,Bourgogne-Franche-Comté,FR-BFC,BFC,"Fontaine-lès-Clerval, Doubs",0,,,,LF2556,,,"Base ULM de Fontaine les Clerval",50,2024-07-01T10:35:33+00:00
527235,FR-0569,small_airport,"Fontaine Simon Airfield",48.506027,0.991064,689,EU,France,FR,"Centre-Val de Loire",FR-CVL,CVL,Fontaine-Simon,0,,,,LF2827,,,,50,2024-05-12T23:46:54+00:00
28844,LFFK,small_airport,"Fontenay Le Comte Airfield",46.441399,-0.792778,85,EU,France,FR,Pays-de-la-Loire,FR-PDL,PDL,"Fontenay Le Comte",0,LFFK,,,,,https://fr.wikipedia.org/wiki/A%C3%A9rodrome_de_Fontenay-le-Comte,,50,2025-08-18T17:19:34+00:00
43599,FR-0257,small_airport,"Altisurface du Clos de Legua",42.654167,2.038889,7874,EU,France,FR,Occitanie,FR-OCC,OCC,Fontrabiouse,0,,,,LF6624,,,,50,2024-05-15T09:40:59+00:00
337376,FR-0429,small_airport,"Fontrailles Ultralight Airfield",43.345961,0.361649,900,EU,France,FR,Occitanie,FR-OCC,OCC,"Fontrailles, Hautes-Pyrénées",0,,,,LF6554,,,"Base ULM de Fontrailles",50,2024-06-30T06:03:57+00:00
43607,FR-0265,small_airport,"Altisurface de Coste Del Palm",42.60833,2.011111,7710,EU,France,FR,Occitanie,FR-OCC,OCC,Formiguères,0,,,,LF6621,,,,50,2024-05-15T09:44:11+00:00
315959,FR-0332,small_airport,"Fournet ULM",47.177389,6.812911,2874,EU,France,FR,Bourgogne-Franche-Comté,FR-BFC,BFC,Fournet-Blancheroche,0,,,,LF2553,https://www.ulm-fournet.com/index.php/accueil,,"Club ULM Haut Doubs, ULM Fournet",50,2024-06-26T18:49:30+00:00
528861,FR-0782,small_airport,"Francourt Airfield",47.655,5.738889,869,EU,France,FR,Bourgogne-Franche-Comté,FR-BFC,BFC,"Francourt, Haute-Saône",0,,,,LF7022,,,,50,2024-06-25T13:06:51+00:00
514609,FR-0541,small_airport,"Les Chateaux Ultralight Airfield",47.31935,1.07017,,EU,France,FR,"Centre-Val de Loire",FR-CVL,CVL,"Francueil, Indre-et-Loire",0,,,,LF3769,,,"Base ULM des Chateaux",50,2024-06-30T06:16:10+00:00
529310,FR-1130,small_airport,"Fréjus Ultralight Airfield",43.423708,6.69805,15,EU,France,FR,Provence-Alpes-Côte-d'Azur,FR-PAC,PAC,"Fréjus, Var",0,,,,LF8352,https://www.ulmflyingsafari.com/le-cadre/,,"Base ULM de Fréjus",50,2024-10-30T14:22:47+00:00
514560,FR-0538,small_airport,"Saulnois Ultralight Aeroclub",48.85632,6.43562,956,EU,France,FR,"Grand Est",FR-GES,GES,Fresnes-en-Saulnois,0,,,,LF5722,,,,50,2023-11-09T11:09:10+00:00
529053,FR-0966,small_airport,"Frétoy-le-Château Airfield",49.6675,2.968056,270,EU,France,FR,Hauts-de-France,FR-HDF,HDF,"Frétoy-le-Château, Oise",0,,,,LF6023,https://www.skydivefretoy.com/,,,50,2024-06-22T12:44:48+00:00
509739,FR-0525,small_airport,"Frévent ULM",50.278098,2.302623,438,EU,France,FR,Hauts-de-France,FR-HDF,HDF,"Frévent, Pas-de-Calais",0,,,,LF6224,,,"Base ULM de Frévent, Piste d'atterrissage ULM de Frévent",50,2024-06-25T04:14:09+00:00
529112,FR-1025,small_airport,"Frontonas Airfield",45.643443,5.182726,680,EU,France,FR,Auvergne-Rhône-Alpes,FR-ARA,ARA,"Frontonas, Isère",0,,,,LF3852,,,"Base ULM de Frontonas",50,2024-08-01T13:04:06+00:00
339749,FR-0441,small_airport,"Frossay Ultralight Airfield",47.238222,-1.878275,10,EU,France,FR,Pays-de-la-Loire,FR-PDL,PDL,"Frossay, Loire-Atlantique",0,,,,LF4451,http://www.randkar.fr,,"Base ULM de Frossay, Base ULM Randkar",50,2024-07-01T10:41:49+00:00
529091,FR-1004,small_airport,"Colombe d'Eyguians Airfield",44.365196,5.786734,2410,EU,France,FR,Provence-Alpes-Côte-d'Azur,FR-PAC,PAC,"Garde-Colombe, Haute-Alpes",0,,,,LF0553,,,"Altisurface Colombe d’Eyguians",50,2025-01-15T20:47:28+00:00
43641,FR-0299,small_airport,"Pene De Soulit Altisurface",42.793056,0.4625,6365,EU,France,FR,Occitanie,FR-OCC,OCC,Garin,0,,,,LF3129,,,,50,2022-05-31T19:07:12+00:00
326619,FR-0370,small_airport,"Gaussan ULM",43.219115,0.473498,,EU,France,FR,Occitanie,FR-OCC,OCC,Gaussan,0,,,,,,,,50,2018-03-10T04:48:36+00:00
43608,FR-0266,small_airport,"Altisurface de Coumely",42.762501,0.022222,6562,EU,France,FR,Occitanie,FR-OCC,OCC,Gèdre,0,,,,LF6523,,,,50,2024-05-15T09:44:41+00:00
28993,LFQZ,small_airport,"Dieuze-Guéblange Airfield",48.774378,6.714106,722,EU,France,FR,"Grand Est",FR-GES,GES,Gelucourt,0,LFQZ,,,,,,,50,2024-05-15T20:00:47+00:00
528871,FR-0792,small_airport,"Gevigney Airfield",47.796944,5.913056,720,EU,France,FR,Bourgogne-Franche-Comté,FR-BFC,BFC,"Gevigney-et-Mercey, Haute-Saône",0,,,,LF7033,,,,50,2024-06-25T12:53:49+00:00
528943,FR-0856,small_airport,"Corniéville Geville Airfield",48.763889,5.695556,904,EU,France,FR,"Grand Est",FR-GES,GES,"Geville, Meuse",0,,,,LF5521,,,,50,2024-06-26T10:01:22+00:00
528945,FR-0858,small_airport,"Geville Airfield",48.769928,5.684357,1200,EU,France,FR,"Grand Est",FR-GES,GES,"Geville, Meuse",0,,,,LF5551,https://cirrusairevasion.fr/,,"Au Roppe, Jouy sous les Côtes",50,2024-06-26T10:02:30+00:00
29026,LFYR,small_airport,"Romorantin Pruniers Airbase",47.317543,1.691036,289,EU,France,FR,"Centre-Val de Loire",FR-CVL,CVL,"Gièvres, Loir-et-Cher",0,LFYR,,,,,https://fr.wikipedia.org/wiki/Base_a%C3%A9rienne_273_Romorantin-Pruniers,,50,2025-01-06T16:51:27+00:00
528938,FR-0851,small_airport,"Dropt AltiSurface",47.959167,6.542222,2040,EU,France,FR,"Grand Est",FR-GES,GES,Girmont-Val-d'Ajol,0,,,,LF8852,,,,50,2024-05-16T11:19:08+00:00
28866,LFGO,small_airport,"Pont-sur-Yonne Airfield",48.291587,3.245745,236,EU,France,FR,Bourgogne-Franche-Comté,FR-BFC,BFC,"Gisy-les-Nobles, Yonne",0,LFGO,,,,,https://fr.wikipedia.org/wiki/A%C3%A9rodrome_de_Pont-sur-Yonne,,50,2024-06-22T16:09:31+00:00
28969,LFOY,small_airport,"Havre-Saint-Romain-de-Colbosc Airfield",49.544676,0.360403,423,EU,France,FR,Normandy,FR-NOR,NOR,Gommerville,0,LFOY,,,,,https://fr.wikipedia.org/wiki/A%C3%A9rodrome_du_Havre_-_Saint-Romain-de-Colbosc,"Aérodrome du Havre-Saint-Romain",50,2024-04-29T18:15:44+00:00
529052,FR-0965,heliport,"Gonesse Hospital Heliport",48.99208,2.45152,230,EU,France,FR,Île-de-France,FR-IDF,IDF,"Gonesse, Val-d'Oise",0,,,,,,,"Centre Hospitalier de Gonesse",50,2024-06-22T13:14:40+00:00
529098,FR-1011,small_airport,"Les Queyrons Airfield",43.345494,6.310568,430,EU,France,FR,Provence-Alpes-Côte-d'Azur,FR-PAC,PAC,"Gonfaron, Var",0,,,,LF8360,,,"Base ULM des Queyrons",50,2024-10-30T09:57:42+00:00
43590,FR-0248,small_airport,"Bacaneres Altiport",42.838229,0.658901,6532,EU,France,FR,Occitanie,FR-OCC,OCC,Gouaux-de-Luchon,0,,,,LF3138,,,,50,2024-05-15T09:37:26+00:00
28833,LFEV,small_airport,"Gray Saint-Adrien Airfield",47.431659,5.61775,679,EU,France,FR,Bourgogne-Franche-Comté,FR-BFC,BFC,Gray,0,LFEV,,,,,https://fr.wikipedia.org/wiki/A%C3%A9rodrome_de_Gray_-_Saint-Adrien,,50,2025-08-18T17:20:14+00:00
529343,FR-1157,small_airport,"Cogolin Grimaud Airfield",43.257778,6.543611,20,EU,France,FR,Provence-Alpes-Côte-d'Azur,FR-PAC,PAC,"Grimaud, Var",0,,,,LF8353,,,,50,2024-10-30T09:55:00+00:00
29929,FR-1267,closed,"Guyancourt Airport",48.7603,2.0625,541,EU,France,FR,Île-de-France,FR-IDF,IDF,"Guyancourt, Yvelines",0,,,,,,http://fr.wikipedia.org/wiki/A%C3%A9rodrome_de_Guyancourt,LFPR,50,2025-02-25T14:49:07+00:00
514810,FR-0546,small_airport,"Hargarten UL",49.21966,6.58702,1050,EU,France,FR,"Grand Est",FR-GES,GES,Hargarten-aux-Mines,0,,,,LF5752,,,,50,2024-05-15T11:29:51+00:00
529020,FR-0933,small_airport,"Herlies ULM",50.585278,2.838889,102,EU,France,FR,Hauts-de-France,FR-HDF,HDF,Herlies,0,,,,LF5930,https://www.aliz-air.fr/,,"Aliz Air, Base ULM Herlies",50,2024-06-20T07:47:31+00:00
527720,FR-0573,small_airport,"Hommes Volants Ultralight Airfield",47.418534,0.323495,285,EU,France,FR,"Centre-Val de Loire",FR-CVL,CVL,"Hommes, Indre-et-Loire",0,,,,LF3730,http://www.hommes-volants.fr/,,"Base ULM Hommes Volants, Base ULM Jacopeau, Jacopeau Ultralight Airfield",50,2024-06-30T06:14:15+00:00
514354,FR-0535,small_airport,"Cann'Air ULM",49.34389,6.28805,840,EU,France,FR,"Grand Est",FR-GES,GES,Inglange,0,,,,LF5760,,,,50,2024-05-15T10:20:30+00:00
506741,FR-0519,small_airport,"Base ULM d'Izenave",46.027516,5.5239,2280,EU,France,FR,Auvergne-Rhône-Alpes,FR-ARA,ARA,Izenave,0,,,,LF0153,,,,50,2023-02-22T19:24:38+00:00
528869,FR-0790,small_airport,"Jasney Airfield",47.882644,6.169634,919,EU,France,FR,Bourgogne-Franche-Comté,FR-BFC,BFC,"Jasney, Haute-Saône",0,,,,LF7031,,,"Base ULM de Jasney",50,2024-06-25T12:59:20+00:00
315958,FR-0331,small_airport,"Javerlhac Ultralight Airfield",45.553817,0.5585,633,EU,France,FR,Nouvelle-Aquitaine,FR-NAQ,NAQ,"Javerlhac-et-la-Chapelle-Saint-Robert, Dordogne",0,,,,LF2428,,,"Base ULM de Javerlhac",50,2024-06-28T17:29:51+00:00
529092,FR-1005,small_airport,"Jouques Bèdes Airfield",43.661389,5.686944,1378,EU,France,FR,Provence-Alpes-Côte-d'Azur,FR-PAC,PAC,"Jouques, Bouches-du-Rhône",0,,,,LF1352,,,,50,2024-10-30T10:37:45+00:00
28991,LFQX,small_airport,"Juvancourt Aerodrome",48.113977,4.819424,1145,EU,France,FR,"Grand Est",FR-GES,GES,"Juvancourt, Aube",0,LFQX,,,,,https://fr.wikipedia.org/wiki/A%C3%A9rodrome_de_Juvancourt,"Aérodrome de Juvancourt",50,2024-06-25T17:22:39+00:00
315957,FR-0330,small_airport,"Kerfot Ultralight Airfield",48.723882,-3.027055,308,EU,France,FR,Brittany,FR-BRE,BRE,"Kerfot, Côtes-d'Armor",0,,,,LF2221,https://sites.google.com/view/club-ulm-la-paimpolaise/accueil?pli=1,,,50,2024-06-28T17:00:10+00:00
342321,FR-0469,small_airport,"Kogenheim Ultralight Airfield",48.322866,7.535108,528,EU,France,FR,"Grand Est",FR-GES,GES,"Kogenheim, Bas-Rhin",0,,,,LF6715,,,"Base ULM de Kogenheim, Club ULM de Kogenheim",50,2024-07-03T22:08:27+00:00
28882,LFHG,small_airport,"Saint-Chamond L'Horme Airfield",45.491892,4.534375,1296,EU,France,FR,Auvergne-Rhône-Alpes,FR-ARA,ARA,"L'Horme, Loire",0,LFHG,,,,,https://fr.wikipedia.org/wiki/A%C3%A9rodrome_de_Saint-Chamond_-_L%27Horme,,50,2025-01-07T13:57:33+00:00
333894,FR-0405,small_airport,"Aérodrome de L'Isle-en-Dodon",43.380657,0.851848,918,EU,France,FR,Occitanie,FR-OCC,OCC,"L'Isle en Dodon",0,,,,LF3134,https://basulm.ffplum.fr/PDF/LF3134.pdf,,,50,2020-05-08T11:30:03+00:00
528481,FR-0582,small_airport,"La Boissière Airfield",49.124774,0.142758,540,EU,France,FR,Normandy,FR-NOR,NOR,"La Boissière, Calvados",0,,,,LF1452,,,,50,2025-01-15T16:24:51+00:00
528755,FR-0693,small_airport,"La Clayette Ultralight Airfield",46.302752,4.296982,1230,EU,France,FR,Bourgogne-Franche-Comté,FR-BFC,BFC,"La Clayette, Saône-et-Loire",0,,,,LF7151,https://clubulmdebourgogne.fr,,"Base ULM de La Clayette, Club ULM de Bourgogne",50,2025-01-10T23:34:49+00:00
339785,FR-0450,small_airport,"La Collancelle Ultralight Airfield",47.19121,3.644,985,EU,France,FR,Bourgogne-Franche-Comté,FR-BFC,BFC,"La Collancelle, Nièvre",0,,,,LF5852,,,"Base ULM La Collancelle",50,2024-06-30T05:52:38+00:00
28841,LFFG,small_airport,"La Ferté-Gaucher Airfield",48.757019,3.278098,538,EU,France,FR,Île-de-France,FR-IDF,IDF,"La Ferté-Gaucher, Seine-et-Marne",0,LFFG,,,,,https://fr.wikipedia.org/wiki/A%C3%A9rodrome_de_La_Fert%C3%A9-Gaucher,,50,2024-06-22T13:03:20+00:00
338099,FR-0432,small_airport,"Mosloy Airfield",49.174466,3.154335,453,EU,France,FR,Hauts-de-France,FR-HDF,HDF,"La Ferté-Milon, Aisne",0,,,,LF0223,,,"Base ULM de Mosloy",50,2024-06-22T12:58:32+00:00
315955,FR-0328,small_airport,"La Flamengrie ULM",50.00025,3.94482,699,EU,France,FR,Hauts-de-France,FR-HDF,HDF,"La Flamengrie",0,,,,LF0258,,,"Base ULM de La Flamengrie",50,2024-06-26T19:16:58+00:00
43610,FR-0268,small_airport,"Dôme de la Lauze Altisurface",44.998611,6.245833,11647,EU,France,FR,Auvergne-Rhône-Alpes,FR-ARA,ARA,"La Grave, Hautes-Alpes",0,,,,LF3823,,,,50,2025-01-29T13:52:07+00:00
43621,FR-0279,small_airport,"Glacier Lombard Altisurface",45.108334,6.322222,10695,EU,France,FR,Auvergne-Rhône-Alpes,FR-ARA,ARA,"La Grave, Hautes-Alpes",0,,,,LF0523,,,,50,2025-01-29T11:29:15+00:00
43628,FR-0286,small_airport,"Altisurface de la Jasserie",45.389115,4.579091,4550,EU,France,FR,Auvergne-Rhône-Alpes,FR-ARA,ARA,"La Jasserie",0,,,,LF4222,,,,50,2024-05-15T09:59:41+00:00
528870,FR-0791,small_airport,"La Malachère Airfield",47.448333,6.070278,925,EU,France,FR,Bourgogne-Franche-Comté,FR-BFC,BFC,"La Malachère, Haute-Saône",0,,,,LF7032,,,,50,2024-06-25T13:15:21+00:00
529288,FR-1111,small_airport,"Crête de Brouffiers Altisurface",45.03779,5.87979,7251,EU,France,FR,Auvergne-Rhône-Alpes,FR-ARA,ARA,"La Morte, Isère",0,,,,LF3822,,,,50,2025-01-29T20:57:16+00:00
321891,FR-0348,small_airport,"La Motte-du-Caire Glider Field",44.32286,6.031286,2132,EU,France,FR,Provence-Alpes-Côte-d'Azur,FR-PAC,PAC,"La Motte-du-Caire, Alpes-de-Haute-Provence",0,,,,LF0431,,,,50,2025-01-15T20:41:35+00:00
529102,FR-1015,small_airport,"La Mure-Argens Airfield",43.983458,6.531863,3018,EU,France,FR,Provence-Alpes-Côte-d'Azur,FR-PAC,PAC,"La Mure-Argens, Alpes-de-Haute-Provence",0,,,,LF0460,https://lesailesduverdon.wixsite.com/monsite,,,50,2025-01-29T21:17:22+00:00
29024,FR-1264,closed,"Lure Malbouhans Air Base",47.7047,6.54583,1040,EU,France,FR,Bourgogne-Franche-Comté,FR-BFC,BFC,"La Neuvelle-lès-Lure",0,,,,,,https://fr.wikipedia.org/wiki/A%C3%A9rodrome_de_Lure_-_Malbouhans,LFYL,50,2025-02-25T14:48:55+00:00
509586,FR-0523,small_airport,"Aérodrome d'Argentine",45.466925,0.386779,468,EU,France,FR,Nouvelle-Aquitaine,FR-NAQ,NAQ,"La Rochebeaucourt-et-Argentine",0,,,,LF2433,https://www.larochebeaucourt.fr/patrimoine-de-la-commune/aerodrome-argentine/,,,50,2024-02-18T10:15:53+00:00
529093,FR-1006,small_airport,"La Roquebrussanne Airfield",43.329167,5.996944,1115,EU,France,FR,Provence-Alpes-Côte-d'Azur,FR-PAC,PAC,"La Roquebrussanne, Var",0,,,,LF8324,,,"Base ULM Fly Azur, Fly Azur",50,2024-10-30T09:26:40+00:00
43630,FR-0288,small_airport,"Notre-Dame-de-la-Salette Altisurface",44.841944,5.962778,5184,EU,France,FR,Auvergne-Rhône-Alpes,FR-ARA,ARA,"La Salette-Fallavaux, Isère",0,,,,LF3826,,,,50,2024-10-30T20:52:11+00:00
528876,FR-0797,small_airport,"La Selle-en-Hermoy Airfield",48.016111,2.899722,440,EU,France,FR,"Centre-Val de Loire",FR-CVL,CVL,"La Selle-en-Hermoy, Loiret",0,,,,LF4525,,,,50,2024-06-22T16:26:42+00:00
43632,FR-0290,small_airport,"Altisurface de La Taillade",44.891666,2.956944,2913,EU,France,FR,Auvergne-Rhône-Alpes,FR-ARA,ARA,"La Taillade",0,,,,,,,,50,2020-05-02T07:37:19+00:00
337341,FR-0425,small_airport,"La Tranche-sur-Mer ULM",46.363534,-1.427364,16,EU,France,FR,Pays-de-la-Loire,FR-PDL,PDL,"La Tranche-sur-Mer",0,,LFTA,,,http://www.aclatranchesurmer.fr/,https://fr.wikipedia.org/wiki/A%C3%A9rodrome_de_La_Tranche-sur-Mer,"tranche, sur, mer, LF8522",50,2025-07-15T08:31:38+00:00
320052,FR-0341,small_airport,"La Tranclière Private Airstrip",46.095759,5.28602,820,EU,France,FR,Auvergne-Rhône-Alpes,FR-ARA,ARA,"La Tranclière",0,,,,LF0121,,,,50,2024-05-15T10:25:07+00:00
429762,FR-0504,small_airport,"La Trétoire Ultralight Airfield",48.86822,3.24902,,EU,France,FR,Île-de-France,FR-IDF,IDF,"La Trétoire, Seine-et-Marne",0,,,,,,,"Base ULM de La Trétoire",50,2024-07-01T10:36:22+00:00
333969,FR-0417,small_airport,"Labastide-Saint-Sernin Ultralight Airfield",43.73298,1.459293,500,EU,France,FR,Occitanie,FR-OCC,OCC,"Labastide-Saint-Sernin, Haute-Garonne",0,,,,LF3154,,,"Base ULM de Labastide-Saint-Sernin",50,2024-06-30T05:57:22+00:00
528939,FR-0852,small_airport,"La Bertaucourt Airfield",49.073333,5.751667,669,EU,France,FR,"Grand Est",FR-GES,GES,"Labeuville, Meuse",0,,,,LF5554,,,,50,2024-06-26T09:41:05+00:00
333581,FR-0394,small_airport,"Aérodrome de Lacave le Frau",44.841835,1.58879,980,EU,France,FR,Occitanie,FR-OCC,OCC,Lacave,0,,,,LF4623,,,,50,2020-05-26T10:22:02+00:00
528836,FR-0758,small_airport,"Reims Concept Ultralight Airfield",49.204332,3.733799,557,EU,France,FR,"Grand Est",FR-GES,GES,"Lagery, Marne",0,,,,LF5124,,,,50,2024-06-26T11:29:14+00:00
528930,FR-0843,small_airport,"Lalœuf Airfield",48.463333,6.024167,1000,EU,France,FR,"Grand Est",FR-GES,GES,"Lalœuf, Meurthe-et-Moselle",0,,,,LF5454,https://www.libertyfly.fr/,,Laloeuf,50,2024-06-25T17:26:39+00:00
332530,FR-0390,small_airport,"Saint-Suffren Private Ultralight Airfield",43.644951,5.312621,837,EU,France,FR,Provence-Alpes-Côte-d'Azur,FR-PAC,PAC,"Lambesc, Bouches-du-Rhône",0,,,,,,,,50,2024-10-30T10:42:28+00:00
528865,FR-0786,small_airport,"Lambrey Airfield",47.767778,5.938889,820,EU,France,FR,Bourgogne-Franche-Comté,FR-BFC,BFC,"Lambrey, Haute-Saône",0,,,,LF7027,,,,50,2024-06-25T12:58:27+00:00
528848,FR-0770,small_airport,"Lanans Airfield",47.3025,6.453056,1640,EU,France,FR,Bourgogne-Franche-Comté,FR-BFC,BFC,Lanans,0,,,,LF2521,,,,50,2024-06-18T05:27:47+00:00
331727,LFJV,small_airport,"Aérodrome de Lasclaveries",43.425278,-0.286944,843,EU,France,FR,Nouvelle-Aquitaine,FR-NAQ,NAQ,Lasclaveries,0,LFJV,,,,,,,50,2024-05-15T19:12:58+00:00
28926,FR-1274,small_airport,"Saint-Claude Pratz Airfield",46.384722,5.770278,2051,EU,France,FR,Bourgogne-Franche-Comté,FR-BFC,BFC,"Lavans-lès-Saint-Claude, Jura",0,,,,LF3923,,,"Aérodrome de Saint-Claude-Pratz, LFKZ",50,2025-03-08T22:48:19+00:00
528841,FR-0763,small_airport,"Laville-aux-Bois Airfield",48.092778,5.201944,1227,EU,France,FR,"Grand Est",FR-GES,GES,"Laville-aux-Bois, Haute-Marne",0,,,,LF5225,https://www.ulm-passionailes52.fr/,,,50,2024-06-25T17:23:55+00:00
320053,FR-0342,small_airport,"Lavours Airfield",45.795718,5.773954,768,EU,France,FR,Auvergne-Rhône-Alpes,FR-ARA,ARA,"Lavours, Ain",0,,,,LF0125,,,,50,2024-06-22T16:43:45+00:00
350576,FR-0445,small_airport,"Altiport du Bez",44.63415,4.046499,4320,EU,France,FR,Auvergne-Rhône-Alpes,FR-ARA,ARA,"Le Bez",0,,,,LF0725,,,,50,2024-05-15T13:05:54+00:00
28877,LFHA,small_airport,"Issoire-Le Broc Airfield",45.514999,3.2675,1240,EU,France,FR,Auvergne-Rhône-Alpes,FR-ARA,ARA,"Le Broc, Alpes-Maritimes",0,LFHA,,,,,https://fr.wikipedia.org/wiki/A%C3%A9rodrome_d%27Issoire_-_Le_Broc,"Aérodrome d'Issoire-Le Broc",50,2024-10-22T21:52:16+00:00
336355,FR-0423,small_airport,"Le Burgaud Ultralight Airfield",43.816327,1.13966,600,EU,France,FR,Occitanie,FR-OCC,OCC,"Le Burgaud, Haute-Garonne",0,,,,LF3157,,,"Base ULM du Burgaud",50,2024-06-30T05:56:23+00:00
529305,FR-1125,small_airport,"Le Creusot Le Gros Chaillot Airfield",46.816362,4.401677,1530,EU,France,FR,Bourgogne-Franche-Comté,FR-BFC,BFC,"Le Creusot, Saône-et-Loire",0,,,,LF7124,https://lecreusot-vollibre.fr/plateforme/,,,50,2025-01-08T09:00:21+00:00
333923,FR-0414,small_airport,"Le Fousseret Ultralight Airfield",43.268889,1.053889,820,EU,France,FR,Occitanie,FR-OCC,OCC,"Le Fousseret, Haute-Garonne",0,,,,LF3151,,,"Base ULM du Fousseret, Les Ailes Fousseretoises",50,2024-06-30T06:05:06+00:00
355202,FR-0501,small_airport,"Base ULM du Le Gault-Saint-Denis",48.218818,1.496185,446,EU,France,FR,"Centre-Val de Loire",FR-CVL,CVL,"Le Gault-Saint-Denis",0,,,,LF2853,,,,50,2022-06-27T13:23:49+00:00
337372,FR-0426,small_airport,"Aérodrome du Girouard",46.578838,-1.606048,150,EU,France,FR,Pays-de-la-Loire,FR-PDL,PDL,"Le Girouard",0,,,,LF8524,,,,50,2020-11-18T12:52:11+00:00
43633,FR-0291,small_airport,"La Tête Des Champs Altiport",47.916668,6.830556,3182,EU,France,FR,"Grand Est",FR-GES,GES,"Le Ménil",0,,,,LF8821,,,,50,2016-12-26T01:59:14+00:00
28822,LFEG,small_airport,"Argenton-sur-Creuse Airfield",46.59626,1.601572,663,EU,France,FR,"Centre-Val de Loire",FR-CVL,CVL,"Le Pêchereau, Indre",0,LFEG,LFEG,,,,https://fr.wikipedia.org/wiki/A%C3%A9rodrome_d%27Argenton-sur-Creuse,,50,2026-01-29T04:31:51+00:00
429985,FR-0507,small_airport,"Boulogne-sur-Mer - Alprech Aerodrome",50.69512,1.56871,187,EU,France,FR,Hauts-de-France,FR-HDF,HDF,"Le Portel",0,,,,LF6251,,,,50,2023-06-25T10:48:15+00:00
529103,FR-1016,small_airport,"Aix-en-Provence Paramotor Field",43.682523,5.412207,558,EU,France,FR,Provence-Alpes-Côte-d'Azur,FR-PAC,PAC,"Le Puy-Sainte-Réparade, Bouches-du-Rhône",0,,,,LF1356,https://aixparamoteur.com/,,,50,2024-10-30T10:40:33+00:00
528925,FR-0838,small_airport,"Le Vernet-Sainte-Marguerite Airfield",45.611643,2.946224,3428,EU,France,FR,Auvergne-Rhône-Alpes,FR-ARA,ARA,"Le Vernet-Sainte-Marguerite, Puy-de-Dôme",0,,,,LF6355,https://volcenvol-paramoteur.fr/,,,50,2024-10-22T21:54:48+00:00
43638,FR-0296,small_airport,"Mont Llaret Pic d'Aude Altisurface",42.575001,2.038889,7628,EU,France,FR,Occitanie,FR-OCC,OCC,"Les Angles",0,,,,LF6623,,,,50,2024-05-15T10:01:54+00:00
43639,FR-0297,small_airport,"Mont Llaret Roc d'Aude Airfield",42.580555,2.025,7710,EU,France,FR,Occitanie,FR-OCC,OCC,"Les Angles",0,,,,LF6626,,,,50,2024-05-15T10:02:53+00:00
43654,FR-0311,small_airport,"Altisurface de Valmorel",45.455,6.41306,6050,EU,France,FR,Auvergne-Rhône-Alpes,FR-ARA,ARA,"Les Avanchers",0,,,,LF7328,,,,50,2024-05-15T10:08:33+00:00
509577,FR-0521,small_airport,"L'Arpette Altisurface",45.412882,6.516073,6200,EU,France,FR,Auvergne-Rhône-Alpes,FR-ARA,ARA,"Les Belleville, Savoie",0,,,,,,,"Altisurface de l'Arpette",50,2025-01-29T13:58:51+00:00
528760,FR-0698,small_airport,"Vaufoin Airfield",48.106389,3.356667,590,EU,France,FR,Bourgogne-Franche-Comté,FR-BFC,BFC,"Les Bordes, Yonne",0,,,,LF8952,,,,50,2024-06-22T16:13:45+00:00
43655,FR-0312,small_airport,"Altiport de Vaugellaz",45.607224,6.709722,6627,EU,France,FR,Auvergne-Rhône-Alpes,FR-ARA,ARA,"Les Chapelles",0,,,,LF7329,,,,50,2024-05-15T10:09:06+00:00
529292,FR-1114,small_airport,"Grand Champ Airfield",45.440556,4.851667,720,EU,France,FR,Auvergne-Rhône-Alpes,FR-ARA,ARA,"Les Côtes-d'Arey. Isère",0,,,,LF3870,,,,50,2024-10-28T11:20:11+00:00
528851,FR-0773,small_airport,"Athose Airfield",47.076667,6.289444,2360,EU,France,FR,Bourgogne-Franche-Comté,FR-BFC,BFC,"Les Premiers-Sapins, Doubs",0,,,,LF2555,,,,50,2024-06-26T10:53:54+00:00
28886,LFHL,small_airport,"Langogne-Lespéron Airfield",44.703589,3.88485,3339,EU,France,FR,Auvergne-Rhône-Alpes,FR-ARA,ARA,"Lespéron, Ardèche",0,LFHL,,,,,https://fr.wikipedia.org/wiki/A%C3%A9rodrome_de_Langogne_-_Lesp%C3%A9ron,"Aérodrome de Langogne-Lespéron",50,2025-02-12T20:34:25+00:00
28962,LFOM,small_airport,"Lessay Airfield",49.202276,-1.507983,92,EU,France,FR,Normandy,FR-NOR,NOR,"Lessay, Basse-Normandie",0,LFOM,,,,,https://en.wikipedia.org/wiki/Lessay_Airport,"Aérodrome Charles Lindbergh, Charles Lindbergh Airfield",50,2024-08-07T11:38:59+00:00
528801,FR-0736,small_airport,"Beaugency Airfield",47.749467,1.578984,335,EU,France,FR,"Centre-Val de Loire",FR-CVL,CVL,"Lestiou, Loir-et-Cher",0,,,,LF4553,,,,50,2024-08-07T10:51:41+00:00
528747,FR-0685,small_airport,"Recey Le Mont de Lucey Airfield",47.794167,4.855,1300,EU,France,FR,Bourgogne-Franche-Comté,FR-BFC,BFC,Leuglay,0,,,,LF2134,,,,50,2024-06-21T10:44:31+00:00
339750,FR-0442,small_airport,"Grange Dieu Levroux Ultralight Airfield",46.95981,1.65979,540,EU,France,FR,"Centre-Val de Loire",FR-CVL,CVL,"Levroux, Indre",0,,,,LF3624,http://aviation.grangedieu.com,,"Base ULM Grange Dieu Levroux",50,2024-06-30T06:03:04+00:00
28834,LFEW,small_airport,"Saulieu-Liernais Airfield",47.239263,4.265928,1722,EU,France,FR,Bourgogne-Franche-Comté,FR-BFC,BFC,"Liernais, Côte-d'Or",0,LFEW,,,,,https://fr.wikipedia.org/wiki/A%C3%A9rodrome_de_Saulieu_-_Liernais,,50,2024-07-23T11:44:48+00:00
528737,FR-0677,small_airport,"La Baillée sous Champ Fleu Airfield",48.1875,-1.496389,171,EU,France,FR,Brittany,FR-BRE,BRE,"Liffré, Ille-et-Vilaine",0,,,,LF3557,,,,50,2024-10-22T11:30:11+00:00
315956,FR-0329,small_airport,"Ulmodrome de Limoux",43.05666,2.22633,660,EU,France,FR,Occitanie,FR-OCC,OCC,Limoux,0,,,,LF1153,,,,50,2024-05-15T12:58:35+00:00
509584,FR-0522,small_airport,"Aérodrome de Liorac sur Louyre",44.918681,0.645777,518,EU,France,FR,Nouvelle-Aquitaine,FR-NAQ,NAQ,Liorac-sur-Louyre,0,,,,LF2431,,,,50,2023-06-16T20:26:35+00:00
28870,LFGS,small_airport,"Longuyon Villette Airfield",49.483617,5.571939,1148,EU,France,FR,"Grand Est",FR-GES,GES,"Longuyon, Meurthe-et-Moselle",0,LFGS,,,,,https://fr.wikipedia.org/wiki/A%C3%A9rodrome_de_Longuyon_-_Villette,,50,2024-10-24T15:08:14+00:00
528847,FR-0769,small_airport,"Saint-Jean-de-Losne Airfield",47.073611,5.266111,600,EU,France,FR,Bourgogne-Franche-Comté,FR-BFC,BFC,"Losne, Côte-d'Or",0,,,,LF2151,,,,50,2024-06-22T17:08:47+00:00
333580,FR-0393,small_airport,"Aérodrome de Loupiac",44.831328,1.474571,895,EU,France,FR,Occitanie,FR-OCC,OCC,Loupiac,0,,,,LF4624,,,,50,2020-05-04T15:30:47+00:00
527250,FR-0572,small_airport,"Base ULM La Bouble",46.218609,2.952293,1650,EU,France,FR,Auvergne-Rhône-Alpes,FR-ARA,ARA,Louroux-de-Bouble,0,,,,LF0371,,,,50,2024-04-29T19:35:00+00:00
308849,FR-0320,small_airport,"Luçon - Chasnais Aerodrome",46.461913,-1.241447,20,EU,France,FR,Pays-de-la-Loire,FR-PDL,PDL,Luçon,0,,,,LF8523,https://www.atlanticairpark.com/,,"Atlantic Air Park",50,2024-05-15T10:10:48+00:00
4122,LFJU,small_airport,"Lurcy-Lévis Airfield",46.712283,2.944768,746,EU,France,FR,Auvergne-Rhône-Alpes,FR-ARA,ARA,"Lurcy-Lévis, Allier",0,LFJU,,,,,https://fr.wikipedia.org/wiki/A%C3%A9rodrome_de_Lurcy-L%C3%A9vis,,50,2024-12-01T11:05:02+00:00
528488,FR-0589,small_airport,"Roanne Mably Airfield",46.08561,4.086736,895,EU,France,FR,Auvergne-Rhône-Alpes,FR-ARA,ARA,"Mably, Loire",0,,,,LF4225,https://lesailesdumerlin.fr/,,"Base ULM Roanne Mably",50,2025-01-10T23:33:15+00:00
514561,FR-0539,small_airport,"Saint-Avold Airfield",49.10222,6.735,1010,EU,France,FR,"Grand Est",FR-GES,GES,Macheren,0,,,,LF5723,,,,50,2024-05-15T11:24:26+00:00
354018,FR-0494,small_airport,"Genevrelle à Maisse Airfield",48.387512,2.349953,420,EU,France,FR,Île-de-France,FR-IDF,IDF,"Maisse, Essonne",0,,,,LF9151,,,"Base ULM de Genevrelle à Maisse, Libellule 91",50,2024-06-22T16:41:14+00:00
506715,FR-0512,small_airport,"Malafretaz Ultralight Airfield",46.333642,5.140369,640,EU,France,FR,Auvergne-Rhône-Alpes,FR-ARA,ARA,"Malafretaz, Ain",0,,,,LF0163,,,"Base ULM de Malafretaz",50,2024-06-28T17:27:21+00:00
315965,FR-0333,small_airport,"Envol Ultralight Airfield Alsace",48.148452,7.536407,1890,EU,France,FR,"Grand Est",FR-GES,GES,"Marckolsheim, Bas-Rhin",0,,,,LF6754,,,"Envol ULM Alsace",50,2024-07-03T22:06:30+00:00
29025,FR-1265,closed,"Marigny Le Grand Air Base",48.661215,3.83563,329,EU,France,FR,"Grand Est",FR-GES,GES,"Marigny, Marne",0,,,,,,,LFYM,50,2025-02-25T14:48:55+00:00
528728,FR-0668,small_airport,"Grand Prouilhat Airfield",45.932778,3.316389,1010,EU,France,FR,Auvergne-Rhône-Alpes,FR-ARA,ARA,"Maringues, Puy-de-Dôme",0,,,,LF6352,https://www.maringues-ulm.fr,,"Base ULM de Maringues",50,2024-10-24T15:44:29+00:00
528756,FR-0694,small_airport,"Brancion Airfield",46.54,4.792222,1310,EU,France,FR,Bourgogne-Franche-Comté,FR-BFC,BFC,"Martailly-lès-Brancion, Saône-et-Loire",0,,,,LF7153,,,,50,2024-10-28T11:45:35+00:00
29023,FR-1276,small_airport,"Marville Montmédy Airfield",49.45646,5.413835,909,EU,France,FR,"Grand Est",FR-GES,GES,"Marville, Meuse",0,,,,LF5526,https://lespilotesdemarville.fr/,,,50,2025-03-08T22:59:04+00:00
333888,FR-0402,small_airport,"Larreule Ultralight Airfield",43.44217,0.039654,606,EU,France,FR,Occitanie,FR-OCC,OCC,"Maubourguet, Hautes-Pyrénées",0,,,,LF6540,,,"Base ULM de Larreule",50,2024-06-30T06:06:08+00:00
333918,FR-0412,small_airport,"Sarrat Ultralight Airfield",43.208593,1.708594,846,EU,France,FR,Occitanie,FR-OCC,OCC,"Mazères, Ariège",0,,,,LF0951,,,"Base ULM du Sarrat",50,2024-06-30T05:50:33+00:00
321209,FR-0347,small_airport,"Mellac Ultralight Airfield",47.912079,-3.565698,,EU,France,FR,Brittany,FR-BRE,BRE,"Mellac, Finistère",0,,,,,,,"Base ULM de Mellac",50,2024-06-28T16:59:06+00:00
529071,FR-0984,small_airport,"Verrines sous Celles La Jonchè Airfield",46.226389,-0.203611,360,EU,France,FR,Nouvelle-Aquitaine,FR-NAQ,NAQ,Melle,0,,,,LF7926,,,,50,2024-06-21T10:58:53+00:00
43651,FR-0308,small_airport,"Altisurface Uls",42.851944,0.848889,6562,EU,France,FR,Occitanie,FR-OCC,OCC,Melles,0,,,,LF3130,,,,50,2024-05-15T10:05:59+00:00
333576,FR-0321,small_airport,"Mens Airstrip",44.804998,5.754122,2800,EU,France,FR,Auvergne-Rhône-Alpes,FR-ARA,ARA,"Mens, Isère",0,,,,LF3828,,,,50,2025-01-29T20:50:33+00:00
354020,FR-0495,small_airport,"Base Paramoteurs de Boigny-Méréville",48.329414,2.088829,436,EU,France,FR,Île-de-France,FR-IDF,IDF,Méréville,0,,,,LF9152,,,,50,2022-04-14T12:35:50+00:00
529226,FR-1063,closed,"Mézières-lez-Cléry Airfield",47.810833,1.840833,344,EU,France,FR,"Centre-Val de Loire",FR-CVL,CVL,"Mézières-lez-Cléry, Loiret",0,,,,,,,LF4563,50,2025-09-10T06:27:50+00:00
506735,FR-0516,small_airport,"Mionnay Ultralight Airfield",45.900511,4.896242,987,EU,France,FR,Auvergne-Rhône-Alpes,FR-ARA,ARA,"Mionnay, Ain",0,,,,LF0157,,,,50,2024-10-28T11:26:45+00:00
28800,LFCX,small_airport,"Aérodrome de Castelsarrasin Moissac",44.086423,1.127191,243,EU,France,FR,Occitanie,FR-OCC,OCC,Moissac,0,LFCX,LFCX,,,,https://fr.wikipedia.org/wiki/A%C3%A9rodrome_de_Castelsarrasin_-_Moissac,,50,2026-03-12T01:43:52+00:00
510327,FR-0526,small_airport,"Mondreville Ultralight Airfield",48.168611,2.597778,351,EU,France,FR,Île-de-France,FR-IDF,IDF,"Mondreville, Seine-et-Marne",0,,,,LF7752,https://map.aerobreak.com/data/ficheffplum/LF7752.pdf,,"Base ULM de Mondreville",50,2025-01-10T22:48:07+00:00
529114,FR-1027,small_airport,"Montaud Airfield",45.258333,5.554167,2650,EU,France,FR,Auvergne-Rhône-Alpes,FR-ARA,ARA,"Montaud, Isère",0,,,,LF3871,,,,50,2025-01-29T14:03:24+00:00
43622,FR-0280,small_airport,"Altisurface du Grand Terrus",44.422779,5.644167,2871,EU,France,FR,Provence-Alpes-Côte-d'Azur,FR-PAC,PAC,Montclus,0,,,,LF0524,,,,50,2024-05-15T09:56:43+00:00
28780,LFAR,small_airport,"Montdidier Airfield",49.672118,2.567811,358,EU,France,FR,Hauts-de-France,FR-HDF,HDF,Montdidier,0,LFAR,LFAR,,,http://www.lfar.fr/,https://de.wikipedia.org/wiki/Flugplatz_Montdidier-Figni%C3%A8res,,50,2025-10-04T17:39:21+00:00
333916,FR-0411,small_airport,"Montpezat d'Agenais",44.364167,0.491389,120,EU,France,FR,Nouvelle-Aquitaine,FR-NAQ,NAQ,Montpezat,0,,,,LF4724,https://ulmstex.com/,,,50,2024-05-15T10:57:41+00:00
528832,FR-0754,small_airport,"Montardoise Airfield",48.468056,4.197778,580,EU,France,FR,"Grand Est",FR-GES,GES,"Montsuzain, Aube",0,,,,LF1021,,,,50,2024-06-22T18:04:20+00:00
528487,FR-0588,small_airport,"Morand Airfield",47.537222,1.016944,377,EU,France,FR,"Centre-Val de Loire",FR-CVL,CVL,"Morand, Indre-et-Loire",0,,,,LF3759,,,,50,2025-01-08T01:06:38+00:00
28978,LFPU,small_airport,"Moret-Episy Airfield",48.34119,2.798517,253,EU,France,FR,Île-de-France,FR-IDF,IDF,"Moret-Loing-et-Orvanne, Seine-et-Marne",0,LFPU,,,,,https://fr.wikipedia.org/wiki/A%C3%A9rodrome_de_Moret_-_%C3%89pisy,"Aéroclub de la Vallée du Loing",50,2024-06-22T16:29:12+00:00
572095,FR-1232,small_airport,"Mosles Airfield",49.30083,-0.81183,144,EU,France,FR,Normandy,FR-NOR,NOR,"Mosles, Calvados",0,,,,,,,,50,2025-01-15T16:22:27+00:00
528735,FR-0675,small_airport,"Moulins le Haut Bois Airfield",48.001667,-1.352222,200,EU,France,FR,Brittany,FR-BRE,BRE,"Moulins, Ille-et-Vilaine",0,,,,LF3531,,,"Bretagne Paramoteur",50,2024-12-01T10:59:39+00:00
32756,FR-1272,closed,"Moussoulens Air Base",43.279701,2.20885,,EU,France,FR,Occitanie,FR-OCC,OCC,Moussoulens,0,,,,,,,"LF34, LF34",50,2025-02-25T14:49:31+00:00
529341,FR-1155,small_airport,"Ségriès Airfield",43.867778,6.178333,2657,EU,France,FR,Provence-Alpes-Côte-d'Azur,FR-PAC,PAC,"Moustiers-Sainte-Marie, Alpes-de-Haute Provence",0,,,,LF0452,,,,50,2024-10-30T10:09:42+00:00
28843,LFFJ,small_airport,"Joinville Mussey Airfield",48.385086,5.143468,1024,EU,France,FR,"Grand Est",FR-GES,GES,Mussey-sur-Marne,0,LFFJ,,,,,https://fr.wikipedia.org/wiki/A%C3%A9rodrome_de_Joinville_-_Mussey,,50,2024-05-15T18:35:46+00:00
330786,FR-0382,closed,"Petit Fay Airfield",48.247629,3.194275,607,EU,France,FR,Bourgogne-Franche-Comté,FR-BFC,BFC,"Nailly, Yonne",0,,,,,,,"LF8926, Base ULM du Petit Fay",50,2024-06-22T16:11:00+00:00
28850,LFFT,small_airport,"Neufchâteau Airfield",48.35895,5.719615,1224,EU,France,FR,"Grand Est",FR-GES,GES,Neufchâteau,0,LFFT,,,,,https://fr.wikipedia.org/wiki/A%C3%A9rodrome_de_Neufch%C3%A2teau,,50,2024-05-15T18:40:48+00:00
342295,FR-0465,small_airport,"Neuflieux Airfield",49.611111,3.148611,195,EU,France,FR,Hauts-de-France,FR-HDF,HDF,"Neuflieux, Aisne",0,,,,LF0253,,,"Base ULM Neuflieux",50,2024-06-22T12:43:55+00:00
29021,LFYG,small_airport,"Cambrai Niergnies Airfield",50.140533,3.263226,312,EU,France,FR,Hauts-de-France,FR-HDF,HDF,"Niergnies, Nord",0,LFYG,,,,https://www.aeroclubcambrai.com/,https://en.wikipedia.org/wiki/Cambrai-Niergnies_Airport,,50,2024-06-22T12:27:58+00:00
339743,FR-0437,small_airport,"Les Noyers Ultralight Airfield",49.25944,1.65973,328,EU,France,FR,Normandy,FR-NOR,NOR,"Noyers, Eure",0,,,,LF2751,https://www.centreulmlesnoyers.com/,,"Base ULM Les Noyers, Centre ULM Les Noyers",50,2024-06-28T17:22:22+00:00
517463,FR-0559,small_airport,"Lœuilly Airfield",49.76532,2.21518,505,EU,France,FR,Hauts-de-France,FR-HDF,HDF,"Ô-de-Selle, Somme",0,,,,LF8051,https://aclloeuilly.wixsite.com/aclloeuilly/le-club,,"Aérodrome de Lœuilly, Loeuilly",50,2024-06-25T17:14:32+00:00
528858,FR-0779,small_airport,"Masevaux Airfield",47.804167,6.946389,1500,EU,France,FR,"Grand Est",FR-GES,GES,Oberbruck,0,,,,LF6821,,,,50,2024-06-25T13:45:22+00:00
529087,FR-1000,small_airport,"Oraison Airfield",43.921888,5.904283,1150,EU,France,FR,Provence-Alpes-Côte-d'Azur,FR-PAC,PAC,"Oraison, Alpes-de-Haute-Provence",0,,,,LF0451,,,,50,2024-10-30T10:34:13+00:00
529287,FR-1110,small_airport,"Château de l'Estang Airfield",47.207222,1.264444,466,EU,France,FR,"Centre-Val de Loire",FR-CVL,CVL,"Orbigny, Indre-et-Loire",0,,,,LF3768,,,,50,2025-01-06T16:34:30+00:00
528797,FR-0733,small_airport,"Frepelle Airfield",47.826605,1.319255,419,EU,France,FR,"Centre-Val de Loire",FR-CVL,CVL,"Oucques la Nouvelle, Loir-et-Cher",0,,,,LF4156,http://www.avoileetamoteur.fr,,,50,2024-08-07T11:00:52+00:00
529289,FR-1112,small_airport,"Oulles-La Bergerie Altisurface",45.066667,5.965833,6500,EU,France,FR,Auvergne-Rhône-Alpes,FR-ARA,ARA,"Oulles, Isère",0,,,,LF3856,,,,50,2025-01-29T14:10:11+00:00
529054,FR-0967,small_airport,"La Boisselle Airfield",50.015803,2.688594,279,EU,France,FR,Hauts-de-France,FR-HDF,HDF,"Ovillers-la-Boisselle, Somme",0,,,,LF8021,,,,50,2024-06-25T17:18:40+00:00
28806,LFDL,small_airport,"Loudun Airfield",47.035941,0.100619,315,EU,France,FR,Nouvelle-Aquitaine,FR-NAQ,NAQ,Pamiers,0,LFDL,,,,http://www.aeroclubloudun.fr/,https://fr.wikipedia.org/wiki/A%C3%A9rodrome_de_Loudun,"Aeroclub Loudunais",50,2024-02-28T14:56:20+00:00
4095,LFDJ,small_airport,"Aérodrome de Pamiers - Les Pujols",43.090599,1.69583,1115,EU,France,FR,Occitanie,FR-OCC,OCC,"Pamiers/Les Pujols",0,LFDJ,,,,,https://fr.wikipedia.org/wiki/A%C3%A9rodrome_de_Pamiers_-_Les_Pujols,,50,2024-05-15T17:29:02+00:00
28865,LFGN,small_airport,"Paray-le-Monial Airfield",46.465798,4.13454,997,EU,France,FR,Bourgogne-Franche-Comté,FR-BFC,BFC,"Paray-le-Monial, Saône-et-Loire",0,LFGN,,,,,https://fr.wikipedia.org/wiki/A%C3%A9rodrome_de_Paray-le-Monial,,50,2024-12-04T15:43:26+00:00
336353,FR-0420,small_airport,"Valberg Altisurface",44.106418,6.939904,5680,EU,France,FR,Provence-Alpes-Côte-d'Azur,FR-PAC,PAC,"Péone, Alpes-Maritimes",0,,,,LF0654,,,,50,2024-10-30T21:11:36+00:00
28787,LFBY,small_airport,"Dax Seyresse Airfield",43.689201,-1.06889,106,EU,France,FR,Nouvelle-Aquitaine,FR-NAQ,NAQ,Perigueux,0,LFBY,,,,,https://fr.wikipedia.org/wiki/A%C3%A9rodrome_de_Dax_-_Seyresse,XDA,50,2024-05-15T16:49:06+00:00
604032,FR-1323,small_airport,"Peronne - Moulin Chevraut Airfield",46.433079,4.801533,755,EU,France,FR,Bourgogne-Franche-Comté,FR-BFC,BFC,Peronne,0,,,,LF7152,,,,50,2026-01-18T17:07:43+00:00
333583,FR-0395,small_airport,"Aérodrome de Peyrillac",44.889715,1.416185,899,EU,France,FR,Nouvelle-Aquitaine,FR-NAQ,NAQ,Peyrillac,0,,,,LF2443,,,,50,2020-05-08T11:17:46+00:00
322121,FR-0353,small_airport,"Val de l'Ailette Airfield",49.568056,3.225278,180,EU,France,FR,Hauts-de-France,FR-HDF,HDF,"Pierremande, Aisne",0,,,,LF0259,,,"Base ULM du Val de l'Ailette",50,2024-06-22T12:41:57+00:00
526468,FR-0563,small_airport,"Pillac Airfield",45.331667,0.184722,335,EU,France,FR,Nouvelle-Aquitaine,FR-NAQ,NAQ,Pillac,0,,,,LF1625,,,,50,2024-04-22T15:48:02+00:00
28847,LFFP,small_airport,"Pithiviers Airfield",48.155176,2.187563,384,EU,France,FR,"Centre-Val de Loire",FR-CVL,CVL,"Pithiviers, Loiret",0,LFFP,,,,,https://fr.wikipedia.org/wiki/A%C3%A9rodrome_de_Pithiviers,,50,2025-01-08T00:51:45+00:00
339787,FR-0452,small_airport,"Aérodrome privé Le Quilloux",47.59963,-1.9143,120,EU,France,FR,Pays-de-la-Loire,FR-PDL,PDL,Pléssé,0,,,,LF4454,http://lequilloux.monsite-orange.fr,,,50,2024-05-15T11:14:03+00:00
510555,FR-0528,small_airport,"Pleucadeuc private airfield",47.78777,-2.36109,,EU,France,FR,Brittany,FR-BRE,BRE,Pleucadeuc,0,,,,,,,,50,2023-07-29T04:36:48+00:00
339764,FR-0447,small_airport,"Ploballanec Ultralight Airfield",47.818415,-4.248724,49,EU,France,FR,Brittany,FR-BRE,BRE,"Plobannalec-Lesconil, Finistère",0,,,,LF2923,,,"Base ULM de Ploballanec",50,2024-06-28T17:18:55+00:00
339763,FR-0446,small_airport,"Plouarzel Ultralight Airfield",48.422604,-4.696841,400,EU,France,FR,Brittany,FR-BRE,BRE,"Plouarzel, Finistère",0,,,,LF2921,,,"Base ULM de Plouarzel",50,2024-06-28T17:20:49+00:00
338100,FR-0433,small_airport,"Ployart Ultralight Airfield",49.50491,3.739729,580,EU,France,FR,Hauts-de-France,FR-HDF,HDF,"Ployart-et-Vaurseine, Aisne",0,,,,LF0225,,,"Base ULM de Ployart",50,2024-07-01T10:36:59+00:00
506739,FR-0518,small_airport,"Base ULM de Polliat",46.255832,5.149601,718,EU,France,FR,Auvergne-Rhône-Alpes,FR-ARA,ARA,Polliat,0,,,,LF0154,,,,50,2023-02-22T18:58:16+00:00
4186,LFPK,small_airport,"Coulommiers-Voisins Aerodrome",48.839602,3.008653,470,EU,France,FR,Île-de-France,FR-IDF,IDF,"Pommeuse, Seine-et-Marne",0,LFPK,LFPK,,,,https://en.wikipedia.org/wiki/Coulommiers_%E2%80%93_Voisins_Aerodrome,"Aérodrome de Coulommiers - Voisins",50,2024-06-22T13:06:15+00:00
340045,FR-0454,small_airport,"Arbis Ultralight Airfield",44.68066,-0.25683,200,EU,France,FR,Nouvelle-Aquitaine,FR-NAQ,NAQ,"Porte-de-Benauge, Gironde",0,,,,LF3352,http://www.ulm-aquitaine.com/,,"Base ULM de Arbis",50,2024-06-30T05:47:14+00:00
333919,FR-0413,small_airport,"Altiport d'Ustou",42.78137,1.22577,5896,EU,France,FR,Occitanie,FR-OCC,OCC,"Pouech d'Ardio",0,,,,LF0953,,,,50,2020-04-19T11:20:22+00:00
28864,LFGM,small_airport,"Montceau-les-Mines Pouilloux Airfield",46.60318,4.338162,1030,EU,France,FR,Bourgogne-Franche-Comté,FR-BFC,BFC,"Pouilloux, Saône-et-Loire",0,LFGM,,,,,https://fr.wikipedia.org/wiki/A%C3%A9rodrome_de_Montceau-les-Mines_-_Pouilloux,,50,2025-01-08T08:58:54+00:00
337486,FR-0430,small_airport,"Pressignac Vicq Rebeyrotte",44.90117,0.74781,643,EU,France,FR,Nouvelle-Aquitaine,FR-NAQ,NAQ,Pressignac-Vicq,0,,,,LF2432,https://basulm.ffplum.fr/PDF/LF2432.pdf,,,50,2020-12-09T09:57:24+00:00
43603,FR-0261,small_airport,"Altiport du Col de la Marrano",42.662498,2.166667,6562,EU,France,FR,Occitanie,FR-OCC,OCC,Puyvalador,0,,,,LF6622,,,,50,2024-05-15T09:42:34+00:00
316187,FR-0340,small_airport,"Ramonchamp Ultralight Airfield",47.895567,6.754418,1893,EU,France,FR,"Grand Est",FR-GES,GES,Ramonchamp,0,,,,LF8851,,,"Aerodrome ULM Ramonchamp",50,2024-05-15T10:24:18+00:00
514515,FR-0537,small_airport,"Micheville-Villerupt Airfield",49.48486,5.9181,1305,EU,France,FR,"Grand Est",FR-GES,GES,"Rédange, Moselle",0,,,,LF5422,https://lf5422.wordpress.com/about/,,,50,2024-10-24T15:06:04+00:00
350586,FR-0491,small_airport,"Régat Ultralight Airfield",42.98382,1.894069,1341,EU,France,FR,Occitanie,FR-OCC,OCC,"Régat, Ariège",0,,,,LF0928,,,"Base ULM de Régat",50,2024-06-30T06:01:51+00:00
514808,FR-0544,small_airport,"Rémeling UL",49.41169,6.47624,1017,EU,France,FR,"Grand Est",FR-GES,GES,Rémeling,0,,,,LF5753,,,,50,2024-05-15T11:29:05+00:00
28875,LFGY,small_airport,"Saint-Dié-Remomeix Airfield",48.266475,7.007447,1184,EU,France,FR,"Grand Est",FR-GES,GES,Remomeix,0,LFGY,,,,,https://fr.wikipedia.org/wiki/A%C3%A9rodrome_de_Saint-Di%C3%A9_-_Remomeix,"Aérodrome de Saint-Dié-Remomeix",50,2024-05-15T18:50:22+00:00
529222,FR-1059,small_airport,"Remoulins Private Airfield",43.947364,4.583427,105,EU,France,FR,Occitanie,FR-OCC,OCC,"Remoulins, Gard",0,,,,LF3025,https://www.vol-a-vue.com/,,,50,2024-10-28T10:53:15+00:00
28934,LFMG,small_airport,"Aérodrome de la Montagne Noire",43.407501,1.99028,1470,EU,France,FR,Occitanie,FR-OCC,OCC,Revel,0,LFMG,,,,,https://fr.wikipedia.org/wiki/A%C3%A9rodrome_de_la_Montagne_Noire,,50,2024-05-15T19:44:33+00:00
333970,FR-0418,small_airport,"Marmouzet Airfield",43.245547,1.231971,1050,EU,France,FR,Occitanie,FR-OCC,OCC,Rieux-Volvestre,0,,,,LF3155,,,,50,2020-04-24T15:10:01+00:00
528785,FR-0722,small_airport,"Channay-Rillé Airfield",47.461034,0.236731,300,EU,France,FR,"Centre-Val de Loire",FR-CVL,CVL,"Rillé, Indre-et-Loire",0,,,,LF3753,https://www.ulm-channay.com,,"Base ULM Channay-Rillé, Base ULM Channay-sur-Lathan",50,2025-01-10T23:28:01+00:00
4053,LFAO,small_airport,"Bagnoles-Couterne Airfield",48.545799,-0.387444,718,EU,France,FR,Normandy,FR-NOR,NOR,"Rives-d'Andaine, Orne",0,LFAO,LFAO,,,,https://fr.wikipedia.org/wiki/A%C3%A9rodrome_de_Bagnoles-de-l%27Orne_-_Couterne,"Aérodrome de Bagnoles - Couterne",50,2025-10-04T17:32:34+00:00
28799,LFCV,small_airport,"Aérodrome de Villefranche de Rouergue",44.369491,2.025722,1096,EU,France,FR,Occitanie,FR-OCC,OCC,Rodez,0,LFCV,,,,,https://fr.wikipedia.org/wiki/A%C3%A9rodrome_de_Villefranche-de-Rouergue,,50,2024-05-15T17:18:31+00:00
29002,LFSU,small_airport,"Langres-Rolampont Airfield",47.964804,5.293663,1378,EU,France,FR,"Grand Est",FR-GES,GES,"Rolampont, Haute-Marne",0,LFSU,,,,,https://fr.wikipedia.org/wiki/A%C3%A9rodrome_de_Langres_-_Rolampont,,50,2024-06-25T17:24:15+00:00
43591,FR-0249,small_airport,"Altisurface de Balesta Nature",43.153646,0.995063,1394,EU,France,FR,Occitanie,FR-OCC,OCC,Roquefort-sur-Garonne,0,,,,LF3153,,,,50,2020-05-01T05:48:02+00:00
332510,FR-0344,small_airport,"Saint Quentin Ultralight Airfield",49.852505,3.336229,,EU,France,FR,Hauts-de-France,FR-HDF,HDF,"Rouvroy, Aisne",0,,,,,,,"Base ULM de Saint Quentin",50,2024-07-01T16:12:47+00:00
333886,FR-0401,small_airport,"Sadournin Airfield",43.32606,0.415109,918,EU,France,FR,Occitanie,FR-OCC,OCC,Sadournin,0,,,,LF6530,,,,50,2020-04-17T13:09:03+00:00
43624,FR-0282,small_airport,"Altisurface de l'Hippopotame",42.473988,2.049004,4921,EU,France,FR,Occitanie,FR-OCC,OCC,Saillagouse,0,,,,LF6625,,,,50,2020-05-01T05:13:30+00:00
555219,FR-1216,small_airport,"Saint-André-les-Alpes Glider Landing Field",43.95936,6.50887,2897,EU,France,FR,Provence-Alpes-Côte-d'Azur,FR-PAC,PAC,"Saint-André-les-Alpes, Alpes-de-Haute-Provence",0,,,,,,,"Les Iscles",50,2024-10-30T21:08:12+00:00
322006,FR-0349,small_airport,"Aérodrome de Saint-Aubin La Plaine",46.515876,-1.051669,155,EU,France,FR,Pays-de-la-Loire,FR-PDL,PDL,"Saint-Aubin La Plaine",0,,,,LF8571,,,,50,2024-05-15T12:02:23+00:00
28825,LFEK,small_airport,"Issoudun Le Fay Airfield",46.887981,2.039903,531,EU,France,FR,"Centre-Val de Loire",FR-CVL,CVL,"Saint-Aubin, Indre",0,LFEK,,,,,https://fr.wikipedia.org/wiki/A%C3%A9rodrome_d%27Issoudun_-_Le_Fay,,50,2025-01-07T13:26:52+00:00
339784,FR-0449,small_airport,"Saint-Benoît-sur-Loire Ultralight Airfield",47.79157,2.33751,367,EU,France,FR,"Centre-Val de Loire",FR-CVL,CVL,"Saint-Benoît-sur-Loire, Loiret",0,,,,LF4552,http://www.ulm-club-du-val-de-loire.fr/,,"Base ULM de Saint-Benoît-sur-Loire",50,2024-06-30T06:10:33+00:00
330775,FR-0380,small_airport,"Les Bories Ultralight Airfield",44.511353,3.270996,,EU,France,FR,Occitanie,FR-OCC,OCC,"Saint-Bonnet-de-Chirac, Lozère",0,,,,LF4864,,,"Base ULM des Bories",50,2024-06-28T17:31:07+00:00
29016,FR-1260,closed,"Apt St Christol Air Base",44.058234,5.494654,2736,EU,France,FR,Provence-Alpes-Côte-d'Azur,FR-PAC,PAC,Saint-Christol,0,,,,,,https://fr.wikipedia.org/wiki/Base_a%C3%A9rienne_200_Apt-Saint-Christol,"Base_aérienne_200, LFXI",50,2025-02-25T14:48:54+00:00
509590,FR-0524,small_airport,"Aérodrome de Saint Crépin Carlucet",44.967076,1.251023,840,EU,France,FR,Nouvelle-Aquitaine,FR-NAQ,NAQ,Saint-Crépin-et-Carlucet,0,,,,LF2434,,,,50,2023-06-16T21:37:07+00:00
529217,FR-1054,small_airport,"Saint-Cyr-la-Campagne Airfield",49.253056,1.028611,370,EU,France,FR,Normandy,FR-NOR,NOR,"Saint-Cyr-la-Campagne, Eure",0,,,,LF2721,,,,50,2025-01-08T01:03:19+00:00
527248,FR-0571,small_airport,"Saint-Fargeol Les Fougères Airfield",46.142669,2.612133,1640,EU,France,FR,Auvergne-Rhône-Alpes,FR-ARA,ARA,"Saint-Fargeol, Allier",0,,,,LF0353,,,,50,2024-10-24T16:01:59+00:00
528923,FR-0836,small_airport,"Saint-Gal-sur-Sioule Les Tabarias Airfield",46.111066,2.991069,1640,EU,France,FR,Auvergne-Rhône-Alpes,FR-ARA,ARA,"Saint-Gal-sur-Sioule, Puy-de-Dôme",0,,,,LF6330,,,,50,2024-10-24T15:57:21+00:00
528726,FR-0666,small_airport,"Jayet Gannat Airfield",46.07082,3.19923,1192,EU,France,FR,Auvergne-Rhône-Alpes,FR-ARA,ARA,"Saint-Genès-du-Retz, Puy-de-Dôme",0,,,,LF6326,,,,50,2024-10-24T15:47:20+00:00
333884,FR-0400,small_airport,"Saint Génis Ultralight Airfield",42.546575,2.908942,150,EU,France,FR,Occitanie,FR-OCC,OCC,"Saint-Génis-des-Fontaines, Pyrénées-Orientales",0,,,,LF6632,,,"Base ULM Saint Génis",50,2024-06-30T06:12:57+00:00
514562,FR-0540,small_airport,"Trois Forêts Ultralight Airfield",48.65195,6.93542,1050,EU,France,FR,"Grand Est",FR-GES,GES,Saint-Georges,0,,,,LF5764,https://www.ulm3f.com,,"ULM des 3 Forêts, Ecole Paramoteur Happy Fly Formation",50,2024-06-25T09:56:05+00:00
315430,LFIS,small_airport,"Saint-Inglevert Aerodrome",50.882608,1.735757,443,EU,France,FR,Hauts-de-France,FR-HDF,HDF,Saint-Inglevert,0,LFIS,,,,https://www.aeroclub-boulonnais.fr/,https://en.wikipedia.org/wiki/Saint-Inglevert_Airfield,"Boulonnais Aeroclub, Les Deux Caps",50,2024-05-15T18:59:07+00:00
529101,FR-1014,small_airport,"Les Eyssagnes Airfield",44.660886,6.212319,3642,EU,France,FR,Provence-Alpes-Côte-d'Azur,FR-PAC,PAC,"Saint-Jean-Saint-Nicolas, Hautes-Alpes",0,,,,LF0554,,,"Base ULM des Eyssagnes",50,2025-01-26T20:08:52+00:00
506717,FR-0513,small_airport,"Gite de l'Aviateur Ultralight Airfield",46.40247,5.046324,673,EU,France,FR,Auvergne-Rhône-Alpes,FR-ARA,ARA,"Saint-Jean-sur-Reyssouze, Ain",0,,,,LF0162,,,"Base ULM Gite de l'Aviateur",50,2024-06-30T05:43:58+00:00
28791,LFCE,small_airport,"Guéret Saint-Laurent Airfield",46.176071,1.953831,1207,EU,France,FR,Nouvelle-Aquitaine,FR-NAQ,NAQ,"Saint-Laurent, Creuse",0,LFCE,,,,http://aeroclub-gueret-saint-laurent.fr/,https://fr.wikipedia.org/wiki/A%C3%A9rodrome_de_Gu%C3%A9ret_-_Saint-Laurent,"Aérodrome de Guéret Saint-Laurent",50,2024-08-07T22:33:10+00:00
28982,LFQD,small_airport,"Arras-Roclincourt Airfield",50.323898,2.80278,338,EU,France,FR,Hauts-de-France,FR-HDF,HDF,Saint-Laurent-Blangy,0,LFQD,,,,,https://en.wikipedia.org/wiki/Arras_%E2%80%93_Roclincourt_Airfield,,50,2023-11-16T10:28:36+00:00
333882,FR-0398,small_airport,"St Laurent de la Salanque Airbase",42.79729,3.002915,30,EU,France,FR,Occitanie,FR-OCC,OCC,Saint-Laurent-de-la-Salanque,0,,,,LF6628,,,,50,2020-04-16T20:20:01+00:00
350567,FR-0009,small_airport,"Altisurface Notre-Dame-des-Neiges-Abbaye",44.601293,3.927773,3760,EU,France,FR,Auvergne-Rhône-Alpes,FR-ARA,ARA,Saint-Laurent-les-Bains,0,,,,LF0723,,,,50,2021-12-15T12:46:52+00:00
528778,FR-0715,small_airport,"La Maison des Pionniers Airfield",48.824444,1.583889,360,EU,France,FR,"Centre-Val de Loire",FR-CVL,CVL,"Saint-Lubin-de-la-Haye, Eure-et-Loir",0,,,,LF2855,,,,50,2024-06-22T14:29:49+00:00
528774,FR-0711,small_airport,"Loulappe Airfield",48.438333,1.274444,577,EU,France,FR,"Centre-Val de Loire",FR-CVL,CVL,"Saint-Luperce, Eure-et-Loir",0,,,,LF2823,,,,50,2025-01-08T00:55:26+00:00
30438,FR-1268,closed,"St Malo St Serva Airfield",48.613602,-1.97361,151,EU,France,FR,Brittany,FR-BRE,BRE,"Saint-Malo, Ille-et-Vilaine",0,,,,,,,LFEO,50,2025-02-25T14:49:12+00:00
29010,LFTR,heliport,"Toulon Navy Air Base",43.082699,5.93382,,EU,France,FR,Provence-Alpes-Côte-d'Azur,FR-PAC,PAC,"Saint-Mandrier-sur-Mer, Var",0,LFTR,,,,,,"CCMAR, CCMAR Mediterranee",50,2024-10-30T09:52:26+00:00
347604,FR-0485,small_airport,"Saint-Martin-de-Castillon Airfield",43.852917,5.550119,1082,EU,France,FR,Provence-Alpes-Côte-d'Azur,FR-PAC,PAC,Saint-Martin-de-Castillon,0,,,,LF8421,http://aeroclubdupaysdapt.com,,,50,2024-05-15T12:05:54+00:00
28824,LFEJ,small_airport,"Châteauroux Villers Airfield",46.840863,1.619951,541,EU,France,FR,"Centre-Val de Loire",FR-CVL,CVL,"Saint-Maur, Indre",0,LFEJ,,,,,https://fr.wikipedia.org/wiki/A%C3%A9rodrome_de_Ch%C3%A2teauroux_-_Villers,,50,2025-01-05T23:47:36+00:00
315736,FR-0326,small_airport,"Saint Maurice Ultralight Airfield",45.96559,0.739478,755,EU,France,FR,Nouvelle-Aquitaine,FR-NAQ,NAQ,"Saint-Maurice-des-Lions, Charente",0,,,,LF1627,,,"Base ULM de Saint Maurice",50,2024-06-30T05:45:39+00:00
339766,FR-0448,small_airport,"Le Pommier Ultralight Airfield",46.19701,1.45252,1140,EU,France,FR,Nouvelle-Aquitaine,FR-NAQ,NAQ,"Saint-Maurice-la-Souterraine, Creuse",0,,,,LF2351,,,"Base ULM Le Pommier",50,2024-06-30T05:46:28+00:00
528732,FR-0672,small_airport,"Sailles Saint-Nectaire Airfield",45.596111,3.0025,3018,EU,France,FR,Auvergne-Rhône-Alpes,FR-ARA,ARA,"Saint-Nectaire, Puy-de-Dôme",0,,,,LF6358,,,,50,2024-10-22T21:53:28+00:00
340046,FR-0455,small_airport,"Saint-Pierre-de-Bat Ultralight Airfield",44.66716,-0.21962,158,EU,France,FR,Nouvelle-Aquitaine,FR-NAQ,NAQ,"Saint-Pierre-de-Bat, Gironde",0,,,,LF3322,,,"Base ULM de Saint Pierre de Bat",50,2024-06-30T05:51:32+00:00
528821,FR-0744,small_airport,"Saint-Pierre-de-Chevillé Airfield",47.633333,0.452222,347,EU,France,FR,Pays-de-la-Loire,FR-PDL,PDL,"Saint-Pierre-de-Chevillé, Sarthe",0,,,,LF7253,,,"Base ULM de  Saint-Pierre-de-Chevillé",50,2025-01-10T22:58:16+00:00
28856,LFFZ,small_airport,"Sézanne-Saint-Remy Airfield",48.70957,3.763304,354,EU,France,FR,"Grand Est",FR-GES,GES,"Saint-Remy-sous-Broyes, Marne",0,LFFZ,,,,,https://fr.wikipedia.org/wiki/A%C3%A9rodrome_de_S%C3%A9zanne_-_Saint-Remy,,50,2024-06-22T21:29:08+00:00
529225,FR-1062,small_airport,"Leyrieu Airfield",45.768056,5.243889,663,EU,France,FR,Auvergne-Rhône-Alpes,FR-ARA,ARA,"Saint-Romain-de-Jalionas, Isère",0,,,,LF3833,,,,50,2025-01-29T19:57:55+00:00
339748,FR-0440,small_airport,"Guynem'air Ultralight Airfield",46.34685,0.51751,443,EU,France,FR,Nouvelle-Aquitaine,FR-NAQ,NAQ,"Saint-Secondin, Vienne",0,,,,LF8626,https://www.guynemairulm.com,,"Base ULM de Saint-Secondin, Guynem'air ULM",50,2024-06-30T05:48:46+00:00
43616,FR-0274,small_airport,"Glacier de l'Étendard Altisurface",45.162498,6.166667,9514,EU,France,FR,Auvergne-Rhône-Alpes,FR-ARA,ARA,"Saint-Sorlin-d'Arves, Savoie",0,,,,LF7322,,,"Altisurface du Glacier de l'Étendard",50,2025-01-29T13:30:57+00:00
43643,FR-0301,small_airport,"Pointe de l'Ouillon Altisurface",45.241166,6.216524,7808,EU,France,FR,Auvergne-Rhône-Alpes,FR-ARA,ARA,"Saint-Sorlin-d'Arves, Savoie",0,,,,,,,"Altisurface de la Pointe de l'Ouillon",50,2025-01-29T13:29:18+00:00
342658,FR-0477,small_airport,"Vol d'Oiseau Ultralight Airfield",45.690886,-1.005394,,EU,France,FR,Nouvelle-Aquitaine,FR-NAQ,NAQ,"Saint-Sulpice-de-Royan, Charente-Maritime",0,,,,,,,"Base ULM Vol d'Oiseau",50,2024-06-28T17:28:45+00:00
529130,FR-1043,small_airport,"Saint-Thibault Airfield",49.693374,1.81118,660,EU,France,FR,Hauts-de-France,FR-HDF,HDF,"Saint-Thibault, Oise",0,,,,LF6025,,,,50,2024-06-25T17:13:02+00:00
528885,FR-0806,small_airport,"Saint Victor Airfield",44.0353,4.473412,430,EU,France,FR,Occitanie,FR-OCC,OCC,"Saint-Victor-des-Oules, Gard",0,,,,LF3052,,,,50,2024-10-28T10:49:05+00:00
43600,FR-0258,small_airport,"Col de Belledonne Altiport",45.166948,5.986594,9186,EU,France,FR,Auvergne-Rhône-Alpes,FR-ARA,ARA,"Sainte-Agnès, Isère",0,,,,LF3821,,,"Altiport du Col de Belledonne",50,2025-01-29T14:08:10+00:00
529094,FR-1007,small_airport,"Thèmes Ultralight Club Airfield",43.311479,6.127081,1489,EU,France,FR,Provence-Alpes-Côte-d'Azur,FR-PAC,PAC,"Sainte-Anastasie-sur-Issole, Var",0,,,,LF8325,,,"Club ULM de Thèmes",50,2024-10-30T09:29:18+00:00
527232,FR-0566,small_airport,"Sainte-Croix-du-Verdon Airfield",43.778611,6.159722,2190,EU,France,FR,Provence-Alpes-Côte-d'Azur,FR-PAC,PAC,"Sainte-Croix-du-Verdon, Alpes-de-Haute-Provence",0,,,,LF0429,,,,50,2024-10-30T10:08:27+00:00
342325,FR-0471,small_airport,"Salmbach Ultralight Airfield",48.967949,8.070563,508,EU,France,FR,"Grand Est",FR-GES,GES,"Salmbach, Bas-Rhin",0,,,,LF6723,,,"Base ULM de Salmbach",50,2024-06-30T06:09:58+00:00
528727,FR-0667,small_airport,"Aubiat Sardon Airfield",45.979722,3.2275,1160,EU,France,FR,Auvergne-Rhône-Alpes,FR-ARA,ARA,"Sardon, Puy-de-Dôme",0,,,,LF6329,,,,50,2024-10-24T15:45:37+00:00
333891,FR-0404,small_airport,"Sarriac Bigorre Airfield",43.382794,0.134009,718,EU,France,FR,Occitanie,FR-OCC,OCC,Sarriac-Bigorre,0,,,,LF6534,,,,50,2020-04-17T14:28:18+00:00
528862,FR-0783,small_airport,"Saulnot Airfield",47.567778,6.644722,1269,EU,France,FR,Bourgogne-Franche-Comté,FR-BFC,BFC,Saulnot,0,,,,LF7023,,,,50,2024-06-18T05:34:49+00:00
28779,LFAP,small_airport,"Rethel-Perthes Airfield",49.48097,4.363304,410,EU,France,FR,"Grand Est",FR-GES,GES,"Sault-lès-Rethel, Ardennes",0,LFAP,LFAP,,,,https://fr.wikipedia.org/wiki/A%C3%A9rodrome_de_Rethel_-_Perthes,,50,2025-10-04T17:36:06+00:00
333890,FR-0403,small_airport,"Sauveterre Airfield",43.47417,0.078181,587,EU,France,FR,Occitanie,FR-OCC,OCC,Sauveterre,0,,,,LF6532,,,,50,2020-04-17T13:58:07+00:00
528591,FR-0597,small_airport,"Schillersdorf Ultralight Airfield",48.870833,7.516944,676,EU,France,FR,"Grand Est",FR-GES,GES,"Schillersdorf, Bas-Rhin",0,,,,LF6755,http://terrainulmschillersdorf.eklablog.com/,,"Base ULM de Schillersdorf",50,2024-06-25T09:58:20+00:00
513919,FR-0533,small_airport,"Ebersheim Ultralight Airfield",48.27802,7.49125,545,EU,France,FR,"Grand Est",FR-GES,GES,"Sélestat, Bas-Rhin",0,,,,,,,"Base ULM de Ebersheim",50,2024-07-03T22:07:10+00:00
528867,FR-0788,small_airport,"Senoncourt Airfield",47.832855,6.052499,778,EU,France,FR,Bourgogne-Franche-Comté,FR-BFC,BFC,"Senoncourt, Haute-Saône",0,,,,LF7029,,,,50,2024-06-25T13:02:22+00:00
43629,FR-0287,small_airport,"Altisurface de la Plagne-Bouirex",42.866669,1.138333,5249,EU,France,FR,Occitanie,FR-OCC,OCC,Sentenac-d'Oust,0,,,,LF0924,,,"bouyrex, bouirex",50,2024-05-15T10:00:14+00:00
605857,FR-1325,small_airport,"Sepmes Airfield",47.06087,0.68297,341,EU,France,FR,"Centre-Val de Loire",FR-CVL,CVL,Sepmes,0,,,,,,,,50,2026-03-27T18:25:49+00:00
506737,FR-0517,small_airport,"Les Ailes de Sergy ULM",46.25967,6.023689,1509,EU,France,FR,Auvergne-Rhône-Alpes,FR-ARA,ARA,Sergy,0,,,,LF0155,,,"Base ULM des Ailes de Sergy",50,2024-06-20T07:46:01+00:00
507427,FR-0520,small_airport,"Aérodrome de Coutigny-Sérigné",46.489411,-0.87101,144,EU,France,FR,Pays-de-la-Loire,FR-PDL,PDL,Sérigné,0,,,,LF8573,,,,50,2024-05-15T12:06:55+00:00
528856,FR-0778,small_airport,"Aéro Sermange Airfield",47.188056,5.6475,869,EU,France,FR,Bourgogne-Franche-Comté,FR-BFC,BFC,"Sermange, Jura",0,,,,LF3957,,,"Jacques Dejeux",50,2024-06-25T13:32:26+00:00
528834,FR-0756,small_airport,"Servon-Melzicourt Airfield",49.205,4.830833,410,EU,France,FR,"Grand Est",FR-GES,GES,"Servon-Melzicourt, Marne",0,,,,LF5122,,,,50,2024-07-01T16:28:14+00:00
529099,FR-1012,small_airport,"La Limate Airfield",43.25892,5.882615,2250,EU,France,FR,Provence-Alpes-Côte-d'Azur,FR-PAC,PAC,"Signes, Var",0,,,,LF8363,,,,50,2024-10-30T09:25:29+00:00
528842,FR-0764,small_airport,"Les Ailes du Der Airfield",48.435622,4.851837,561,EU,France,FR,"Grand Est",FR-GES,GES,Sommevoire,0,,,,LF5252,,,,50,2024-06-21T12:00:25+00:00
528859,FR-0780,small_airport,"Soppe Airfield",47.725556,7.096944,1099,EU,France,FR,"Grand Est",FR-GES,GES,Soppe-le-Bas,0,,,,LF6852,http://www.ulm-haut-rhin.fr/,,,50,2024-06-25T13:44:33+00:00
2987,LF50,small_airport,"Aérodrome privé de Soucelles",47.580399,-0.412269,255,EU,France,FR,Pays-de-la-Loire,FR-PDL,PDL,Soucelles,0,,,,LF4925,,,Angers,50,2024-05-15T11:54:38+00:00
339747,FR-0439,small_airport,"Base ULM de Sury en Vaux",47.38084,2.78308,1000,EU,France,FR,"Centre-Val de Loire",FR-CVL,CVL,"Sury en Vaux",0,,,,LF1826,https://aeroplumsancerrois.wixsite.com/ulm-sancerre,,,50,2024-05-15T11:08:05+00:00
342300,FR-0467,small_airport,"Taillefontaine Airfield",49.307868,3.06599,475,EU,France,FR,Hauts-de-France,FR-HDF,HDF,"Taillefontaine, Aisne",0,,,,LF0257,,,"Base ULM de Taillefontaine",50,2024-06-22T12:54:54+00:00
337374,FR-0427,small_airport,"Talmont Vendée Air Park",46.493761,-1.576506,150,EU,France,FR,Pays-de-la-Loire,FR-PDL,PDL,Talmont-Saint-Hilaire,0,,,,LF8521,,,,50,2020-11-18T13:09:19+00:00
529067,FR-0980,small_airport,"Piste du Tartou",45.650278,0.575,756,EU,France,FR,Nouvelle-Aquitaine,FR-NAQ,NAQ,Tartou,0,,,,LF2458,https://www.ulm-piste-dordogne-perigord.com/,,,50,2024-09-05T13:34:41+00:00
528879,FR-0800,small_airport,"Thoiry Airfield",48.875357,1.79374,380,EU,France,FR,Île-de-France,FR-IDF,IDF,"Thoiry, Yvelines",0,,,,LF7853,http://www.ulm-thoiry.com/,,"Base ULM de Thoiry",50,2024-06-22T14:19:18+00:00
337375,FR-0428,small_airport,"Base ULM Thollon les Mémises",46.396667,6.716667,2996,EU,France,FR,Auvergne-Rhône-Alpes,FR-ARA,ARA,Thollon-les-Mémises,0,,,,LF7431,,,,50,2020-11-18T14:11:01+00:00
529089,FR-1002,small_airport,"Thorame-Basse Airfield",44.076793,6.47395,3609,EU,France,FR,Provence-Alpes-Côte-d'Azur,FR-PAC,PAC,"Thorame-Basse, Alpes-de-Haute-Provence",0,,,,LF0459,,,,50,2025-01-29T21:22:57+00:00
43647,FR-0305,small_airport,"Thorame-Haute Chamatte Altisurface",44.139721,6.548333,6827,EU,France,FR,Provence-Alpes-Côte-d'Azur,FR-PAC,PAC,"Thorame-Haute, Alpes-de-Haute-Provence",0,,,,LF0458,,,,50,2025-01-29T21:11:18+00:00
43649,FR-0306,small_airport,"Thorame-Haute Les Serres Altisurface",44.123055,6.56,6129,EU,France,FR,Provence-Alpes-Côte-d'Azur,FR-PAC,PAC,"Thorame-Haute, Alpes-de-Haute-Provence",0,,,,LF0426,,,"La Mangeoï",50,2025-01-29T21:12:14+00:00
43650,FR-0307,small_airport,"Thorame-Haute Les Serres Altisurface (2)",44.115002,6.538611,6398,EU,France,FR,Provence-Alpes-Côte-d'Azur,FR-PAC,PAC,"Thorame-Haute, Alpes-de-Haute-Provence",0,,,,LF0434,,,"La Buissiere",50,2025-01-29T21:12:59+00:00
28798,LFCT,small_airport,"Aérodrome de Thouars",46.961899,-0.152778,341,EU,France,FR,Nouvelle-Aquitaine,FR-NAQ,NAQ,Thouars,0,LFCT,,,,,https://fr.wikipedia.org/wiki/A%C3%A9rodrome_de_Thouars,,50,2024-05-15T17:02:29+00:00
43615,FR-0273,small_airport,"Glacier de la Grande Motte Altiport",45.424999,6.894444,9564,EU,France,FR,Auvergne-Rhône-Alpes,FR-ARA,ARA,Tignes,0,,,,LF7324,,,"Altiport du Glacier De La Grande Motte",50,2024-05-15T09:50:10+00:00
43635,FR-0293,small_airport,"La Tovière Altiport",45.465669,6.932395,7349,EU,France,FR,Auvergne-Rhône-Alpes,FR-ARA,ARA,Tignes,0,,,,LF7325,,,"Altiport de la Tovière",50,2023-12-19T16:05:35+00:00
43656,FR-0313,small_airport,"Col du Palet Altiport",45.450452,6.882602,8005,EU,France,FR,Auvergne-Rhône-Alpes,FR-ARA,ARA,Tignes,0,,,,LF7333,,,"Altisurface vers le Col du Palet",50,2023-12-19T21:05:39+00:00
528863,FR-0784,small_airport,"Tincey Airfield",47.606154,5.785216,764,EU,France,FR,Bourgogne-Franche-Comté,FR-BFC,BFC,"Tincey-et-Pontrebeau,, Haute-Saône",0,,,,LF7025,,,"Base ULM de Tincey",50,2024-06-25T13:14:32+00:00
527721,FR-0574,small_airport,"Torreilles Airfield",42.746077,3.015628,10,EU,France,FR,Occitanie,FR-OCC,OCC,"Torreilles, Pyrénées-Orientales",0,,,,LF6651,,,"Aérodrome/Base ULM de Torreilles - Ste-Marie, Torreilles Sainte-Marie Airfield",50,2024-06-30T06:08:24+00:00
31814,FR-1271,closed,"Montaudran Airfield",43.568901,1.48083,482,EU,France,FR,Occitanie,FR-OCC,OCC,"Toulouse, Haute-Garonne",0,,,,,,,"LFIO, Aérodrome de Montaudran",50,2025-02-25T14:49:25+00:00
555218,FR-1215,small_airport,"Les Valettes Glider Landing Field",43.70051,7.00483,456,EU,France,FR,Provence-Alpes-Côte-d'Azur,FR-PAC,PAC,"Tourrettes-sur-Loup, Alpes-Maritimes",0,,,,,,,,50,2024-10-30T21:02:39+00:00
528955,FR-0868,small_airport,"Le Haut des Places Airfield",48.474167,-1.591111,354,EU,France,FR,Brittany,FR-BRE,BRE,"Trans-la-Forêt, Ille-et-Vilaine",0,,,,LF3561,,,"Helico ULM Aire de la Forêt",50,2025-01-29T11:23:10+00:00
354000,FR-0492,small_airport,"Treigny Ultralight Airfield",47.550607,3.196549,918,EU,France,FR,Bourgogne-Franche-Comté,FR-BFC,BFC,"Treigny, Yonne",0,,,,LF8929,https://www.facebook.com/ULMtreigny89/,,"Base ULM de Treigny",50,2024-06-30T06:12:23+00:00
534887,FR-1175,closed,"Trizac Airfield",45.268026,2.548348,3300,EU,France,FR,Auvergne-Rhône-Alpes,FR-ARA,ARA,"Trizac - Cantal",0,,,,,,,LF1522,50,2024-06-27T04:28:12+00:00
322153,FR-0355,small_airport,"Troye d'Ariège ULM",43.020043,1.877509,1377,EU,France,FR,Occitanie,FR-OCC,OCC,"Troye d'Ariège",0,,,,LF0927,https://partagair.jimdofree.com/situation/,,,50,2024-05-15T10:38:31+00:00
4087,LFCU,small_airport,"Ussel-Thalamy Airfield",45.535738,2.424474,2428,EU,France,FR,Nouvelle-Aquitaine,FR-NAQ,NAQ,"Ussel, Corrèze",0,LFCU,,,,,https://fr.wikipedia.org/wiki/A%C3%A9rodrome_d%27Ussel_-_Thalamy,,50,2024-08-08T00:00:48+00:00
28917,LFKD,small_airport,"Sollières Sardières Airfield",45.253804,6.801138,4255,EU,France,FR,Auvergne-Rhône-Alpes,FR-ARA,ARA,Val-Cenis,0,LFKD,,,,,https://fr.wikipedia.org/wiki/A%C3%A9rodrome_de_Solli%C3%A8res-Sardi%C3%A8res,,50,2024-05-15T19:28:27+00:00
528875,FR-0796,small_airport,"La Vrine Ultralight Airfield",46.976793,6.330579,2707,EU,France,FR,Bourgogne-Franche-Comté,FR-BFC,BFC,"Val-d'Usiers, Doubs",0,,,,LF2557,,,"Base ULM La Vrine",50,2024-06-26T10:52:03+00:00
339742,FR-0436,small_airport,"Val-de-Reuil Ultralight Airfield",49.282168,1.23167,33,EU,France,FR,Normandy,FR-NOR,NOR,"Val-de-Reuil, Eure",0,,,,LF2753,https://www.calhn.fr/,,"Base ULM de Val de Reuil",50,2024-06-30T05:53:37+00:00
510473,FR-0527,small_airport,"Base ULM de Val-Revermont",46.30637,5.3796,,EU,France,FR,Auvergne-Rhône-Alpes,FR-ARA,ARA,Val-Revermont,0,,,,,,,,50,2023-07-26T07:48:44+00:00
43653,FR-0310,small_airport,"Valloire-Bonnenuit Altisurface",45.121079,6.41871,5600,EU,France,FR,Auvergne-Rhône-Alpes,FR-ARA,ARA,"Valloire, Savoie",0,,,,LF7332,https://www.aeroclub-de-valloire.com/,,,50,2024-10-30T15:44:13+00:00
29000,LFSK,small_airport,"Vitry-le-François Vauclerc Airfield",48.702367,4.683109,410,EU,France,FR,"Grand Est",FR-GES,GES,Vauclerc,0,LFSK,,,,,https://fr.wikipedia.org/wiki/A%C3%A9rodrome_de_Vitry-le-Fran%C3%A7ois_-_Vauclerc,,50,2024-05-15T20:03:35+00:00
43613,FR-0271,small_airport,"Glacier de la Barbarate Altisurface",45.15927,6.141508,9869,EU,France,FR,Auvergne-Rhône-Alpes,FR-ARA,ARA,"Vaujany, Isère",0,,,,LF3824,,,"Altisurface du Glacier de la Barbarate",50,2025-01-29T13:32:29+00:00
527230,FR-0564,small_airport,"Veauce Airfield",46.173151,3.059489,1570,EU,France,FR,Auvergne-Rhône-Alpes,FR-ARA,ARA,Veauce,0,,,,LF0324,,,,50,2024-04-29T18:04:34+00:00
528866,FR-0787,small_airport,"Venisey Airfield",47.835834,5.999608,804,EU,France,FR,Bourgogne-Franche-Comté,FR-BFC,BFC,"Venisey, Haute-Saône",0,,,,LF7028,,,,50,2024-06-25T12:59:01+00:00
315606,FR-0324,small_airport,"Verchocq Airpark",50.541124,2.033945,574,EU,France,FR,Hauts-de-France,FR-HDF,HDF,Verchocq,0,,,,LF6252,http://www.aero-delahaye.com,,"Aero Delahaye",50,2024-06-16T20:01:45+00:00
528833,FR-0755,small_airport,"Viâpres-le-Petit Airfield",48.569167,4.032778,250,EU,France,FR,"Grand Est",FR-GES,GES,"Viâpres-le-Petit, Aube",0,,,,LF1054,,,,50,2024-06-22T18:05:20+00:00
529010,FR-0923,small_airport,"Viella Ultralight Airfield",43.611111,-0.12,500,EU,France,FR,Occitanie,FR-OCC,OCC,"Viella, Hautes-Pyrenees",0,,,,LF3269,https://ulmavva.fr/where/,,"Aéro-Club ULM de Viella Val Adour, Base ULM de Viella",50,2024-06-28T17:26:21+00:00
28852,LFFV,small_airport,"Vierzon-Méreau Airfield",47.194052,2.065412,430,EU,France,FR,"Centre-Val de Loire",FR-CVL,CVL,"Vierzon, Cher",0,LFFV,,,,,http://fr.wikipedia.org/wiki/A%C3%A9rodrome_de_Vierzon_-_M%C3%A9reau,,50,2025-01-08T08:57:24+00:00
526467,FR-0562,small_airport,"Vieux-Ferrette Airfield",47.515833,7.306944,1499,EU,France,FR,"Grand Est",FR-GES,GES,Vieux-Ferrette,0,,,,LF6822,https://site.ulm-regio.eu/fr/,,,50,2024-04-22T15:43:24+00:00
572127,FR-1233,small_airport,"Pierre Wadier Airfield",48.84114,-0.11261,581,EU,France,FR,Normandy,FR-NOR,NOR,"Vignat, Orne",0,,,,,,,Nécy,50,2025-01-15T21:06:19+00:00
529125,FR-1038,small_airport,"L'Alpe du Grand Serre Altisurface",45.00113,5.83537,6700,EU,France,FR,Auvergne-Rhône-Alpes,FR-ARA,ARA,"Villard-Saint-Christophe, Isère",0,,,,LF3832,,,,50,2025-01-29T20:52:51+00:00
529278,FR-1102,small_airport,"Ville-sur-Arce Airfield",48.088333,4.435833,910,EU,France,FR,"Grand Est",FR-GES,GES,"Ville-sur-Arce, Aube",0,,,,LF1022,,,,50,2024-06-25T17:21:58+00:00
333904,FR-0410,small_airport,"Villeneuve du Latou Airfield",43.20358,1.418663,1330,EU,France,FR,Occitanie,FR-OCC,OCC,Villeneuve-du-Latou,0,,,,LF0925,,,,50,2020-04-18T13:40:34+00:00
4118,LFJA,small_airport,"Chaumont-Semoutiers Airfield",48.080719,5.047703,1001,EU,France,FR,"Grand Est",FR-GES,GES,"Villiers-le-Sec, Haute-Marne",0,LFJA,,,,,https://en.wikipedia.org/wiki/Chaumont-Semoutiers_Air_Base,"Chaumont-Semoutiers Air Base",50,2024-06-25T17:23:09+00:00
28827,LFEM,small_airport,"Montargis Vimory Airfield",47.960602,2.68583,308,EU,France,FR,"Centre-Val de Loire",FR-CVL,CVL,"Vimory, Loiret",0,LFEM,,,,,https://fr.wikipedia.org/wiki/A%C3%A9rodrome_de_Montargis_-_Vimory,,50,2024-08-07T14:36:51+00:00
528759,FR-0697,small_airport,"Cravant Vincelles Airfield",47.690556,3.663333,360,EU,France,FR,Bourgogne-Franche-Comté,FR-BFC,BFC,"Vincelles, Yonne",0,,,,LF8951,,,,50,2024-06-22T16:22:04+00:00
28989,LFQS,small_airport,"Vitry-en-Artois Airfield",50.337883,2.990714,174,EU,France,FR,Hauts-de-France,FR-HDF,HDF,"Vitry-en-Artois, Pas-de-Calais",0,LFQS,,,,,https://en.wikipedia.org/wiki/Vitry-en-Artois_Airfield,,50,2024-06-22T12:25:54+00:00
528843,FR-0765,small_airport,"Fontarce Airfield",48.130358,4.599342,804,EU,France,FR,"Grand Est",FR-GES,GES,"Vitry-le-Croisé, Aube",0,,,,LF1057,,,,50,2024-06-25T17:22:17+00:00
29005,FR-1255,closed,"Champ de Courses Airfield",48.2239,5.93528,1076,EU,France,FR,"Grand Est",FR-GES,GES,"Vittel, Vosges",0,,,,,,,"LFSZ, VTL",50,2025-02-25T14:48:54+00:00
28846,FR-1273,small_airport,"Vouzon le Rabot Airfield",47.655587,1.988071,413,EU,France,FR,"Centre-Val de Loire",FR-CVL,CVL,"Vouzon, Loir-et-Cher",0,,,,LF4131,,,"LFFM, Lamotte Beuvron Airfield, Bruyères de Vouzon Airfield",50,2025-03-08T22:43:48+00:00
342326,FR-0472,small_airport,"Wissembourg Ultralight Airfield",48.9925,7.975833,574,EU,France,FR,"Grand Est",FR-GES,GES,"Wissembourg, Bas-Rhin",0,,,,LF6724,,,"Base ULM de Wissembourg",50,2024-06-30T06:09:39+00:00
529119,FR-1032,small_airport,"Yenne Airfield",45.713333,5.776944,750,EU,France,FR,Auvergne-Rhône-Alpes,FR-ARA,ARA,"Yenne, Savoie",0,,,,LF7351,,,"Zen Philippe",50,2024-06-22T16:44:56+00:00
329117,FR-0375,heliport,"Mont Blanc Hélicoptères",45.57524,6.83133,,EU,France,FR,Auvergne-Rhône-Alpes,FR-ARA,ARA,,0,,,,,,,,0,2018-08-27T07:31:24+00:00
331137,FR-0389,closed,"Polminhac ULM",44.94278,2.577,,EU,France,FR,Auvergne-Rhône-Alpes,FR-ARA,ARA,,0,,,,,,,"LF1525, LF1525",0,2019-05-04T04:41:46+00:00
529248,FR-1075,heliport,"Le Puy En Velay Centre Hospitalier Heliport",45.050475,3.879118,2108,EU,France,FR,Auvergne-Rhône-Alpes,FR-ARA,ARA,,0,,,,,,,,0,2024-05-14T08:07:08+00:00
529262,FR-1089,heliport,"Saint Etienne Hopital Nord Heliport",45.482363,4.363444,1507,EU,France,FR,Auvergne-Rhône-Alpes,FR-ARA,ARA,,0,,,,,,,,0,2024-05-14T08:17:42+00:00
529264,FR-1091,heliport,"Alpes Leman Centre Hospitalier Heliport",46.141017,6.320266,1532,EU,France,FR,Auvergne-Rhône-Alpes,FR-ARA,ARA,,0,,,,,,,,0,2024-05-14T08:19:03+00:00
529271,FR-1097,heliport,"Bourg En Bresse Centre Hospitalier Heliport",46.224722,5.209722,814,EU,France,FR,Auvergne-Rhône-Alpes,FR-ARA,ARA,,0,,,,,,,,0,2024-05-14T08:25:19+00:00
529273,FR-1099,heliport,"Savoie Helicopteres Heliport",46.071111,6.517778,1535,EU,France,FR,Auvergne-Rhône-Alpes,FR-ARA,ARA,,0,,,,,,,,0,2024-05-14T08:26:58+00:00
529275,FR-1101,heliport,"Saint Flour Centre Hospitalier Heliport",45.034226,3.087094,2963,EU,France,FR,Auvergne-Rhône-Alpes,FR-ARA,ARA,,0,,,,,,,,0,2024-05-14T08:28:29+00:00
529316,FR-1134,heliport,"Roanne Centre Hospitalier Heliport",46.042594,4.079833,963,EU,France,FR,Auvergne-Rhône-Alpes,FR-ARA,ARA,,0,,,,,,,,0,2024-05-14T09:35:05+00:00
529344,FR-1158,heliport,"Annecy Centre Hospitalier Heliport",45.932778,6.118611,1552,EU,France,FR,Auvergne-Rhône-Alpes,FR-ARA,ARA,,0,,,,,,,,0,2024-05-14T10:24:20+00:00
529356,FR-1164,heliport,"Belle-Ile-En-Mer Centre Hospitalier Heliport",47.345002,-3.162168,102,EU,France,FR,Brittany,FR-BRE,BRE,,0,,,,,,,,0,2024-05-14T11:30:02+00:00
529339,FR-1154,heliport,"Ajaccio Centre Hospitalier Heliport",41.945,8.771389,356,EU,France,FR,Corsica,FR-COR,COR,,0,,,,,,,,0,2024-05-14T09:55:25+00:00
528828,FR-0750,closed,"Saint Benoit du Sault Airfield",46.453611,1.404444,770,EU,France,FR,"Centre-Val de Loire",FR-CVL,CVL,,0,,,,,,,LF3622,0,2024-05-13T13:02:15+00:00
528831,FR-0753,seaplane_base,"Chouzy sur Cisse Hydro base",47.498889,1.238056,197,EU,France,FR,"Centre-Val de Loire",FR-CVL,CVL,,0,,,,LF4158,https://www.aildor.fr/,,,0,2024-05-13T13:05:53+00:00
529219,FR-1056,closed,"club du Houssay Airfield",48.226944,1.385278,429,EU,France,FR,"Centre-Val de Loire",FR-CVL,CVL,,0,,,,,,,LF2858,0,2024-05-14T06:25:06+00:00
529250,FR-1077,heliport,"Vendome Centre Hospitalier Heliport",47.79404,1.061903,304,EU,France,FR,"Centre-Val de Loire",FR-CVL,CVL,,0,,,,,,,,0,2024-05-14T08:08:42+00:00
529253,FR-1080,heliport,"Issoudun Centre Hospitalier Heliport",46.958332,1.996304,465,EU,France,FR,"Centre-Val de Loire",FR-CVL,CVL,,0,,,,,,,,0,2024-05-14T08:11:27+00:00
529255,FR-1082,heliport,"Amboise Centre Hospitalier Heliport",47.408056,0.981111,308,EU,France,FR,"Centre-Val de Loire",FR-CVL,CVL,,0,,,,,,,,0,2024-05-14T08:12:58+00:00
529258,FR-1085,heliport,"Gien Centre Hospitalier Heliport",47.690278,2.634722,556,EU,France,FR,"Centre-Val de Loire",FR-CVL,CVL,,0,,,,,,,,0,2024-05-14T08:14:49+00:00
529323,FR-1139,heliport,"Loches Centre Hospitalier Heliport",47.131203,1.003801,231,EU,France,FR,"Centre-Val de Loire",FR-CVL,CVL,,0,,,,,,,,0,2024-05-14T09:40:39+00:00
529336,FR-1151,heliport,"Le Blanc Centre Hospitalier Heliport",46.633931,1.058829,302,EU,France,FR,"Centre-Val de Loire",FR-CVL,CVL,,0,,,,,,,,0,2024-05-14T09:52:26+00:00
529314,FR-1132,heliport,"Epinal Emile Durkheim Centre Hospitalier Heliport",48.181111,6.454444,1295,EU,France,FR,"Grand Est",FR-GES,GES,,0,,,,,,,,0,2024-05-14T09:33:04+00:00
529338,FR-1153,heliport,"Thionville Bel-Air Centre Hospitalier Heliport",49.372897,6.149307,672,EU,France,FR,"Grand Est",FR-GES,GES,,0,,,,,,,,0,2024-05-14T09:54:19+00:00
599126,FR-1295,heliport,"golf wimereux DZ",50.788503,1.61168,,EU,France,FR,Hauts-de-France,FR-HDF,HDF,,0,,,,,,,,0,2025-07-20T10:59:49+00:00
599129,FR-1296,heliport,"chateau de busnes DZ",50.583032,2.507195,,EU,France,FR,Hauts-de-France,FR-HDF,HDF,,0,,,,,,,,0,2025-07-20T11:06:27+00:00
599136,FR-1297,heliport,"chateau de cocove DZ",50.834754,2.064282,,EU,France,FR,Hauts-de-France,FR-HDF,HDF,,0,,,,,,,,0,2025-07-20T18:20:56+00:00
599137,FR-1298,heliport,"le polbert DZ",50.592558,3.152341,,EU,France,FR,Hauts-de-France,FR-HDF,HDF,,0,,,,,,,,0,2025-07-20T18:23:29+00:00
599138,FR-1299,heliport,"Devarem DZ",50.581248,2.982498,,EU,France,FR,Hauts-de-France,FR-HDF,HDF,,0,,,,,,,,0,2025-07-20T18:25:16+00:00
599140,FR-1301,heliport,"domaine de la marliere DZ",50.153407,3.190193,,EU,France,FR,Hauts-de-France,FR-HDF,HDF,,0,,,,,,,,0,2025-07-20T18:31:51+00:00
43352,FR-0012,heliport,"Arcachon Centre Hospitalier Heliport",44.6125,-1.113889,46,EU,France,FR,Nouvelle-Aquitaine,FR-NAQ,NAQ,,0,,,,,,,,0,2024-05-14T10:48:40+00:00
331099,FR-0385,closed,"Aerodrome des Salles",45.741212,0.669841,,EU,France,FR,Nouvelle-Aquitaine,FR-NAQ,NAQ,,0,,,,,,,"LF8723, LF8723",0,2019-11-11T10:16:30+00:00
331100,FR-0386,closed,"Aigrefeuille d'Aunis ULM",46.12722,-0.95167,,EU,France,FR,Nouvelle-Aquitaine,FR-NAQ,NAQ,,0,,,,,,,"LF1752, LF1752",0,2019-11-11T10:15:36+00:00
331101,FR-0387,closed,"Base ULM Les Châteaux",47.335432,1.274904,,EU,France,FR,Nouvelle-Aquitaine,FR-NAQ,NAQ,,0,,,,,,,"LF4152, LF4152",0,2019-04-30T13:39:49+00:00
529086,FR-0999,seaplane_base,"La Madoire SPB",46.840556,-0.429444,558,EU,France,FR,Nouvelle-Aquitaine,FR-NAQ,NAQ,,0,,,,LF7954,https://www.aildor.fr/,,,0,2024-05-13T18:01:22+00:00
529214,FR-1051,seaplane_base,Bourcefranc,45.871944,-1.131111,,EU,France,FR,Nouvelle-Aquitaine,FR-NAQ,NAQ,,0,,,,LF1756,https://www.airfly17.fr/,,,0,2024-05-14T06:18:12+00:00
529252,FR-1079,heliport,"Bordeaux Haut Leveque Centre Hospitalier Heliport",44.785278,-0.660833,275,EU,France,FR,Nouvelle-Aquitaine,FR-NAQ,NAQ,,0,,,,,,,,0,2024-05-14T08:10:14+00:00
529257,FR-1084,heliport,"Langon Centre Hospitalier Heliport",44.544722,-0.243611,121,EU,France,FR,Nouvelle-Aquitaine,FR-NAQ,NAQ,,0,,,,,,,,0,2024-05-14T08:14:11+00:00
529321,FR-1137,heliport,"Gueret Centre Hospitalier Heliport",46.161203,1.86877,1752,EU,France,FR,Nouvelle-Aquitaine,FR-NAQ,NAQ,,0,,,,,,,,0,2024-05-14T09:38:45+00:00
529337,FR-1152,heliport,"Nord Deux-Sevres Centre Hospitalier Heliport",46.831723,-0.385841,567,EU,France,FR,Nouvelle-Aquitaine,FR-NAQ,NAQ,,0,,,,,,,,0,2024-05-14T09:53:15+00:00
529351,FR-1163,heliport,"Villeneuve Sur Lot Centre Hospitalier Heliport",44.406944,0.747778,238,EU,France,FR,Nouvelle-Aquitaine,FR-NAQ,NAQ,,0,,,,,,,,0,2024-05-14T10:55:28+00:00
529272,FR-1098,heliport,"Le Mans Centre Hospitalier Heliport",48.016667,0.173333,225,EU,France,FR,Normandy,FR-NOR,NOR,,0,,,,,,,,0,2024-05-14T08:26:09+00:00
529334,FR-1150,heliport,"Dieppe Centre Hospitalier Heliport",49.918332,1.080367,69,EU,France,FR,Normandy,FR-NOR,NOR,,0,,,,,,,,0,2024-05-14T09:51:32+00:00
600391,FR-1310,heliport,"MD Rally DZ",48.838467,-1.245875,,EU,France,FR,Normandy,FR-NOR,NOR,,0,,,,,,,,0,2025-09-10T05:56:34+00:00
322202,FR-0360,seaplane_base,"Base Hydro-ULM du Barrage de Pareloup",44.20667,2.74417,2635,EU,France,FR,Occitanie,FR-OCC,OCC,,0,,,,LF1255,,,,0,2024-05-14T10:16:29+00:00
329129,FR-0376,closed,"Aerodrome d'Esperce",43.316192,1.404468,,EU,France,FR,Occitanie,FR-OCC,OCC,,0,,,,,,,,0,2018-08-29T04:45:29+00:00
528480,FR-0581,seaplane_base,"Villefranche de Panat SPB",44.099167,2.695278,2385,EU,France,FR,Occitanie,FR-OCC,OCC,,0,,,,LF1231,http://ulm.hydro.airdeslacs.free.fr/nouveausite/index.html,,,0,2024-05-11T18:03:28+00:00
528913,FR-0826,closed,"Mas Sarda Airfield",42.681111,2.652222,410,EU,France,FR,Occitanie,FR-OCC,OCC,,0,,,,,,,LF6633,0,2024-05-13T15:39:53+00:00
529000,FR-0913,seaplane_base,"Rivières Hydrosurface",43.901667,1.971944,489,EU,France,FR,Occitanie,FR-OCC,OCC,,0,,,,LF8160,,,,0,2024-05-13T16:59:14+00:00
529019,FR-0932,seaplane_base,"Lac de Maury SPB",44.660278,2.684167,1935,EU,France,FR,Occitanie,FR-OCC,OCC,,0,,,,LF1257,,,,0,2024-05-13T17:10:02+00:00
529251,FR-1078,heliport,"Nimes Caremeau Centre Hospitalier Heliport",43.823889,4.323056,310,EU,France,FR,Occitanie,FR-OCC,OCC,,0,,,,,,,,0,2024-05-14T08:09:31+00:00
529265,FR-1092,heliport,"Ales Centre Hospitalier Heliport",44.147675,4.095508,552,EU,France,FR,Occitanie,FR-OCC,OCC,,0,,,,,,,,0,2024-05-14T08:19:39+00:00
529324,FR-1140,heliport,"Castres Hauterive Centre Hospitalier Heliport",43.565,2.26,610,EU,France,FR,Occitanie,FR-OCC,OCC,,0,,,,,,,,0,2024-05-14T09:41:20+00:00
529330,FR-1146,heliport,"Mende Centre Hospitalier Heliport",44.522401,3.489039,2540,EU,France,FR,Occitanie,FR-OCC,OCC,,0,,,,,,,,0,2024-05-14T09:48:30+00:00
529331,FR-1147,heliport,"Perpignan Centre Hospitalier Heliport",42.726111,2.888611,190,EU,France,FR,Occitanie,FR-OCC,OCC,,0,,,,,,,,0,2024-05-14T09:49:04+00:00
529350,FR-1162,heliport,"Sete Centre Hospitalier Heliport",43.407778,3.669722,132,EU,France,FR,Occitanie,FR-OCC,OCC,,0,,,,,,,,0,2024-05-14T10:52:35+00:00
328585,FR-0372,heliport,"Ile du Levant Helicopter Base",43.021514,6.460228,,EU,France,FR,Provence-Alpes-Côte-d'Azur,FR-PAC,PAC,,0,,,,,,,,0,2018-06-30T04:54:32+00:00
330629,FR-0379,heliport,"Vars Helistrip",44.548963,6.701518,,EU,France,FR,Provence-Alpes-Côte-d'Azur,FR-PAC,PAC,,0,,,,,,,,0,2019-02-23T06:27:07+00:00
529246,FR-1073,heliport,"Apt Centre Hospitalier Heliport",43.875833,5.381944,869,EU,France,FR,Provence-Alpes-Côte-d'Azur,FR-PAC,PAC,,0,,,,,,,,0,2024-05-14T08:05:39+00:00
529259,FR-1086,heliport,"Digne Les Bains H1 Centre Hospitalier Heliport",44.070556,6.168333,1975,EU,France,FR,Provence-Alpes-Côte-d'Azur,FR-PAC,PAC,,0,,,,,,,,0,2024-05-14T08:16:03+00:00
529270,FR-1096,heliport,"Nice Hopital Pasteur 2 Heliport",43.724479,7.282289,258,EU,France,FR,Provence-Alpes-Côte-d'Azur,FR-PAC,PAC,,0,,,,,,,,0,2024-05-14T08:22:16+00:00
529318,FR-1135,heliport,"Marseille Laveran Hopital Militaire Heliport",43.327778,5.415556,353,EU,France,FR,Provence-Alpes-Côte-d'Azur,FR-PAC,PAC,,0,,,,,,,,0,2024-05-14T09:36:18+00:00
316145,FR-0336,closed,"Plessé ULM",47.52591,-1.841293,131,EU,France,FR,Pays-de-la-Loire,FR-PDL,PDL,,0,,,,,,,"LF4422, LF4422",0,2018-03-14T09:39:55+00:00
528492,FR-0593,heliport,"La Roche Sur Yon Centre Hospitalier Heliport",46.668225,-1.413508,343,EU,France,FR,Pays-de-la-Loire,FR-PDL,PDL,,0,,,,,,,,0,2024-05-11T18:35:27+00:00
43508,FR-0168,heliport,"Abbeville Medical Center Heliport",50.101535,1.831298,82,EU,France,FR,Hauts-de-France,FR-HDF,HDF,Abbeville,0,,,,,,,,0,2023-10-26T17:00:13+00:00
315629,FR-0325,closed,"Aire-sur-la-Lys Airfield",50.622813,2.414846,75,EU,France,FR,Hauts-de-France,FR-HDF,HDF,"Aire-sur-la-Lys, Pas-de-Calais",0,,,,,,,LF6222,0,2024-06-22T12:22:23+00:00
43527,FR-0187,heliport,"Pays d'Aix Medical Center Heliport",43.534721,5.442222,728,EU,France,FR,Provence-Alpes-Côte-d'Azur,FR-PAC,PAC,Aix-en-Provence,0,,,,,,,"Heliport Centre Hospitalier du Pays d'Aix",0,2021-03-09T09:04:23+00:00
43569,FR-0229,heliport,"Hôtel Ariana Heliport",45.67388916015625,5.908888816833496,810,EU,France,FR,Auvergne-Rhône-Alpes,FR-ARA,ARA,Aix-Les-Bains,0,,,,,,,,0,2009-03-14T19:33:22+00:00
516861,FR-0558,heliport,"Ajaccio Hospital Helipad",41.922676,8.73451,256,EU,France,FR,Corsica,FR-COR,COR,Ajaccio,0,,,,,https://www.ch-ajaccio.fr/hopital/informations/histoire,,,0,2023-12-09T12:44:05+00:00
43552,FR-0212,heliport,"Centre Hospitalier Heliport",45.6694450378418,6.368610858917236,1100,EU,France,FR,Auvergne-Rhône-Alpes,FR-ARA,ARA,Albertville,0,,,,,,,,0,2009-03-14T19:32:43+00:00
43562,FR-0222,heliport,"Crs Alpes Heliport",45.656944274902344,6.376111030578613,1084,EU,France,FR,Auvergne-Rhône-Alpes,FR-ARA,ARA,Albertville,0,,,,,,,,0,2009-03-14T19:33:06+00:00
43479,FR-0139,heliport,"Centre Hospitalier Heliport",48.424231,0.082483,435,EU,France,FR,Normandy,FR-NOR,NOR,Alencon,0,,,,,,,,0,2024-05-14T12:26:01+00:00
322162,FR-0357,seaplane_base,"Base Hydro-ULM d'Amance",48.350833,4.505,430,EU,France,FR,"Grand Est",FR-GES,GES,Amance,0,,,,LF1056,,,,0,2024-05-15T10:39:32+00:00
43514,FR-0174,heliport,"Amiens South Hospital Heliport",49.876038,2.257489,250,EU,France,FR,Hauts-de-France,FR-HDF,HDF,"Amiens, Somme",0,,,,,,,,0,2024-06-25T17:15:18+00:00
308839,FR-0315,heliport,"Amiens-Picardy University Hospital North Heliport",49.906744,2.295928,162,EU,France,FR,Hauts-de-France,FR-HDF,HDF,"Amiens, Somme",0,,,,,,,"Centre Hospitalier Universitaire d'Amiens-Picardie Site Nord",0,2024-06-25T17:15:53+00:00
43396,FR-0056,heliport,"Centre Hospitalier de l'agglomeration Montargeoise Heliport",47.996665954589844,2.774444103240967,353,EU,France,FR,"Centre-Val de Loire",FR-CVL,CVL,Amilly,0,,,,,,,,0,2009-03-14T19:26:54+00:00
43584,FR-0244,heliport,"Societe des Eaux Minerales D'Evian Heliport",46.39083480834961,6.511943817138672,1271,EU,France,FR,Auvergne-Rhône-Alpes,FR-ARA,ARA,Amphion,0,,,,,,,,0,2009-03-14T19:33:56+00:00
43501,FR-0161,heliport,"Angers Centre Hospitalier Heliport",47.486111,-0.554167,138,EU,France,FR,Pays-de-la-Loire,FR-PDL,PDL,Angers,0,,,,,,,,0,2024-05-14T11:49:37+00:00
43520,FR-0180,heliport,"Centre Hospitalier Heliport",45.6341667175293,0.1177780032157898,151,EU,France,FR,Nouvelle-Aquitaine,FR-NAQ,NAQ,Angouleme,0,,,,,,,,0,2009-03-14T19:31:27+00:00
43555,FR-0215,heliport,"Centre Hospitalier Heliport",45.89555740356445,6.131667137145996,1591,EU,France,FR,Auvergne-Rhône-Alpes,FR-ARA,ARA,Annecy,0,,,,,,,,0,2009-03-14T19:32:50+00:00
43554,FR-0214,heliport,"Centre Hospitalier Heliport",45.241668701171875,4.665832996368408,1364,EU,France,FR,Auvergne-Rhône-Alpes,FR-ARA,ARA,Annonay,0,,,,,,,,0,2009-03-14T19:32:48+00:00
43539,FR-0199,heliport,"Port Vauban Heliport",43.588212,7.132348,22,EU,France,FR,Provence-Alpes-Côte-d'Azur,FR-PAC,PAC,"Antibes, Alpes-Maritimes",0,,,,,,,,0,2024-10-30T21:04:44+00:00
322108,FR-0350,seaplane_base,"Juan-les-Pins Ultralight Seaplane Base",43.565548,7.102469,,EU,France,FR,Provence-Alpes-Côte-d'Azur,FR-PAC,PAC,"Antibes, Alpes-Maritimes",0,,,,LF0651,,,"Base Hydro-ULM Juan Les Pins",0,2024-10-30T21:05:36+00:00
43480,FR-0140,heliport,"Centre Hospitalier Heliport",48.746665954589844,-0.017777999863028526,596,EU,France,FR,Normandy,FR-NOR,NOR,Argentan,0,,,,,,,,0,2009-03-14T19:29:58+00:00
600460,FR-1315,heliport,"ARLEUX EN GOHELLE DZ",50.363586,2.873869,,EU,France,FR,Hauts-de-France,FR-HDF,HDF,"Arleux en Gohelle",0,,,,,,,,0,2025-09-12T16:48:57+00:00
553619,FR-1214,closed,"Aron-les-Ecottays Ultralight Airfield",48.28317,-0.5163,433,EU,France,FR,Pays-de-la-Loire,FR-PDL,PDL,"Aron, Mayenne",0,,,,,,,"Base ULM Aron les Ecottays",0,2024-10-22T11:34:33+00:00
557528,FR-1225,heliport,Arques,50.734363,2.3329,,EU,France,FR,Hauts-de-France,FR-HDF,HDF,Arques,0,,,,,,,,0,2024-11-11T14:03:28+00:00
529319,FR-1136,heliport,"Arras Hospital Heliport",50.296951,2.760074,254,EU,France,FR,Hauts-de-France,FR-HDF,HDF,Arras,0,,,,,,,"Arras Centre Hospitalier Heliport",0,2024-06-16T20:04:18+00:00
598730,FR-1287,heliport,"ARTRES DZ",50.294767,3.542619,,EU,France,FR,Hauts-de-France,FR-HDF,HDF,Artres,0,,,,,,,,0,2025-07-03T15:31:38+00:00
516454,FR-0557,closed,"Laon-Athies Air Base",49.59637,3.70885,299,EU,France,FR,Hauts-de-France,FR-HDF,HDF,"Athies-sous-Laon, Aisne",0,,,,,,,,0,2024-07-01T16:20:50+00:00
43545,FR-0205,heliport,"Zi Les Paluds Heliport",43.286667,5.603889,379,EU,France,FR,Provence-Alpes-Côte-d'Azur,FR-PAC,PAC,Aubagne,0,,,JAH,,,,,0,2026-01-29T01:31:28+00:00
43549,FR-0209,heliport,"Centre Hospitalier Heliport",44.614166259765625,4.397500038146973,731,EU,France,FR,Auvergne-Rhône-Alpes,FR-ARA,ARA,Aubenas,0,,,,,,,,0,2009-03-14T19:32:36+00:00
326075,FR-0364,closed,"Aerodrome de Aubiet",43.6332139,0.7639122,,EU,France,FR,Occitanie,FR-OCC,OCC,Aubiet,0,,,,,,,,0,2018-01-07T04:24:23+00:00
43456,FR-0116,heliport,"Centre Hospitalier Heliport",43.63138961791992,0.5733330249786377,597,EU,France,FR,Occitanie,FR-OCC,OCC,Auch,0,,,,,,,,0,2009-03-14T19:29:06+00:00
600605,FR-1318,heliport,"AUCHEL DZ",50.502373,2.468448,,EU,France,FR,Hauts-de-France,FR-HDF,HDF,Auchel,0,,,,,,,,0,2025-09-20T17:18:53+00:00
43423,FR-0083,heliport,"Robert Ballanger Intercommunal Hospital Heliport",48.95461,2.521094,190,EU,France,FR,Île-de-France,FR-IDF,IDF,"Aulnay-sous-Bois, Seine-Saint-Denis",0,,,,,,,"Centre Hospitalier Intercommunal Robert Ballanger Heliport",0,2024-06-22T13:09:54+00:00
534496,FR-1170,closed,"Authie Airfield",50.1315,2.49267,,EU,France,FR,Hauts-de-France,FR-HDF,HDF,"Authie, Somme",0,,,,,,,,0,2024-06-22T12:20:21+00:00
43374,FR-0034,heliport,"Auxerre Hospital Heliport",47.804155,3.557979,528,EU,France,FR,Bourgogne-Franche-Comté,FR-BFC,BFC,"Auxerre, Yonne",0,,,,,,,"Centre Hospitalier d’Auxerre",0,2024-06-22T16:23:24+00:00
552334,FR-1184,closed,"Moulins Avermes Airfield",46.592637,3.318354,728,EU,France,FR,Auvergne-Rhône-Alpes,FR-ARA,ARA,Avermes,0,,,,,,,LFHB,0,2024-10-15T16:41:17+00:00
43526,FR-0186,heliport,"Avignon Hospital Heliport",43.92026,4.798974,69,EU,France,FR,Provence-Alpes-Côte-d'Azur,FR-PAC,PAC,"Avignon, Vaucluse",0,,,,,,,,0,2024-10-28T10:43:13+00:00
43475,FR-0135,heliport,"Avranches Heliport",48.69471,-1.351002,36,EU,France,FR,Normandy,FR-NOR,NOR,Avranches,0,,,,,,,,0,2023-11-21T08:57:16+00:00
332571,FR-0391,closed,"Aérodrome d'Aynac ULM",44.796911,1.836498,,EU,France,FR,Occitanie,FR-OCC,OCC,Aynac,0,,,,,https://www.giteduquie.fr/,,"Gite, Quié",0,2021-09-26T05:32:37+00:00
43455,FR-0115,heliport,"Prechac Heliport",42.999939,-0.079361,2087,EU,France,FR,Occitanie,FR-OCC,OCC,Ayros,0,,,,,,,,0,2024-05-14T11:53:20+00:00
528493,FR-0594,heliport,"Bagnols-sur-Cèze Hospital Heliport",44.158397,4.615848,285,EU,France,FR,Occitanie,FR-OCC,OCC,"Bagnols-sur-Cèze, Gard",0,,,,,,,,0,2024-10-28T10:54:52+00:00
541545,FR-1178,closed,"Aérodrome de Baugé",47.567241,-0.070216,,EU,France,FR,Pays-de-la-Loire,FR-PDL,PDL,Baugé,0,,,,,https://www.forgottenairfields.com/airfield-bauge-1178.html,,LF4926,0,2024-08-12T04:23:45+00:00
43351,FR-0011,heliport,"Bayonne Centre Hospitalier De La Côte Basque Heliport",43.482515,-1.479968,150,EU,France,FR,Nouvelle-Aquitaine,FR-NAQ,NAQ,Bayonne,0,,,,,,,,0,2024-05-14T12:21:12+00:00
308840,FR-0316,heliport,"Simone Veil Beauvais Hospital Heliport",49.449339,2.068497,301,EU,France,FR,Hauts-de-France,FR-HDF,HDF,Beauvais,0,,,,,,,,0,2023-12-02T14:42:32+00:00
557521,FR-1218,heliport,Beauvois-en-Cis,50.143102,3.377545,,EU,France,FR,Hauts-de-France,FR-HDF,HDF,Beauvois-en-Cis,0,,,,,,,,0,2024-11-11T13:48:57+00:00
43465,FR-0125,heliport,"Centre Hospitalier Heliport",50.418331146240234,1.5641670227050781,42,EU,France,FR,Hauts-de-France,FR-HDF,HDF,Berck-Sur-Mer,0,,,,,,,,0,2009-03-14T19:29:25+00:00
557526,FR-1223,heliport,Bergues,50.957906,2.438713,,EU,France,FR,Hauts-de-France,FR-HDF,HDF,Bergues,0,,,,,,,,0,2024-11-11T13:58:32+00:00
43418,FR-0078,heliport,"Hôpital Jean Minjoz Heliport",47.225833892822266,5.96416711807251,934,EU,France,FR,Bourgogne-Franche-Comté,FR-BFC,BFC,Besancon,0,,,,,,,,0,2009-03-14T19:27:43+00:00
598002,FR-1283,heliport,"Béthune DZ",50.552843,2.633543,,EU,France,FR,Hauts-de-France,FR-HDF,HDF,Béthune,0,,,,,,,,0,2025-06-02T17:16:33+00:00
533638,FR-1168,heliport,"Anne d'Artois Clinic Heliport",50.54057,2.63071,79,EU,France,FR,Hauts-de-France,FR-HDF,HDF,"Béthune, Pas-de-Calais",0,,,,,,,,0,2024-06-22T12:24:27+00:00
515767,FR-0556,heliport,"Béthune Beuvry Hospital Heliport",50.51436,2.67143,82,EU,France,FR,Hauts-de-France,FR-HDF,HDF,"Beuvry, Pas-de-Calais",0,,,,,,,,0,2024-06-22T12:24:45+00:00
557516,FR-1169,heliport,Beuvry,50.463781,3.26678,,EU,France,FR,Hauts-de-France,FR-HDF,HDF,Beuvry-la-forêt,0,,,,,,,,0,2024-11-11T13:43:09+00:00
43435,FR-0095,heliport,"Hôpital Montimaran Heliport",43.34138870239258,3.255000114440918,176,EU,France,FR,Occitanie,FR-OCC,OCC,Beziers,0,,,,,,,,0,2009-03-14T19:28:19+00:00
528615,FR-0617,seaplane_base,"Latécoère Seaplane base",44.353889,-1.167222,59,EU,France,FR,Nouvelle-Aquitaine,FR-NAQ,NAQ,Biscarrosse,0,LFHB,,,,,,LF4052,0,2024-10-15T18:17:55+00:00
43358,FR-0018,heliport,"Centre Hospitalier Saint Nicolas De Blay Heliport",45.135780334472656,-0.6595829725265503,81,EU,France,FR,Nouvelle-Aquitaine,FR-NAQ,NAQ,Blaye,0,,,,,,,,0,2009-03-14T19:25:37+00:00
43398,FR-0058,heliport,"Centre Hospitalier Heliport",47.60472106933594,1.3424999713897705,355,EU,France,FR,"Centre-Val de Loire",FR-CVL,CVL,Blois,0,,,,,,,,0,2009-03-14T19:26:59+00:00
43472,FR-0132,heliport,"Bois-Bernard Private Hospital Heliport",50.375331,2.909626,203,EU,France,FR,Hauts-de-France,FR-HDF,HDF,"Bois-Bernard, Pas-de-Calais",0,,,,,,,,0,2024-06-22T12:25:31+00:00
331105,FR-0388,closed,"ZTN Air ULM",49.0139,0.03611,,EU,France,FR,Normandy,FR-NOR,NOR,Boissey,0,,,,,,,"LF1457, LF1457",0,2019-05-01T05:16:51+00:00
43364,FR-0024,heliport,"Pellegrin Centre Hospitalier Heliport",44.82749938964844,-0.6044440269470215,344,EU,France,FR,Nouvelle-Aquitaine,FR-NAQ,NAQ,Bordeaux,0,,,,,,,,0,2009-03-14T19:25:49+00:00
43367,FR-0027,heliport,"Robert Piqué Hôpital Militaire Heliport",44.79999923706055,-0.574167013168335,62,EU,France,FR,Nouvelle-Aquitaine,FR-NAQ,NAQ,Bordeaux,0,,,,,,,,0,2009-03-14T19:25:55+00:00
333778,FR-0397,closed,"Boucali Airbase",43.567021,-1.494055,33,EU,France,FR,Nouvelle-Aquitaine,FR-NAQ,NAQ,Boucau,0,,,,,,,,0,2020-04-05T18:04:48+00:00
43464,FR-0124,heliport,"Boulogne-sur-Mer Hospital Heliport",50.722951,1.62887,279,EU,France,FR,Hauts-de-France,FR-HDF,HDF,"Boulogne-sur-Mer, Pas-de-Calais",0,,,,,,,,0,2025-02-04T11:41:23+00:00
553402,FR-1204,heliport,"Bourbourg DZ",50.942759,2.188768,,EU,France,FR,Hauts-de-France,FR-HDF,HDF,Bourbourg,0,,,,,,,,0,2024-10-21T09:36:20+00:00
529311,FR-1131,heliport,"Bourg Saint-Maurice Centre Hospitalier Heliport",45.616111,6.764167,2838,EU,France,FR,Auvergne-Rhône-Alpes,FR-ARA,ARA,"Bourg Saint-Maurice",0,,,,,,,,0,2024-05-14T09:26:36+00:00
43444,FR-0104,heliport,"Centre Hospitalier Heliport",45.95500183105469,1.7513890266418457,1476,EU,France,FR,Nouvelle-Aquitaine,FR-NAQ,NAQ,Bourganeuf,0,,,,,,,,0,2009-03-14T19:28:37+00:00
43399,FR-0059,heliport,"Centre Hospitalier Heliport",47.08416748046875,2.4352779388427734,445,EU,France,FR,"Centre-Val de Loire",FR-CVL,CVL,Bourges,0,,,,,,,,0,2009-03-14T19:27:01+00:00
529261,FR-1088,heliport,"Pierre Oudot Hospital Heliport",45.596009,5.244911,822,EU,France,FR,Auvergne-Rhône-Alpes,FR-ARA,ARA,"Bourgoin-Jallieu, Isère",0,,,,,,,,0,2024-08-01T13:05:13+00:00
553363,FR-1199,heliport,"Bray-Dunes DZ",51.088402,2.543957,,EU,France,FR,Hauts-de-France,FR-HDF,HDF,"Bray Dunes",0,,,,,,,,0,2024-10-21T06:46:04+00:00
43386,FR-0046,heliport,"Amirauté Heliport",48.38055419921875,-4.491666793823242,8,EU,France,FR,Brittany,FR-BRE,BRE,Brest,0,,,,,,,,0,2009-03-14T19:26:33+00:00
43393,FR-0053,heliport,"La Cavale Blanche Centre Hospitalier Heliport",48.40353012084961,-4.529566764831543,121,EU,France,FR,Brittany,FR-BRE,BRE,Brest,0,,,,,,,,0,2009-03-14T19:26:48+00:00
43528,FR-0188,heliport,"Centre Hospitalier Heliport",44.90638732910156,6.632778167724609,4372,EU,France,FR,Provence-Alpes-Côte-d'Azur,FR-PAC,PAC,Briancon,0,,,,,,,,0,2009-03-14T19:31:50+00:00
43533,FR-0193,heliport,"Hôpital Jean Marcel Heliport",43.40305709838867,6.066389083862305,753,EU,France,FR,Provence-Alpes-Côte-d'Azur,FR-PAC,PAC,Brignoles,0,,,,,,,,0,2009-03-14T19:32:00+00:00
598057,FR-1284,heliport,Brissay-Choigny,49.721622,3.380656,,EU,France,FR,Hauts-de-France,FR-HDF,HDF,Brissay-Choigny,0,,,,,,,,0,2025-06-05T17:26:25+00:00
43441,FR-0101,heliport,"Brive-La Gaillarde Centre Hospitalier Heliport",45.1702766418457,1.5341670513153076,522,EU,France,FR,Nouvelle-Aquitaine,FR-NAQ,NAQ,"Brive-La Gaillarde",0,,,,,,,,0,2009-03-14T19:28:31+00:00
529347,FR-1160,heliport,"Lyon Louis Pradel Hospital Heliport",45.74786,4.902534,818,EU,France,FR,Auvergne-Rhône-Alpes,FR-ARA,ARA,"Bron, Lyon",0,,,,,,,"Lyon Groupement Hospitalier Est Heliport",0,2024-08-01T12:52:07+00:00
534879,FR-1173,closed,"Buc Airfield",48.76694,2.1235,,EU,France,FR,Île-de-France,FR-IDF,IDF,Buc,0,,,,,,,,0,2024-06-25T13:48:10+00:00
600456,FR-1311,heliport,"BUSSU DZ",49.945669,2.967854,,EU,France,FR,Hauts-de-France,FR-HDF,HDF,Bussu,0,,,,,,,,0,2025-09-12T16:43:28+00:00
326251,FR-0368,closed,"Buzet sur Tarn Aerodrome",43.768147,1.60426,,EU,France,FR,Occitanie,FR-OCC,OCC,"Buzet sur Tarn",0,,,,,,,,0,2019-11-11T10:28:20+00:00
43476,FR-0136,heliport,"Caen Centre Hospitalier Heliport",49.203436,-0.35778,283,EU,France,FR,Normandy,FR-NOR,NOR,Caen,0,,,,,,,,0,2024-05-14T11:58:28+00:00
515365,FR-0550,heliport,"Calais Doctor Eric Techer Hospital Heliport",50.9413,1.8895,3,EU,France,FR,Hauts-de-France,FR-HDF,HDF,Calais,0,,,,,,,,0,2023-11-19T18:18:42+00:00
553405,FR-1206,heliport,"Calonne DZ",50.491788,2.496461,,EU,France,FR,Hauts-de-France,FR-HDF,HDF,Calonne-Ricouart,0,,,,,,,,0,2024-10-21T09:47:08+00:00
515750,FR-0552,heliport,"Cambrai Hospital Heliport",50.16539,3.22263,184,EU,France,FR,Hauts-de-France,FR-HDF,HDF,"Cambrai, Nord",0,,,,,,,,0,2024-06-22T12:27:24+00:00
43540,FR-0200,heliport,"Cannes Quai du Large Helistation",43.545101,7.016882,10,EU,France,FR,Provence-Alpes-Côte-d'Azur,FR-PAC,PAC,"Cannes, Alpes-Maritimes",0,LFTL,,,,,,,0,2024-10-30T14:46:33+00:00
529326,FR-1142,heliport,"Cannes Simone Veil Hospital Heliport",43.564232,7.005279,375,EU,France,FR,Provence-Alpes-Côte-d'Azur,FR-PAC,PAC,"Cannes, Alpes-Maritimes",0,,,,,,,"Cannes Broussailles Hospital Heliport",0,2024-10-30T14:45:58+00:00
553400,FR-1202,heliport,"Capelle DZ",50.994061,2.367929,,EU,France,FR,Hauts-de-France,FR-HDF,HDF,Capelle-la-Grande,0,,,,,,,,0,2024-10-21T09:32:25+00:00
43434,FR-0094,heliport,"Gayraud Centre Hospitalier Heliport",43.19111251831055,2.341110944747925,475,EU,France,FR,Occitanie,FR-OCC,OCC,Carcassonne,0,,,,,,,,0,2009-03-14T19:28:17+00:00
528491,FR-0592,heliport,"Carcassonne Montredon Centre Hospitalier Heliport",43.219722,2.394444,352,EU,France,FR,Occitanie,FR-OCC,OCC,Carcassonne,0,,,,,,,,0,2024-05-11T18:32:40+00:00
557518,FR-1201,heliport,Carnières,50.172315,3.350004,,EU,France,FR,Hauts-de-France,FR-HDF,HDF,Carnières,0,,,,,,,,0,2024-11-11T13:46:27+00:00
43525,FR-0185,heliport,"Carpentras Hospital Heliport",44.046709,5.025673,285,EU,France,FR,Provence-Alpes-Côte-d'Azur,FR-PAC,PAC,"Carpentras, Vaucluse",0,,,,,,,,0,2024-10-30T20:48:15+00:00
43457,FR-0117,heliport,"Centre Hospitalier Heliport",43.60388946533203,2.2391669750213623,642,EU,France,FR,Occitanie,FR-OCC,OCC,Castres,0,,,,,,,,0,2009-03-14T19:29:08+00:00
43433,FR-0093,heliport,"Centre Medical du Cap Peyrefite  Heliport",42.45888900756836,3.1600000858306885,50,EU,France,FR,Occitanie,FR-OCC,OCC,Cerbere,0,,,,,,,,0,2009-03-14T19:28:14+00:00
557525,FR-1222,heliport,Cerfontaine,50.258388,4.027283,,EU,France,FR,Hauts-de-France,FR-HDF,HDF,Cerfontaine,0,,,,,,,,0,2024-11-11T13:57:24+00:00
322152,FR-0354,balloonport,"Cérizols Balloonport",43.128889,1.069444,1312,EU,France,FR,Occitanie,FR-OCC,OCC,Cérizols,0,,,,LF0926,http://www.ballon-bleu-horizon.fr/,,,0,2018-02-16T10:36:29+00:00
322119,FR-0351,seaplane_base,"Rhône-Lavours Ultralight Seaplane Base",45.810876,5.78132,767,EU,France,FR,Auvergne-Rhône-Alpes,FR-ARA,ARA,"Ceyzérieu, Ain",0,,,,LF0158,,,"Base Hydro-ULM Rhône Lavours",0,2024-06-22T16:43:04+00:00
43580,FR-0240,heliport,"Relais Du Soleil Heliport",44.90972137451172,5.022500038146973,724,EU,France,FR,Auvergne-Rhône-Alpes,FR-ARA,ARA,Chabeuil,0,,,,,,,,0,2009-03-14T19:33:47+00:00
43504,FR-0164,heliport,"Challans Heliport",46.853729248046875,-1.8305690288543701,130,EU,France,FR,Pays-de-la-Loire,FR-PDL,PDL,Challans,0,,,,,,,,0,2009-03-14T19:30:50+00:00
43405,FR-0065,heliport,"Châlons-en-Champagne Hospital Heliport",48.973991,4.369338,304,EU,France,FR,"Grand Est",FR-GES,GES,Châlons-en-Champagne,0,,,,,,,,0,2023-11-16T01:47:11+00:00
43383,FR-0043,heliport,"Chalon Sur Saone Centre Hospitalier W. Morey Heliport",46.777401,4.841688,665,EU,France,FR,Bourgogne-Franche-Comté,FR-BFC,BFC,Chalons-Sur-Saone,0,,,,,,,,0,2024-05-14T10:38:42+00:00
43551,FR-0211,heliport,"Centre Hospitalier Heliport",45.56416702270508,5.913332939147949,1047,EU,France,FR,Auvergne-Rhône-Alpes,FR-ARA,ARA,Chambery,0,,,,,,,,0,2009-03-14T19:32:41+00:00
43579,FR-0239,heliport,"Refuge Du Requin Heliport",45.88472366333008,6.930555820465088,8255,EU,France,FR,Auvergne-Rhône-Alpes,FR-ARA,ARA,Chamonix,0,,,,,,,,0,2009-03-14T19:33:45+00:00
43558,FR-0218,heliport,"Mont Blanc Regional Hospital Heliport",45.914241,6.862941,3399,EU,France,FR,Auvergne-Rhône-Alpes,FR-ARA,ARA,"Chamonix-Mont-Blanc, Haute-Savoie",0,,,,,,,"Pays du Mont-Blanc",0,2024-08-07T09:34:51+00:00
43561,FR-0221,heliport,"Croix de Lognan Heliport",45.96775,6.94023,6368,EU,France,FR,Auvergne-Rhône-Alpes,FR-ARA,ARA,"Chamonix-Mont-Blanc, Haute-Savoie",0,,,,,,,,0,2024-08-07T09:50:25+00:00
43583,FR-0243,heliport,"Gendarmerie and Civil Security Helicopter Base",45.93893,6.895783,3532,EU,France,FR,Auvergne-Rhône-Alpes,FR-ARA,ARA,"Chamonix-Mont-Blanc, Haute-Savoie",0,,,,,,,,0,2024-08-07T09:46:55+00:00
43401,FR-0061,heliport,"Centre Hospitalier Heliport",48.41999816894531,1.504721999168396,488,EU,France,FR,"Centre-Val de Loire",FR-CVL,CVL,Chartres,0,,,,,,,,0,2009-03-14T19:27:05+00:00
528872,FR-0793,seaplane_base,"Lacs de Bonnal",47.517778,6.363889,816,EU,France,FR,Bourgogne-Franche-Comté,FR-BFC,BFC,"Chassey-lès-Montbozon, Haute-Saône",0,,,,LF7034,,,,0,2024-06-25T13:04:20+00:00
43394,FR-0054,heliport,"Mairie Heliport",48.20277786254883,-3.8205559253692627,495,EU,France,FR,Brittany,FR-BRE,BRE,"Chateauneuf Du Faou",0,,,,,,,,0,2009-03-14T19:26:50+00:00
43402,FR-0062,heliport,"Châteauroux Hospital Heliport",46.798219,1.697225,558,EU,France,FR,"Centre-Val de Loire",FR-CVL,CVL,Châteauroux,0,,,,,,,,0,2025-01-05T23:48:43+00:00
43521,FR-0181,heliport,"Centre Hospitalier Heliport",46.83416748046875,0.5555559992790222,275,EU,France,FR,Nouvelle-Aquitaine,FR-NAQ,NAQ,Chatellerault,0,,,,,,,,0,2009-03-14T19:31:29+00:00
43377,FR-0037,heliport,"Châtillon-sur-Seine Hospital Heliport",47.862186,4.558043,792,EU,France,FR,Bourgogne-Franche-Comté,FR-BFC,BFC,Châtillon-sur-Seine,0,,,,,,,,0,2024-06-21T10:43:19+00:00
43511,FR-0171,heliport,"Chauny Hospital Heliport",49.625405,3.236193,180,EU,France,FR,Hauts-de-France,FR-HDF,HDF,"Chauny, Aisne",0,,,,,,,,0,2024-06-22T12:40:37+00:00
514662,FR-0543,closed,"Chenevières-Saint-Clément Air Base",48.5276,6.63592,919,EU,France,FR,"Grand Est",FR-GES,GES,"Chenevières, Meurthe-et-Moselle",0,,,,,,,,0,2024-06-25T09:55:23+00:00
43474,FR-0134,heliport,"Arsenal-Premar Heliport",49.65388870239258,-1.6399999856948853,26,EU,France,FR,Normandy,FR-NOR,NOR,Cherbourg,0,,,,,,,,0,2009-03-14T19:29:44+00:00
43477,FR-0137,heliport,"Centre Hospitalier Heliport",49.63888931274414,-1.611111044883728,62,EU,France,FR,Normandy,FR-NOR,NOR,Cherbourg,0,,,,,,,,0,2009-03-14T19:29:51+00:00
43499,FR-0159,heliport,"Centre Hospitalier Cholet Heliport",47.04222106933594,-0.8958330154418945,351,EU,France,FR,Pays-de-la-Loire,FR-PDL,PDL,Cholet,0,,,,,,,,0,2009-03-14T19:30:39+00:00
43410,FR-0070,heliport,"Centre Vinicole Heliport",49.0217,3.98011,466,EU,France,FR,"Grand Est",FR-GES,GES,"Chouilly, Marne",0,,,,,,,,0,2024-06-22T21:35:53+00:00
557524,FR-1221,heliport,Clairmarais,50.768684,2.308395,,EU,France,FR,Hauts-de-France,FR-HDF,HDF,Clairmarais,0,,,,,,,,0,2024-11-11T13:55:06+00:00
43428,FR-0088,heliport,"Percy Army Training Hospital Heliport",48.814283,2.253921,333,EU,France,FR,Île-de-France,FR-IDF,IDF,"Clamart, Hauts-de-Seine",0,,,,,,,,0,2024-06-22T13:27:07+00:00
561348,FR-1228,heliport,"Clamecy Hospital Heliport",47.45426,3.51032,502,EU,France,FR,Bourgogne-Franche-Comté,FR-BFC,BFC,"Clamecy, Nièvre",0,,,,,,,,0,2024-12-01T11:08:25+00:00
43598,FR-0256,closed,"Altiport de la Croix Rosier",46.078056,4.547222,2461,EU,France,FR,Auvergne-Rhône-Alpes,FR-ARA,ARA,Claveisolles,0,,,,,,,"LF6921, LF6921",0,2021-09-14T06:25:58+00:00
43370,FR-0030,heliport,"Clermont-Ferrand University Gabriel-Monpied Hospital Heliport",45.756963,3.091822,1366,EU,France,FR,Auvergne-Rhône-Alpes,FR-ARA,ARA,"Clermont-Ferrand, Puy-de-Dôme",0,,,,,,,,0,2024-10-22T21:57:58+00:00
529325,FR-1141,heliport,"Clermont-Ferrand University Estaing Hospital Heliport",45.785605,3.10993,1203,EU,France,FR,Auvergne-Rhône-Alpes,FR-ARA,ARA,"Clermont-Ferrand, Puy-de-Dôme",0,,,,,,,,0,2024-10-22T21:57:38+00:00
43347,FR-0007,heliport,"Louis Pasteur Colmar Hospital Heliport",48.073861,7.338105,660,EU,France,FR,"Grand Est",FR-GES,GES,Colmar,0,,,,,,,,0,2023-11-02T12:11:41+00:00
43509,FR-0169,heliport,"Centre Hospitalier Heliport",49.38972091674805,2.79555606842041,108,EU,France,FR,Hauts-de-France,FR-HDF,HDF,Compiegne,0,,,,,,,,0,2009-03-14T19:31:01+00:00
43421,FR-0081,closed,"Gilles de Corbeil Hospital Heliport",48.595482,2.481174,255,EU,France,FR,Île-de-France,FR-IDF,IDF,"Corbeil-Essonnes, Essonne",0,,,,,,,,0,2024-06-22T16:36:57+00:00
308842,FR-0317,heliport,"South Île-de-France Hospital Heliport",48.620279,2.457238,256,EU,France,FR,Île-de-France,FR-IDF,IDF,"Corbeil-Essonnes, Essonne",0,,,,,,,"Centre Hospitalier Sud Francilien",0,2024-06-22T16:34:51+00:00
43546,FR-0206,heliport,"Centre de Secours de Courchevel Heliport",45.415000915527344,6.633056163787842,5799,EU,France,FR,Auvergne-Rhône-Alpes,FR-ARA,ARA,Courchevel,0,,,,,,,,0,2009-03-14T19:32:30+00:00
43478,FR-0138,heliport,"Centre Hospitalier Heliport",49.041236877441406,-1.44343900680542,128,EU,France,FR,Normandy,FR-NOR,NOR,Coutances,0,,,,,,,,0,2009-03-14T19:29:53+00:00
43513,FR-0173,heliport,"Centre Hospitalier Laënnec Heliport",49.247222900390625,2.4580559730529785,238,EU,France,FR,Hauts-de-France,FR-HDF,HDF,Creil,0,,,,,,,,0,2009-03-14T19:31:10+00:00
562074,FR-1229,closed,"Bazenville Air Base",49.30362,-0.5657,200,EU,France,FR,Normandy,FR-NOR,NOR,"Crépon, Calvados",0,,,,,,,,0,2024-12-04T14:06:13+00:00
43422,FR-0082,heliport,"Henri Mondor University Hospital Heliport",48.798751,2.453492,160,EU,France,FR,Île-de-France,FR-IDF,IDF,"Créteil, Val-de-Marne",0,,,,,,,,0,2024-06-22T14:10:50+00:00
572094,FR-1231,closed,"Lantheuil Airfield",49.27103,-0.53224,161,EU,France,FR,Normandy,FR-NOR,NOR,"Creully-sur-Seulles, Calvados",0,,,,,,,,0,2025-01-15T16:21:11+00:00
557530,FR-1227,heliport,Cuincy,50.370551,3.047124,,EU,France,FR,Hauts-de-France,FR-HDF,HDF,Cuincy,0,,,,,,,,0,2024-11-11T14:05:52+00:00
43565,FR-0225,heliport,"Grand Colombier Heliport",45.881504,5.757471,4716,EU,France,FR,Auvergne-Rhône-Alpes,FR-ARA,ARA,"Culoz-Béon, Ain",0,,,,,,,,0,2024-06-22T16:51:24+00:00
43350,FR-0010,heliport,"Castets Heliport",43.91666793823242,-1.1569440364837646,184,EU,France,FR,Nouvelle-Aquitaine,FR-NAQ,NAQ,Dax,0,,,,,,,,0,2009-03-14T19:25:22+00:00
43353,FR-0013,heliport,"Centre Hospitalier Heliport",43.712501525878906,-1.0402779579162598,31,EU,France,FR,Nouvelle-Aquitaine,FR-NAQ,NAQ,Dax,0,,,,,,,,0,2009-03-14T19:25:28+00:00
43361,FR-0021,closed,"Aérodrome de Herm",43.821646,-1.103475,253,EU,France,FR,Nouvelle-Aquitaine,FR-NAQ,NAQ,Dax,0,,,,,,,,0,2021-03-31T18:29:29+00:00
43365,FR-0025,heliport,"Pontonx Heliport",43.77777862548828,-0.9194440245628357,53,EU,France,FR,Nouvelle-Aquitaine,FR-NAQ,NAQ,Dax,0,,,,,,,,0,2009-03-14T19:25:51+00:00
43368,FR-0028,heliport,"Tinon Heliport",43.733333587646484,-1.1777780055999756,151,EU,France,FR,Nouvelle-Aquitaine,FR-NAQ,NAQ,Dax,0,,,,,,,,0,2009-03-14T19:25:57+00:00
43382,FR-0042,closed,"Dijon Regional Hospital Heliport",47.317223,5.026944,781,EU,France,FR,Bourgogne-Franche-Comté,FR-BFC,BFC,"Dijon, Côte-d'Or",0,,,,,,,,0,2024-06-22T17:13:49+00:00
529328,FR-1144,heliport,"Dijon Burgundy Hospital Heliport",47.321272,5.069048,975,EU,France,FR,Bourgogne-Franche-Comté,FR-BFC,BFC,"Dijon, Côte-d'Or",0,,,,,,,"Dijon Bourgogne Centre Hospitalier Heliport",0,2024-06-22T17:15:05+00:00
599906,FR-1307,heliport,"DIVION DZ",50.469726,2.517596,,EU,France,FR,Hauts-de-France,FR-HDF,HDF,Divion,0,,,,,,,,0,2025-08-18T10:32:03+00:00
43570,FR-0230,heliport,"Hôtel Du Château Heliport",46.358055114746094,6.132500171661377,1678,EU,France,FR,Auvergne-Rhône-Alpes,FR-ARA,ARA,Divonne,0,,,,,,,,0,2009-03-14T19:33:24+00:00
43416,FR-0076,heliport,"Louis Pasteur General Hospital Heliport",47.083218,5.472643,870,EU,France,FR,Bourgogne-Franche-Comté,FR-BFC,BFC,"Dole, Jura",0,,,,,,,,0,2024-06-22T17:06:28+00:00
43450,FR-0110,closed,"Dommartin-lès-Toul Hospital Heliport",48.670708,5.929311,755,EU,France,FR,"Grand Est",FR-GES,GES,"Dommartin-lès-Toul, Meurthe-et-Moselle",0,,,,,,,,0,2024-06-26T09:45:31+00:00
43484,FR-0144,heliport,"Donville-Les-Bains Heliport",48.8663330078125,-1.5757219791412354,33,EU,France,FR,Normandy,FR-NOR,NOR,Donville-Les-Bains,0,,,,,,,,0,2009-03-14T19:30:06+00:00
43473,FR-0133,heliport,"Renault Factory Douai Heliport",50.361621,3.036579,95,EU,France,FR,Hauts-de-France,FR-HDF,HDF,"Douai, Nord",0,,,,,,,,0,2024-06-22T12:26:11+00:00
515042,FR-0548,heliport,"Douai Hospital Heliport",50.3371,3.10133,141,EU,France,FR,Hauts-de-France,FR-HDF,HDF,"Douai, Nord",0,,,,,,,,0,2024-06-22T12:26:26+00:00
43512,FR-0172,heliport,"Doullens Hospital Heliport",50.152798,2.353052,236,EU,France,FR,Hauts-de-France,FR-HDF,HDF,"Doullens, Somme",0,,,,,,,"Centre Hospitalier de Doullens",0,2024-06-22T12:21:03+00:00
43400,FR-0060,heliport,"Victor Jousselin Hospital Heliport",48.727484,1.384667,451,EU,France,FR,"Centre-Val de Loire",FR-CVL,CVL,"Dreux, Yvelines",0,,,,,,,,0,2025-01-08T01:00:04+00:00
43466,FR-0126,heliport,"Dunkerque Hospital Heliport",51.037441,2.396763,55,EU,France,FR,Hauts-de-France,FR-HDF,HDF,Dunkerque,0,,,,,,,"Hélisurface du Centre Hospitalier de Dunkerque",0,2023-11-09T13:37:15+00:00
513854,FR-0532,heliport,"Dunkerque Harbor Heliport",51.052503,2.3472,3,EU,France,FR,Hauts-de-France,FR-HDF,HDF,Dunkerque,0,,,,,,,,0,2023-10-26T16:59:44+00:00
600459,FR-1314,heliport,"DURY DZ",50.245284,3.011777,,EU,France,FR,Hauts-de-France,FR-HDF,HDF,Dury,0,,,,,,,,0,2025-09-12T16:47:00+00:00
354052,FR-0498,heliport,"La Fullie",45.63665,6.13621,4573,EU,France,FR,Auvergne-Rhône-Alpes,FR-ARA,ARA,ECOLE,0,,,,,,,,0,2022-04-18T02:26:47+00:00
598784,FR-1289,heliport,"Embry DZ",50.497677,1.968613,,EU,France,FR,"Grand Est",FR-GES,GES,Embry,0,,,,,,,,0,2025-07-06T15:29:12+00:00
542776,FR-1180,heliport,"Enevelin DZ",50.540093,3.126588,,EU,France,FR,Hauts-de-France,FR-HDF,HDF,Enevelin,0,,,,,,,,0,2024-08-20T11:01:12+00:00
553407,FR-1208,heliport,"Carré du Helin",50.542945,3.15357,,EU,France,FR,Hauts-de-France,FR-HDF,HDF,Ennevelin,0,,,,,,,,0,2024-10-21T09:59:27+00:00
600457,FR-1312,heliport,"EPEHY DZ",50.006774,3.133206,,EU,France,FR,Hauts-de-France,FR-HDF,HDF,Epehy,0,,,,,,,,0,2025-09-12T16:44:51+00:00
557515,FR-1127,heliport,"Eperlecques DZ",50.807229,2.157151,,EU,France,FR,Hauts-de-France,FR-HDF,HDF,Eperlecques,0,,,,,,,,0,2024-11-11T13:41:45+00:00
600734,FR-1321,heliport,"Château de Champlâtreux",49.08615,2.408645,,EU,France,FR,Île-de-France,FR-IDF,IDF,Épinay-Champlâtreux,0,,,,,,,,0,2025-09-27T14:41:15+00:00
600606,FR-1319,heliport,"ESQUERCHIN DZ",50.373581,3.013494,,EU,France,FR,Hauts-de-France,FR-HDF,HDF,Esquerchin,0,,,,,,,,0,2025-09-20T17:19:56+00:00
598588,FR-1285,heliport,"Le canotier",50.25081,3.285288,,EU,France,FR,Hauts-de-France,FR-HDF,HDF,Estrun,0,,,,,,,,0,2025-06-28T16:01:20+00:00
529256,FR-1083,heliport,"Eure-Seine Hospital Heliport",49.031086,1.114179,390,EU,France,FR,Normandy,FR-NOR,NOR,Évreux,0,,,,,,,,0,2024-06-30T05:55:15+00:00
333900,FR-0407,closed,"Fabas Bordeneuve",43.109722,1.117222,1300,EU,France,FR,Occitanie,FR-OCC,OCC,Fabas,0,,,,,http://www.aero-hesbaye.be/vac/ULM/LF0952.pdf,,"LF0952, LF0952",0,2020-04-19T05:42:24+00:00
43572,FR-0232,heliport,"Château de Faverges Hotel Heliport",45.589919,5.53705,1271,EU,France,FR,Auvergne-Rhône-Alpes,FR-ARA,ARA,"Faverges-de-la-Tour, Isère",0,,,,,,,,0,2024-10-30T16:01:01+00:00
43494,FR-0154,heliport,"Centre Hospitalier Heliport",49.74305725097656,0.38555601239204407,318,EU,France,FR,Normandy,FR-NOR,NOR,Fecamp,0,,,,,,,,0,2009-03-14T19:30:28+00:00
43563,FR-0223,heliport,"Flaine-Ete Heliport",46.003334045410156,6.696667194366455,5299,EU,France,FR,Auvergne-Rhône-Alpes,FR-ARA,ARA,Flaine,0,,,,,,,,0,2009-03-14T19:33:08+00:00
43564,FR-0224,heliport,"Flaine-Hiver Heliport",46.00388717651367,6.690278053283691,5153,EU,France,FR,Auvergne-Rhône-Alpes,FR-ARA,ARA,Flaine,0,,,,,,,,0,2009-03-14T19:33:11+00:00
43485,FR-0145,heliport,"Flamanville Heliport",49.533355712890625,-1.8817059993743896,269,EU,France,FR,Normandy,FR-NOR,NOR,Flamanville,0,,,,,,,,0,2009-03-14T19:30:09+00:00
43482,FR-0142,heliport,"Jacques Monod Hospital Heliport",48.74947,-0.53896,167,EU,France,FR,Normandy,FR-NOR,NOR,Flers,0,,,,,,,,0,2023-11-21T08:58:07+00:00
43427,FR-0087,heliport,"Flins Heliport",48.97903,1.84782,82,EU,France,FR,Île-de-France,FR-IDF,IDF,"Flins-sur-Seine, Yvelines",0,,,,,,,,0,2024-06-22T14:21:52+00:00
354023,FR-0497,closed,"La Grosse Ferme Florimont ULM",47.551216,7.057021,1279,EU,France,FR,Bourgogne-Franche-Comté,FR-BFC,BFC,Florimont,0,,,,,,,"LF9021, Base ULM de La Grosse Ferme Florimont",0,2024-06-26T18:46:52+00:00
43458,FR-0118,heliport,"Centre Hospitalier Heliport",42.95277786254883,1.611111044883728,1476,EU,France,FR,Occitanie,FR-OCC,OCC,Foix,0,,,,,,,,0,2009-03-14T19:29:10+00:00
43460,FR-0120,heliport,"Centre Hospitalier Intercommunal du Val d'Ariege Heliport",43.02527618408203,1.6174999475479126,1151,EU,France,FR,Occitanie,FR-OCC,OCC,Foix,0,,,,,,,,0,2009-03-14T19:29:14+00:00
43634,FR-0292,closed,"La Toussuire Altisurface",45.272221,6.266667,5413,EU,France,FR,Auvergne-Rhône-Alpes,FR-ARA,ARA,"Fontcouverte-la-Toussuire, Savoie",0,,,,,,,,0,2025-01-29T13:46:49+00:00
43488,FR-0148,heliport,"Casino Heliport",49.599998474121094,1.5333329439163208,492,EU,France,FR,Normandy,FR-NOR,NOR,"Forges Les Eaux",0,,,,,,,,0,2009-03-14T19:30:15+00:00
340428,FR-0461,heliport,"Glénan Heliport",47.723504,-4.003029,,EU,France,FR,Brittany,FR-BRE,BRE,Fouesnant,0,,,,,,,,0,2021-01-29T09:43:04+00:00
513853,FR-0531,heliport,"Fourmies Hospital Heliport",50.010003,4.060527,659,EU,France,FR,Hauts-de-France,FR-HDF,HDF,Fourmies,0,,,,,,,,0,2023-10-26T16:57:18+00:00
43529,FR-0189,heliport,"Fréjus Saint Raphael Intercommunal Hospital Heliport",43.439746,6.751536,69,EU,France,FR,Provence-Alpes-Côte-d'Azur,FR-PAC,PAC,"Fréjus, Var",0,,,,,,,"Bonnet Hospital Heliport",0,2024-10-30T14:29:45+00:00
332511,FR-0362,closed,"Fresnoy-le-Grand  Ultralight Airfield",49.947375,3.393068,,EU,France,FR,Hauts-de-France,FR-HDF,HDF,"Fresnoy-le-Grand, Aisne",0,,,,,,,"Base ULM de Fresnoy le Grand",0,2024-07-01T16:12:27+00:00
599118,FR-1294,heliport,"Frevillers DZ",50.397624,2.523787,,EU,France,FR,Hauts-de-France,FR-HDF,HDF,Frevillers,0,,,,,,,,0,2025-07-20T06:45:47+00:00
553412,FR-1211,heliport,"Fublaines DZ",48.930133,2.945409,,EU,France,FR,Hauts-de-France,FR-HDF,HDF,"Fublaines DZ",0,,,,,,,,0,2024-10-21T10:11:43+00:00
43532,FR-0192,heliport,"Gap Hospital Heliport",44.557004,6.073474,2490,EU,France,FR,Provence-Alpes-Côte-d'Azur,FR-PAC,PAC,"Gap, Hautes-Alpes",0,,,,,,,,0,2024-10-30T14:18:38+00:00
43429,FR-0089,heliport,"Raymond Poincaré Hospital Heliport",48.83933,2.170367,446,EU,France,FR,Île-de-France,FR-IDF,IDF,"Garches, Hauts-de-Seine",0,,,,,,,"Hôpital Raymond Poincaré",0,2024-06-22T14:12:29+00:00
553355,FR-1193,heliport,"Genech DZ",50.540579,3.201115,,EU,France,FR,Hauts-de-France,FR-HDF,HDF,Genech,0,,,,,,,,0,2024-10-21T06:33:35+00:00
553413,FR-1212,heliport,"Ghyvelde DZ",51.032097,2.49615,,EU,France,FR,Hauts-de-France,FR-HDF,HDF,Ghyvelde,0,,,,,,,,0,2024-10-21T10:13:49+00:00
528838,FR-0760,seaplane_base,"Lac du Der Seaplane Base",48.566667,4.73,436,EU,France,FR,"Grand Est",FR-GES,GES,Giffaumont-Champaubert,0,,,,LF5154,,,,0,2024-06-21T12:01:18+00:00
542778,FR-1181,heliport,"Givry DZ",48.944791,4.888917,,EU,France,FR,Hauts-de-France,FR-HDF,HDF,Givry-en-Argonne,0,,,,,,,,0,2024-08-20T11:04:45+00:00
340431,FR-0464,heliport,"Chausey Heliport",48.870166,-1.822713,,EU,France,FR,Normandy,FR-NOR,NOR,Granville,0,,,,,,,,0,2021-01-29T09:48:50+00:00
515455,FR-0551,heliport,"Avranches Granville Hospital Heliport",48.82685,-1.5695,171,EU,France,FR,Normandy,FR-NOR,NOR,Granville,0,,,,,,,,0,2023-11-21T08:54:37+00:00
43530,FR-0190,heliport,"Grasse Hospital Heliport",43.619629,6.928874,552,EU,France,FR,Provence-Alpes-Côte-d'Azur,FR-PAC,PAC,"Grasse, Alpes-Maritimes",0,,,,,,,Clavary,0,2024-10-30T14:57:38+00:00
43568,FR-0228,heliport,"Grenoble North University Hospital Heliport",45.200199,5.744192,716,EU,France,FR,Auvergne-Rhône-Alpes,FR-ARA,ARA,"Grenoble, Isère",0,,,,,,,"CHU Nord de Grenoble Albert Michallon",0,2025-01-29T14:05:43+00:00
43541,FR-0201,heliport,"Héli Sécurité Saint-Tropez Heliport",43.267798,6.551998,21,EU,France,FR,Provence-Alpes-Côte-d'Azur,FR-PAC,PAC,"Grimaud, Var",0,,,,,,,"SARL RCE",0,2024-10-30T14:26:31+00:00
320621,FR-0346,closed,"Grostenquin Air Base",49.020535,6.718655,820,EU,France,FR,"Grand Est",FR-GES,GES,Grostenquin,0,,,,,,https://en.wikipedia.org/wiki/RCAF_Station_Grostenquin,"Base aérienne Grostenquin, RCAF Station Grostenquin",0,2023-11-08T10:40:36+00:00
599905,FR-1306,heliport,"GUEMPS DZ",50.913235,2.002634,,EU,France,FR,Hauts-de-France,FR-HDF,HDF,Guemps,0,,,,,,,,0,2025-08-18T10:31:03+00:00
599319,FR-1303,heliport,"GUEUTTEVILLE DZ",49.843715,0.752564,,EU,France,FR,Hauts-de-France,FR-HDF,HDF,"Gueutteville les grès",0,,,,,,,,0,2025-07-27T07:56:31+00:00
599320,FR-1304,heliport,"GUEUTTEVILLE DZ 2",49.844387,0.758754,,EU,France,FR,Hauts-de-France,FR-HDF,HDF,"Gueutteville les grès",0,,,,,,,,0,2025-07-27T07:57:41+00:00
43430,FR-0090,heliport,"Les Sangliers Heliport",48.78354,2.071123,518,EU,France,FR,Île-de-France,FR-IDF,IDF,"Guyancourt, Yvelines",0,,,,,,,,0,2024-06-22T14:14:08+00:00
43343,FR-0003,heliport,"Haguenau Hospital Heliport",48.797797,7.776888,530,EU,France,FR,"Grand Est",FR-GES,GES,Haguenau,0,,,,,,,"Helisurface de Centre Hospitalier de Haguenau",0,2023-11-08T11:51:50+00:00
600610,FR-1320,heliport,"HASNON DZ",50.425498,3.382201,,EU,France,FR,Hauts-de-France,FR-HDF,HDF,Hasnon,0,,,,,,,,0,2025-09-21T07:38:05+00:00
557529,FR-1226,heliport,Hazebrouck,50.72021,2.550491,,EU,France,FR,Hauts-de-France,FR-HDF,HDF,Hazebrouck,0,,,,,,,,0,2024-11-11T14:04:32+00:00
515064,FR-0549,heliport,"Hazebrouck Hospital Heliport",50.72921,2.53835,112,EU,France,FR,Hauts-de-France,FR-HDF,HDF,"Hazebrouck, Nord",0,,,,,,,,0,2024-06-22T12:23:23+00:00
43468,FR-0128,heliport,"Saint-Omer Regional Hospital Heliport",50.70344,2.254976,276,EU,France,FR,Hauts-de-France,FR-HDF,HDF,"Helfaut, Pas-de-Calais",0,,,,,,,"Hélisurface du Centre Hospitalier Région de Saint-Omer",0,2024-06-22T12:22:47+00:00
600458,FR-1313,heliport,"HERMIES DZ",50.111881,3.047333,,EU,France,FR,Hauts-de-France,FR-HDF,HDF,Hermies,0,,,,,,,,0,2025-09-12T16:45:57+00:00
515753,FR-0555,heliport,"Brisset Hospital Heliport",49.92565,4.0722,571,EU,France,FR,Hauts-de-France,FR-HDF,HDF,Hirson,0,,,,,,,,0,2023-11-24T20:40:23+00:00
600462,FR-1317,heliport,"HOMBLEUX DZ",49.73864,2.971909,,EU,France,FR,Hauts-de-France,FR-HDF,HDF,Hombleux,0,,,,,,,,0,2025-09-12T16:55:25+00:00
43487,FR-0147,heliport,"La Ferme Saint Siméon Heliport",49.424686431884766,0.22359499335289001,102,EU,France,FR,Normandy,FR-NOR,NOR,Honfleur,0,,,,,,,,0,2009-03-14T19:30:13+00:00
553401,FR-1203,heliport,"Carrière de Houlle DZ",50.781927,2.135983,,EU,France,FR,Hauts-de-France,FR-HDF,HDF,Houlle,0,,,,,,,,0,2024-10-21T09:34:34+00:00
43531,FR-0191,heliport,"Hyères Hospital Heliport",43.118728,6.111932,88,EU,France,FR,Provence-Alpes-Côte-d'Azur,FR-PAC,PAC,"Hyères, Var",0,,,,,,,,0,2024-10-30T09:36:19+00:00
326130,FR-0365,heliport,"Cavallo Helistrip",41.368431,9.264111,,EU,France,FR,Corsica,FR-COR,COR,"Ile Cavallo",0,,,,,,,,0,2018-01-13T10:48:23+00:00
595924,FR-1279,heliport,"Base ULM Île de Ré",46.229429,-1.419833,20,EU,France,FR,Nouvelle-Aquitaine,FR-NAQ,NAQ,"Île de Ré",0,,,,DZIDR,,,,0,2025-04-25T18:01:37+00:00
340429,FR-0462,heliport,"Île-de-Sein Heliport",48.035473,-4.854028,,EU,France,FR,Brittany,FR-BRE,BRE,Île-de-Sein,0,,,,,,,,0,2021-01-29T09:46:35+00:00
340430,FR-0463,heliport,"Île-Molène Heliport",48.399964,-4.959996,,EU,France,FR,Brittany,FR-BRE,BRE,Île-Molène,0,,,,,,,,0,2021-01-29T09:46:13+00:00
43346,FR-0006,heliport,"Graffenstaden Hospital Heliport",48.537178,7.721645,515,EU,France,FR,"Grand Est",FR-GES,GES,Illkirch-Graffenstaden,0,,,,,,,,0,2023-10-26T16:03:02+00:00
43344,FR-0004,heliport,"Ingwiller Hospital Heliport",48.872538,7.486496,659,EU,France,FR,"Grand Est",FR-GES,GES,"Ingwiller, Bas-Rhin",0,,,,,,,,0,2024-06-25T10:10:18+00:00
43542,FR-0202,heliport,"Societe Europeenne de Propulsion Heliport",43.543888092041016,4.951943874359131,72,EU,France,FR,Provence-Alpes-Côte-d'Azur,FR-PAC,PAC,Istres,0,,,,,,,,0,2009-03-14T19:32:21+00:00
43483,FR-0143,heliport,"Crossma Heliport",49.685123443603516,-1.9099539518356323,482,EU,France,FR,Normandy,FR-NOR,NOR,Jobourg,0,,,,,,,,0,2009-03-14T19:30:04+00:00
43385,FR-0045,heliport,"Le Port Heliport",47.981175,3.386718,254,EU,France,FR,Bourgogne-Franche-Comté,FR-BFC,BFC,"Joigny, Yonne",0,,,,,,,,0,2024-06-22T16:15:25+00:00
529269,FR-1095,heliport,"Grand Hôpital de l'Est Francilien - Marne-la-Vallée Central Hospital Heliport",48.848641,2.769879,412,EU,France,FR,Île-de-France,FR-IDF,IDF,"Jossigny, Seine-et-Marne",0,,,,,,,"Grand Hôpital de l'Est Francilien - Site de Marne-la-Vallée Heliport",0,2024-06-22T13:07:13+00:00
595807,FR-1278,closed,"Jumel Ultralight Airfield",49.757233,2.302594,413,EU,France,FR,Hauts-de-France,FR-HDF,HDF,Jumel,0,,,,,,,LF8022,0,2025-03-26T23:09:08+00:00
43507,FR-0167,heliport,"Camas Heliport",49.732176,3.214097,220,EU,France,FR,Hauts-de-France,FR-HDF,HDF,"Jussy, Aisne",0,,,,,,,,0,2024-06-22T12:39:56+00:00
43481,FR-0141,heliport,"L'Aigle Hospital Heliport",48.766875,0.6101,764,EU,France,FR,Normandy,FR-NOR,NOR,"L'Aigle, Orne",0,,,,,,,,0,2024-10-22T13:35:19+00:00
322201,FR-0359,seaplane_base,"Base Hydro-ULM de La Ciotat",43.173717,5.641389,1,EU,France,FR,Provence-Alpes-Côte-d'Azur,FR-PAC,PAC,"La Ciotat",0,,,,LF1353,,,,0,2024-05-15T10:41:26+00:00
43627,FR-0285,closed,"La Clusaz Altisurface",45.874129,6.42535,4954,EU,France,FR,Auvergne-Rhône-Alpes,FR-ARA,ARA,"La Clusaz",0,,,,,,,"Altisurface de La Clusaz",0,2023-12-19T16:17:31+00:00
43609,FR-0267,closed,"Crete De Brouffiers Altiport",45.34111,5.886111,7251,EU,France,FR,Auvergne-Rhône-Alpes,FR-ARA,ARA,"La Morte Alpe de Serre",0,,,,,,,,0,2019-01-21T07:03:25+00:00
329815,FR-0378,closed,"Clipperton Island Landing Strip",10.313828,-109.230497,11,EU,France,FR,(unassigned),FR-U-A,U-A,"La Passion–Clipperton",0,,,,,,https://en.wikipedia.org/wiki/Clipperton_Island,,0,2023-10-31T23:33:32+00:00
43518,FR-0178,heliport,"Centre Hospitalier Heliport",46.159000396728516,-1.142591953277588,49,EU,France,FR,Nouvelle-Aquitaine,FR-NAQ,NAQ,"La Rochelle",0,,,,,,,,0,2009-03-14T19:31:22+00:00
43363,FR-0023,heliport,"Le Huga Heliport",45.00694274902344,-1.164721965789795,52,EU,France,FR,Nouvelle-Aquitaine,FR-NAQ,NAQ,Lacanau,0,,,,,,,,0,2009-03-14T19:25:47+00:00
553354,FR-1192,heliport,"Landas DZ",50.472208,3.299696,,EU,France,FR,Hauts-de-France,FR-HDF,HDF,Landas,0,,,,,,,,0,2024-10-21T06:32:09+00:00
542782,FR-1182,heliport,"Langres DZ",47.855322,5.34615,,EU,France,FR,"Grand Est",FR-GES,GES,Langres,0,,,,,,,,0,2024-08-20T11:11:33+00:00
43389,FR-0049,heliport,"Centre Hospitalier Heliport",48.7227783203125,-3.465277910232544,92,EU,France,FR,Brittany,FR-BRE,BRE,Lannion,0,,,,,,,,0,2009-03-14T19:26:39+00:00
529274,FR-1100,heliport,"Laon Hospital SAMU 15 Heliport",49.550248,3.596891,233,EU,France,FR,Hauts-de-France,FR-HDF,HDF,"Laon, Aisne",0,,,,,,,,0,2024-07-01T16:19:34+00:00
535664,FR-1177,heliport,"Laon Hospital Heliport",49.563347,3.611825,610,EU,France,FR,Hauts-de-France,FR-HDF,HDF,"Laon, Aisne",0,,,,,,,,0,2024-07-01T16:15:20+00:00
43503,FR-0163,heliport,"Centre Hospitalier Heliport",48.06666564941406,-0.7833330035209656,279,EU,France,FR,Pays-de-la-Loire,FR-PDL,PDL,Laval,0,,,,,,,,0,2009-03-14T19:30:48+00:00
43380,FR-0040,heliport,"Centre Hospitalier Hotel Dieu Heliport",46.80500030517578,4.448888778686523,1180,EU,France,FR,Bourgogne-Franche-Comté,FR-BFC,BFC,"Le Creusot",0,,,,,,,,0,2009-03-14T19:26:21+00:00
43496,FR-0156,heliport,"Hopital Jacques Monod Heliport",49.524723052978516,0.18472200632095337,40,EU,France,FR,Normandy,FR-NOR,NOR,"Le Havre",0,,,,,,,,0,2009-03-14T19:30:32+00:00
308845,FR-0318,heliport,"Bicêtre Hospital Heliport",48.809506,2.35622,269,EU,France,FR,Île-de-France,FR-IDF,IDF,"Le Kremlin-Bicêtre, Val-de-Marne",0,,,,,,,,0,2024-06-22T13:19:38+00:00
340427,FR-0460,heliport,"Le Palais Rescue Center Heliport",47.341907,-3.173543,,EU,France,FR,Brittany,FR-BRE,BRE,"Le Palais",0,,,,,,,"Héliport du Centre de Secours Le Palais",0,2021-01-29T09:39:34+00:00
429767,FR-0505,heliport,"Le Plantis Heliport",48.602347,0.391484,600,EU,France,FR,Normandy,FR-NOR,NOR,"Le Plantis",0,,,,LF6154,,,,0,2022-09-11T13:06:56+00:00
529322,FR-1138,heliport,"Le Plessis-Robinson Marie Lannelongue Hospital Heliport",48.784722,2.274167,382,EU,France,FR,Île-de-France,FR-IDF,IDF,"Le Plessis-Robinson, Hauts-de-Seine",0,,,,,,,,0,2024-06-22T13:20:50+00:00
557519,FR-1217,heliport,"Le Pommereuil",50.116302,3.599584,,EU,France,FR,Hauts-de-France,FR-HDF,HDF,"Le Pommereuil",0,,,,,,,,0,2024-11-11T13:47:33+00:00
43581,FR-0241,heliport,"Remontées Mécaniques Heliport",46.14860916137695,6.581943988800049,4933,EU,France,FR,Auvergne-Rhône-Alpes,FR-ARA,ARA,"Le Praz De Lys",0,,,,,,,,0,2009-03-14T19:33:49+00:00
515751,FR-0553,heliport,"Le Quesnoy Fire Station Heliport",50.25227,3.62458,384,EU,France,FR,Hauts-de-France,FR-HDF,HDF,"Le Quesnoy",0,,,,,,,,0,2023-11-24T20:36:24+00:00
342646,FR-0476,closed,"Ancien Aérodrome de Soustons",43.80543,-1.25603,,EU,France,FR,Nouvelle-Aquitaine,FR-NAQ,NAQ,Léon,0,,,,,,,,0,2021-04-04T07:41:16+00:00
599907,FR-1308,heliport,"LES ATTAQUES DZ",50.901368,1.961381,,EU,France,FR,Hauts-de-France,FR-HDF,HDF,"Les attaques",0,,,,,,,,0,2025-08-18T10:32:58+00:00
43602,FR-0260,closed,"Col de la Fenêtre Altiport",45.35498,6.488339,7251,EU,France,FR,Auvergne-Rhône-Alpes,FR-ARA,ARA,"Les Belleville, Savoie",0,,,,,,,,0,2025-01-29T13:56:18+00:00
529346,FR-1159,heliport,"Val Thorens Heliport",45.296292,6.565578,6907,EU,France,FR,Auvergne-Rhône-Alpes,FR-ARA,ARA,"Les Belleville, Savoie",0,,,,,,,,0,2024-10-30T15:49:40+00:00
43575,FR-0235,heliport,"Les Deux Alpes Heliport",45.024847,6.12114,5190,EU,France,FR,Auvergne-Rhône-Alpes,FR-ARA,ARA,"Les Deux Alpes, Isère",0,,,,,,,,0,2024-10-30T20:53:29+00:00
43359,FR-0019,heliport,"Clinique Du Medoc Heliport",45.30278778076172,-0.9378859996795654,30,EU,France,FR,Nouvelle-Aquitaine,FR-NAQ,NAQ,Lesparre,0,,,,,,,,0,2009-03-14T19:25:39+00:00
575675,FR-1235,heliport,"Lesquin SNCF DZ",50.567295,3.140152,,EU,France,FR,Hauts-de-France,FR-HDF,HDF,Lesquin,0,,,,,,,,0,2025-02-03T18:44:50+00:00
528799,FR-0735,closed,"Ligny Airfield",47.705556,1.778333,371,EU,France,FR,"Centre-Val de Loire",FR-CVL,CVL,"Ligny-le-Ribault, Loiret",0,,,,,,,LF4524,0,2024-08-07T10:49:18+00:00
43469,FR-0129,heliport,"Lille University Hospital Heliport",50.604229,3.035074,89,EU,France,FR,Hauts-de-France,FR-HDF,HDF,"Lille, Nord",0,,,,,,,,0,2025-02-04T05:02:29+00:00
43443,FR-0103,heliport,"Centre Hospitalier Heliport",45.81388854980469,1.2377779483795166,899,EU,France,FR,Nouvelle-Aquitaine,FR-NAQ,NAQ,Limoges,0,,,,,,,,0,2009-03-14T19:28:35+00:00
553358,FR-1196,heliport,"Limont DZ",50.208198,3.930348,,EU,France,FR,Hauts-de-France,FR-HDF,HDF,Limont,0,,,,,,,,0,2024-10-21T06:40:41+00:00
43411,FR-0071,closed,"Hôtel Florotel Heliport",48.725897,3.834196,341,EU,France,FR,"Grand Est",FR-GES,GES,"Linthes, Marne",0,,,,,,,,0,2024-06-22T21:27:59+00:00
347605,FR-0486,closed,"Lac Fourchu Airfield",45.058056,5.933056,,EU,France,FR,Auvergne-Rhône-Alpes,FR-ARA,ARA,Livet-et-Gavet,0,,,,,,,LF3827,0,2023-10-31T23:29:47+00:00
599028,FR-1293,heliport,"LONGUEUIL SAINTE MARIE DZ",49.34388,2.716616,,EU,France,FR,Hauts-de-France,FR-HDF,HDF,Longueuil-sainte-marie,0,,,,,,,,0,2025-07-16T11:18:09+00:00
43452,FR-0112,heliport,"Mont Saint Martin Hospital Heliport",49.531286,5.785929,875,EU,France,FR,"Grand Est",FR-GES,GES,"Longwy. Meurthe-et-Moselle",0,,,,,,,,0,2024-10-24T15:07:42+00:00
43415,FR-0075,heliport,"Lons-le-Saunier Hospital Heliport",46.677314,5.548193,896,EU,France,FR,Bourgogne-Franche-Comté,FR-BFC,BFC,"Lons-le-Saunier, Jura",0,,,,,,,"Centre Hospitalier de Lons le Saunier Heliport",0,2024-06-25T13:33:27+00:00
43387,FR-0047,heliport,"Scorff Hospital Heliport",47.753644,-3.356066,79,EU,France,FR,Brittany,FR-BRE,BRE,Lorient,0,,,,,,,"Bretagne Sud Centre Hospital Heliport",0,2022-10-13T16:11:11+00:00
43567,FR-0227,heliport,"Lyon Edouard Herriot Hospital Heliport",45.743884,4.883003,658,EU,France,FR,Auvergne-Rhône-Alpes,FR-ARA,ARA,Lyon,0,,,,,,,"Lyon Hôpital Edouard-Herriot Heliport",0,2024-08-01T12:50:47+00:00
529245,FR-1072,heliport,"Lyon La Sauvegarde Hospital Heliport",45.788931,4.786801,906,EU,France,FR,Auvergne-Rhône-Alpes,FR-ARA,ARA,Lyon,0,,,,,,,,0,2024-10-30T15:52:19+00:00
606630,FR-1327,heliport,"DZ Machézal",45.922722,4.305139,,EU,France,FR,Auvergne-Rhône-Alpes,FR-ARA,ARA,Machézal,0,,,,,,,,0,2026-04-01T19:58:48+00:00
43375,FR-0035,heliport,"Mâcon Hospital Heliport",46.31445,4.8123,727,EU,France,FR,Bourgogne-Franche-Comté,FR-BFC,BFC,"Mâcon, Saône-et-Loire",0,,,,,,,,0,2024-10-28T11:44:04+00:00
43576,FR-0236,heliport,"Magland Heliport",45.983333587646484,6.716667175292969,7546,EU,France,FR,Auvergne-Rhône-Alpes,FR-ARA,ARA,Magland,0,,,,,,,,0,2009-03-14T19:33:38+00:00
43384,FR-0044,heliport,"Circuit Automobile de Nevers Magny-Cours Heliport",46.856388092041016,3.1541669368743896,751,EU,France,FR,Bourgogne-Franche-Comté,FR-BFC,BFC,"Magny Cours",0,,,,,,,,0,2009-03-14T19:26:29+00:00
534878,FR-1172,closed,"Mérantais Airfield",48.7541,2.06785,,EU,France,FR,Île-de-France,FR-IDF,IDF,"Magny-les-Hameaux, Yvelines",0,,,,,,,,0,2024-06-25T13:47:15+00:00
529263,FR-1090,heliport,"Louis Raffalli Manosque Hospital Heliport",43.828121,5.806012,1081,EU,France,FR,Provence-Alpes-Côte-d'Azur,FR-PAC,PAC,"Manosque, Alpes-de-Haute-Provence",0,,,,,,,,0,2024-10-30T10:34:57+00:00
43419,FR-0079,heliport,"François Quesnay Hospital Heliport",48.999036,1.674934,92,EU,France,FR,Île-de-France,FR-IDF,IDF,"Mantes-la-Jolie, Yvelines",0,,,,,,,"Centre Hospitalier François Quesnay",0,2024-06-22T14:27:52+00:00
43366,FR-0026,heliport,"Relais De Margaux Heliport",45.052955627441406,-0.6622499823570251,7,EU,France,FR,Nouvelle-Aquitaine,FR-NAQ,NAQ,Margaux,0,,,,,,,,0,2009-03-14T19:25:53+00:00
43522,FR-0182,seaplane_base,"Berre/Marignane Seaplane Base",43.444635,5.209672,,EU,France,FR,Provence-Alpes-Côte-d'Azur,FR-PAC,PAC,"Marignane, Bouches-du-Rhône",0,LFTB,,,,,,,0,2024-08-01T14:02:57+00:00
553397,FR-1200,heliport,"Maroilles DZ",50.130483,3.759277,,EU,France,FR,Hauts-de-France,FR-HDF,HDF,Maroilles,0,,,,,,,,0,2024-10-21T09:30:37+00:00
43535,FR-0195,heliport,"Marseille Hôpital La Timone Heliport",43.289846,5.402436,205,EU,France,FR,Provence-Alpes-Côte-d'Azur,FR-PAC,PAC,Marseille,0,,,,,,,,0,2024-05-14T12:19:45+00:00
322260,FR-0361,seaplane_base,"Marseille Hydro",43.29909,5.347612,1,EU,France,FR,Provence-Alpes-Côte-d'Azur,FR-PAC,PAC,Marseille,0,,,,LF1355,,,,0,2017-02-26T09:15:02+00:00
43538,FR-0198,heliport,"Nord Heliport",43.38055419921875,5.364999771118164,613,EU,France,FR,Provence-Alpes-Côte-d'Azur,FR-PAC,PAC,Marseille-Hôpital,0,,,,,,,,0,2009-03-14T19:32:11+00:00
43524,FR-0184,heliport,"Martigues Rescue Center Heliport",43.422592,5.048081,136,EU,France,FR,Provence-Alpes-Côte-d'Azur,FR-PAC,PAC,"Martigues, Bouches-du-Rhône",0,,,,,,,"Centre de Secours Martigues Heliport",0,2024-08-01T14:01:00+00:00
322200,FR-0358,seaplane_base,"Henri Fabre Seaplane Base",43.422315,5.065586,1,EU,France,FR,Provence-Alpes-Côte-d'Azur,FR-PAC,PAC,"Martigues, Bouches-du-Rhône",0,,,,LF1321,,,"Base Hydro-ULM ""Henri Fabre""",0,2025-03-07T09:01:42+00:00
529348,FR-1161,heliport,"Martigues Hospital Heliport",43.413047,5.038967,178,EU,France,FR,Provence-Alpes-Côte-d'Azur,FR-PAC,PAC,"Martigues, Bouches-du-Rhône",0,,,,,,,,0,2024-08-01T14:01:36+00:00
535300,FR-1176,heliport,"Maubeuge Hospital Helipad",50.28033,3.98849,610,EU,France,FR,Hauts-de-France,FR-HDF,HDF,"Maubeuge, Nord",0,,,,,https://www.ch-maubeuge.fr/,,"Centre Hospitalier de Maubeuge, CH Maubeuge",0,2024-06-28T18:46:48+00:00
529268,FR-1094,heliport,"Melun Hospital Heliport",48.557644,2.641718,338,EU,France,FR,Île-de-France,FR-IDF,IDF,"Melun, Seine-et-Marne",0,,,,,,,"Melun Centre Hospitalier Heliport",0,2024-06-22T16:31:47+00:00
553349,FR-1188,heliport,"Merckeghem DZ",50.864112,2.29919,,EU,France,FR,Hauts-de-France,FR-HDF,HDF,Merckeghem,0,,,,,,,,0,2024-10-21T06:23:41+00:00
553410,FR-1209,heliport,"Mesnil DZ",49.777841,2.918844,,EU,France,FR,Hauts-de-France,FR-HDF,HDF,Mesnil-saint-nicaise,0,,,,,,,,0,2024-10-21T10:04:57+00:00
43454,FR-0114,heliport,"Metz-Thionville Mercy Hospital Heliport",49.083662,6.241522,722,EU,France,FR,"Grand Est",FR-GES,GES,Metz,0,,,,,,,,0,2023-10-26T16:07:55+00:00
329036,FR-0373,closed,"Meyrargues Ultralight Airfield",43.652732,5.525225,643,EU,France,FR,Provence-Alpes-Côte-d'Azur,FR-PAC,PAC,"Meyrargues, Bouches-du-Rhône",0,,,,,,,"Base ULM de Meyrargues",0,2024-10-30T10:39:25+00:00
600178,FR-1309,heliport,"MONDICOURT DZ",50.175507,2.455605,,EU,France,FR,Hauts-de-France,FR-HDF,HDF,MONDICOURT,0,,,,,,,,0,2025-08-31T08:14:53+00:00
43354,FR-0014,heliport,"Centre Hospitalier Heliport",43.893333435058594,-0.48611098527908325,197,EU,France,FR,Nouvelle-Aquitaine,FR-NAQ,NAQ,"Mont De Marsan",0,,,,,,,,0,2009-03-14T19:25:30+00:00
43381,FR-0041,heliport,"Centre Hospitalier J. Bouveri Heliport",46.650001525878906,4.333889007568359,957,EU,France,FR,Bourgogne-Franche-Comté,FR-BFC,BFC,"Montceau Les Mines",0,,,,,,,,0,2009-03-14T19:26:23+00:00
529315,FR-1133,heliport,"Montluçon Hospital Heliport",46.341521,2.60927,802,EU,France,FR,Auvergne-Rhône-Alpes,FR-ARA,ARA,"Montluçon, Allier",0,,,,,,,,0,2024-10-24T16:00:51+00:00
43436,FR-0096,heliport,"Le Corum Heliport",43.613609313964844,3.8822219371795654,176,EU,France,FR,Occitanie,FR-OCC,OCC,Montpellier,0,,,,,,,,0,2009-03-14T19:28:21+00:00
43437,FR-0097,heliport,"Montpellier CHU Heliport",43.630001,3.849722,150,EU,France,FR,Occitanie,FR-OCC,OCC,Montpellier,0,,,,,,,,0,2025-02-18T09:32:11+00:00
322120,FR-0352,seaplane_base,"Base Hydro-ULM de Montrevel-en-Bresse",46.34499,5.142219,620,EU,France,FR,Auvergne-Rhône-Alpes,FR-ARA,ARA,Montrevel-en-Bresse,0,,,,LF0159,,,,0,2024-05-15T10:35:13+00:00
553361,FR-1197,heliport,"La motte au bois DZ",50.680401,2.5699,,EU,France,FR,Hauts-de-France,FR-HDF,HDF,Morbecque,0,,,,,,,,0,2024-10-21T06:42:38+00:00
43369,FR-0029,heliport,"Centre Hospitalier Heliport",46.56666564941406,3.3333330154418945,686,EU,France,FR,Auvergne-Rhône-Alpes,FR-ARA,ARA,Moulins,0,,,,,,,,0,2009-03-14T19:25:59+00:00
43556,FR-0216,heliport,"Centre Hospitalier Heliport",45.483612060546875,6.535555839538574,1621,EU,France,FR,Auvergne-Rhône-Alpes,FR-ARA,ARA,Moutiers,0,,,,,,,,0,2009-03-14T19:32:52+00:00
43341,FR-0001,heliport,"Emile Muller Hospital Heliport",47.725328,7.344995,1081,EU,France,FR,"Grand Est",FR-GES,GES,Mulhouse,0,,,,,,,"Centre Hospitalier De Moenchsberg Heliport",0,2023-11-04T23:36:39+00:00
43453,FR-0113,heliport,"Nancy University Regional Hospital Heliport",48.685323,6.192464,749,EU,France,FR,"Grand Est",FR-GES,GES,"Nancy, Meurthe-et-Moselle",0,,,,,,,,0,2024-06-26T10:07:47+00:00
43506,FR-0166,heliport,"Quai Moncousu Heliport",47.20897674560547,-1.5534069538116455,77,EU,France,FR,Pays-de-la-Loire,FR-PDL,PDL,Nantes,0,,,,,,,,0,2009-03-14T19:30:54+00:00
43439,FR-0099,heliport,"Narbonne St Crescent Centre Hospitalier Heliport",43.172791,2.994568,30,EU,France,FR,Occitanie,FR-OCC,OCC,Narbonne,0,,,,,,,,0,2024-05-14T12:01:47+00:00
43376,FR-0036,heliport,"Centre Hospitalier Heliport",46.981388092041016,3.1222219467163086,736,EU,France,FR,Bourgogne-Franche-Comté,FR-BFC,BFC,Nevers,0,,,,,,,,0,2009-03-14T19:26:13+00:00
43536,FR-0196,heliport,"Hôpital Lenval Heliport",43.68944549560547,7.241666793823242,115,EU,France,FR,Provence-Alpes-Côte-d'Azur,FR-PAC,PAC,Nice,0,,,,,,,,0,2009-03-14T19:32:07+00:00
43534,FR-0194,heliport,"L'Archet Hospital Heliport",43.697408,7.22613,608,EU,France,FR,Provence-Alpes-Côte-d'Azur,FR-PAC,PAC,"Nice, Alpes-Maritimes",0,,,,,,,,0,2024-10-30T15:00:21+00:00
43519,FR-0179,heliport,"Centre Hospitalier Heliport",46.31611251831055,-0.45833298563957214,108,EU,France,FR,Nouvelle-Aquitaine,FR-NAQ,NAQ,Niort,0,,,,,,,,0,2009-03-14T19:31:25+00:00
347603,FR-0484,closed,"Nossage Le Priora Airfield",44.307329,5.750168,2331,EU,France,FR,Provence-Alpes-Côte-d'Azur,FR-PAC,PAC,Nossage-et-Bénévent,0,,,,,,,"LF0521, Altisurface Nossage",0,2025-01-10T23:18:37+00:00
43560,FR-0220,heliport,"Clinique Pneumologique des rieux Heliport",44.358055114746094,5.149722099304199,1035,EU,France,FR,Auvergne-Rhône-Alpes,FR-ARA,ARA,Nyons,0,,,,,,,,0,2009-03-14T19:33:01+00:00
43357,FR-0017,heliport,"Centre Hospitalier Heliport",43.19633865356445,-0.6160079836845398,758,EU,France,FR,Nouvelle-Aquitaine,FR-NAQ,NAQ,"Oloron Sainte Marie",0,,,,,,,,0,2009-03-14T19:25:35+00:00
529329,FR-1145,heliport,"Orange Louis Giorgi Hospital Heliport",44.147983,4.821855,155,EU,France,FR,Provence-Alpes-Côte-d'Azur,FR-PAC,PAC,"Orange, Vaucluse",0,,,,,,,,0,2024-10-30T16:05:28+00:00
43403,FR-0063,heliport,"Orléans Regional Hospital La Source Heliport",47.835355,1.919623,355,EU,France,FR,"Centre-Val de Loire",FR-CVL,CVL,"Orléans, Loiret",0,,,,,,,,0,2024-08-07T10:45:52+00:00
553356,FR-1194,heliport,"Orry DZ",49.129267,2.522103,,EU,France,FR,Hauts-de-France,FR-HDF,HDF,Orry-la-Ville,0,,,,,,,,0,2024-10-21T06:35:14+00:00
529260,FR-1087,heliport,"Lyon South Hospital Heliport",45.702617,4.807411,753,EU,France,FR,Auvergne-Rhône-Alpes,FR-ARA,ARA,"Oullins-Pierre-Bénite, Lyon",0,,,,,,,"Lyon Centre Hospitalier Sud Heliport",0,2024-08-01T12:50:00+00:00
43490,FR-0150,heliport,"Centrale Nucléaire Heliport",49.85359191894531,0.6312599778175354,305,EU,France,FR,Normandy,FR-NOR,NOR,Paluel,0,,,,,,,,0,2009-03-14T19:30:20+00:00
43378,FR-0038,heliport,"Paray-le-Monial Hospital Heliport",46.46502,4.10967,824,EU,France,FR,Bourgogne-Franche-Comté,FR-BFC,BFC,"Paray-le-Monial, Saône-et-Loire",0,,,,,,,,0,2024-12-04T15:41:49+00:00
43424,FR-0084,heliport,"La Pitié Salpétrière Hospital Heliport",48.837142,2.361358,255,EU,France,FR,Île-de-France,FR-IDF,IDF,Paris,0,,,,,,,"Centre Hospitalier La Pitié Salpétrière Heliport, 5th arrondissement",0,2024-06-22T13:18:24+00:00
43425,FR-0085,heliport,"Lariboisière Hospital Heliport",48.88262,2.354472,262,EU,France,FR,Île-de-France,FR-IDF,IDF,Paris,0,,,,,,,"Centre Hospitalier Lariboisière Heliport, 10th arrondissement",0,2024-06-22T13:17:16+00:00
43356,FR-0016,heliport,"Pau Centre Hospitalier Heliport",43.328056,-0.350833,709,EU,France,FR,Nouvelle-Aquitaine,FR-NAQ,NAQ,Pau,0,,,,,,,,0,2024-05-14T10:28:39+00:00
43491,FR-0151,heliport,"Centrale Nucléaire Heliport",49.97222137451172,1.2138890027999878,322,EU,France,FR,Normandy,FR-NOR,NOR,Penly,0,,,,,,,,0,2009-03-14T19:30:22+00:00
43355,FR-0015,heliport,"Centre Hospitalier Heliport",45.19175338745117,0.7315620183944702,502,EU,France,FR,Nouvelle-Aquitaine,FR-NAQ,NAQ,Perigueux,0,,,,,,,,0,2009-03-14T19:25:32+00:00
557527,FR-1224,heliport,Péronne,49.924545,2.937523,,EU,France,FR,Hauts-de-France,FR-HDF,HDF,Péronne,0,,,,,,,,0,2024-11-11T14:01:00+00:00
308847,FR-0319,heliport,"Hôtel La Coquillade Heliport",43.880125,5.319045,818,EU,France,FR,Provence-Alpes-Côte-d'Azur,FR-PAC,PAC,Perrotet,0,,,,,,,,0,2013-06-11T23:52:43+00:00
553348,FR-1187,heliport,"Peuplingues DZ",50.912558,1.764625,,EU,France,FR,Hauts-de-France,FR-HDF,HDF,Peuplingues,0,,,,,,,,0,2024-10-21T06:20:56+00:00
598884,FR-1290,heliport,"(Duplicate)HMP DZ",50.912623,1.764706,,EU,France,FR,Hauts-de-France,FR-HDF,HDF,Peuplingues,0,,,,,,,,0,2025-07-11T15:30:45+00:00
553362,FR-1198,heliport,"Pitgam DZ",50.925917,2.329702,,EU,France,FR,Hauts-de-France,FR-HDF,HDF,Pitgam,0,,,,,,,,0,2024-10-21T06:44:17+00:00
430487,FR-0508,heliport,"Ter Clinic Heliport",47.73604,-3.39855,,EU,France,FR,Brittany,FR-BRE,BRE,Ploemeur,0,,,,,,,,0,2022-10-13T16:11:04+00:00
43420,FR-0080,heliport,"Poissy Hospital Heliport",48.917589,2.022976,233,EU,France,FR,Île-de-France,FR-IDF,IDF,"Poissy, Yvelines",0,,,,,,,,0,2024-06-22T14:22:45+00:00
43515,FR-0175,heliport,"Centre Hospitalier De Poitiers Heliport",46.56055450439453,0.38277798891067505,400,EU,France,FR,Nouvelle-Aquitaine,FR-NAQ,NAQ,Poitiers,0,,,,,,,,0,2009-03-14T19:31:14+00:00
43417,FR-0077,heliport,"Pontarlier Hospital Heliport",46.900693,6.359739,2766,EU,France,FR,Bourgogne-Franche-Comté,FR-BFC,BFC,"Pontarlier, Doubs",0,,,,,,,,0,2024-06-25T13:21:40+00:00
43426,FR-0086,heliport,"René Dubos Hospital Heliport",49.066825,2.096429,266,EU,France,FR,Île-de-France,FR-IDF,IDF,"Pontoise, Val-d'Oise",0,,,,,,,"Centre Hospitalier René Dubos Heliport",0,2024-06-22T14:23:30+00:00
43505,FR-0165,heliport,"Ile D'Yeu Port Joinville Heliport",46.72833,-2.350677,10,EU,France,FR,Pays-de-la-Loire,FR-PDL,PDL,"Port Joinville (Ile D'Yeu)",1,,,,,,,,0,2024-04-10T17:31:43+00:00
335586,FR-0422,heliport,Helisudcorse,41.5799,9.27696,,EU,France,FR,Corsica,FR-COR,COR,"Porto Vecchio",0,,,,,,,,0,2020-08-22T05:49:25+00:00
557522,FR-1219,heliport,Preures,50.562195,1.879692,,EU,France,FR,Hauts-de-France,FR-HDF,HDF,Preures,0,,,,,,,,0,2024-11-11T13:51:01+00:00
43392,FR-0052,heliport,"Cornouailles Heliport",47.98527526855469,-4.096109867095947,177,EU,France,FR,Brittany,FR-BRE,BRE,Quimper,0,,,,,,,,0,2009-03-14T19:26:46+00:00
599247,FR-1302,heliport,"Raismes DZ",50.410159,3.458333,,EU,France,FR,Hauts-de-France,FR-HDF,HDF,Raismes,0,,,,,,,,0,2025-07-23T07:59:56+00:00
347477,FR-0482,heliport,"Villa Salmanazar Helipad",43.20087,6.6593,331,EU,France,FR,Provence-Alpes-Côte-d'Azur,FR-PAC,PAC,Ramatuelle,0,,,,,,,,0,2021-09-03T16:37:08+00:00
333744,FR-0396,heliport,"Centre Hospitalier de Rambouillet",48.651925,1.826976,,EU,France,FR,Île-de-France,FR-IDF,IDF,Rambouillet,0,,,,,,,,0,2020-04-02T05:37:40+00:00
43467,FR-0127,heliport,"Centre Hospitalier Heliport",50.41444396972656,1.6630560159683228,152,EU,France,FR,Hauts-de-France,FR-HDF,HDF,"Rang Du Fliers",0,,,,,,,,0,2009-03-14T19:29:29+00:00
43409,FR-0069,heliport,"Robert Debré Reims University Hospital Heliport",49.22578,4.018508,339,EU,France,FR,"Grand Est",FR-GES,GES,"Reims, Marne",0,,,,,,,"Hélisurface Centre Hospitalier Universitaire de Reims, Hôpital universitaire Robert-Debré",0,2024-06-26T11:31:51+00:00
43413,FR-0073,closed,"Laboratoires Boehringer Heliport",49.27516,4.011615,253,EU,France,FR,"Grand Est",FR-GES,GES,"Reims, Marne",0,,,,,,,,0,2024-06-26T11:34:32+00:00
43395,FR-0055,heliport,"Pont Chaillou Heliport",48.12305450439453,-1.6961109638214111,148,EU,France,FR,Brittany,FR-BRE,BRE,Rennes,0,,,,,,,,0,2009-03-14T19:26:52+00:00
43462,FR-0122,heliport,"Renneville Heliport",43.3738899230957,1.7255560159683228,623,EU,France,FR,Occitanie,FR-OCC,OCC,Renneville,0,,,,,,,,0,2009-03-14T19:29:18+00:00
599704,FR-1305,heliport,"RENTY DZ",50.593726,2.080611,,EU,France,FR,Hauts-de-France,FR-HDF,HDF,Renty,0,,,,,,,,0,2025-08-10T17:23:58+00:00
320249,FR-0343,closed,"Rocroi RCAF Air Base",49.914941,4.426403,1178,EU,France,FR,"Grand Est",FR-GES,GES,Rocroi,0,,,,,,,,0,2023-11-04T09:18:02+00:00
43459,FR-0119,heliport,"Centre Hospitalier Heliport",44.358890533447266,2.5519440174102783,1951,EU,France,FR,Occitanie,FR-OCC,OCC,"Rodez Bourran",0,,,,,,,,0,2009-03-14T19:29:12+00:00
553414,FR-1213,heliport,"Rollancourt DZ",50.403752,2.120029,,EU,France,FR,Hauts-de-France,FR-HDF,HDF,Rollancourt,0,,,,,,,,0,2024-10-21T10:15:38+00:00
43548,FR-0208,heliport,"Centre Hospitalier Heliport",45.04194259643555,5.021944046020508,526,EU,France,FR,Auvergne-Rhône-Alpes,FR-ARA,ARA,Romans,0,,,,,,,,0,2009-03-14T19:32:34+00:00
43397,FR-0057,heliport,"Centre Hospitalier Heliport",47.360557556152344,1.731943964958191,293,EU,France,FR,"Centre-Val de Loire",FR-CVL,CVL,Romorantin,0,,,,,,,,0,2009-03-14T19:26:56+00:00
340400,FR-0457,heliport,"Casa del Mare Helipad",43.760464,7.460265,,EU,France,FR,Provence-Alpes-Côte-d'Azur,FR-PAC,PAC,Roquebrune-Cap-Martin,0,,,,,,,,0,2021-01-28T16:03:34+00:00
340401,FR-0458,heliport,"Avenue Impératrice Eugénie Heliport",43.755492,7.469818,,EU,France,FR,Provence-Alpes-Côte-d'Azur,FR-PAC,PAC,Roquebrune-Cap-Martin,0,,,,,,,,0,2021-01-28T16:11:20+00:00
340402,FR-0459,heliport,"Avenue Douine Heliport",43.750243,7.480216,,EU,France,FR,Provence-Alpes-Côte-d'Azur,FR-PAC,PAC,Roquebrune-Cap-Martin,0,,,,,,,,0,2021-01-28T16:11:53+00:00
575725,FR-1236,closed,"Roubaix Hospital Heliport",50.6785,3.17441,167,EU,France,FR,Hauts-de-France,FR-HDF,HDF,"Roubaix, Nord",0,,,,,,,,0,2025-02-04T05:01:16+00:00
43493,FR-0153,heliport,"Centre Hospitalier Heliport",49.44060134887695,1.111109972000122,145,EU,France,FR,Normandy,FR-NOR,NOR,Rouen,0,,,,,,,,0,2009-08-28T21:35:13+00:00
43495,FR-0155,heliport,"Grand Couronne Heliport",49.3502311706543,0.9805819988250732,16,EU,France,FR,Normandy,FR-NOR,NOR,Rouen,0,,,,,,,,0,2009-03-14T19:30:30+00:00
43517,FR-0177,heliport,"Centre Hospitalier Heliport",45.633331298828125,-1.0608329772949219,30,EU,France,FR,Nouvelle-Aquitaine,FR-NAQ,NAQ,Royan,0,,,,,,,,0,2009-03-14T19:31:19+00:00
600461,FR-1316,heliport,"ROYE DZ",49.698006,2.801428,,EU,France,FR,Hauts-de-France,FR-HDF,HDF,Roye,0,,,,,,,,0,2025-09-12T16:50:52+00:00
553347,FR-1186,heliport,"Rubrouck DZ",50.834314,2.354089,,EU,France,FR,Hauts-de-France,FR-HDF,HDF,Rubrouck,0,,,,,,,,0,2024-10-21T06:18:33+00:00
557517,FR-1183,heliport,Rumegies,50.499384,3.358437,,EU,France,FR,Hauts-de-France,FR-HDF,HDF,Rumegies,0,,,,,,,,0,2024-11-11T13:45:03+00:00
43553,FR-0213,heliport,"Centre Hospitalier Heliport",45.476112365722656,4.5155558586120605,1249,EU,France,FR,Auvergne-Rhône-Alpes,FR-ARA,ARA,"Saint Chamond",0,,,,,,,,0,2009-03-14T19:32:45+00:00
43606,FR-0264,closed,"Altiport de Col Saint Jean",44.413891,6.373056,6201,EU,France,FR,Provence-Alpes-Côte-d'Azur,FR-PAC,PAC,"Saint Jean",0,,,,,,,,0,2019-01-21T01:16:44+00:00
43559,FR-0219,heliport,"Château De Pézay Heliport",46.13694381713867,4.701666831970215,764,EU,France,FR,Auvergne-Rhône-Alpes,FR-ARA,ARA,"Saint Jean D'Ardieres",0,,,,,,,,0,2009-03-14T19:32:59+00:00
43448,FR-0108,heliport,"Chateau De Saint Maixant Heliport",45.99361038208008,2.2088890075683594,26,EU,France,FR,Nouvelle-Aquitaine,FR-NAQ,NAQ,"Saint Maixant",0,,,,,,,,0,2009-03-14T19:28:45+00:00
43451,FR-0111,heliport,"Saint-Avoid Hospital Heliport",49.112131,6.721771,854,EU,France,FR,"Grand Est",FR-GES,GES,Saint-Avold,0,,,,,,,,0,2023-11-08T10:38:30+00:00
43390,FR-0050,heliport,"Centre Hospitalier Heliport",48.4908332824707,-2.7511110305786133,354,EU,France,FR,Brittany,FR-BRE,BRE,Saint-Brieuc,0,,,,,,,,0,2009-03-14T19:26:41+00:00
326250,FR-0367,closed,"Ulmodrome des Landes",44.944215,1.646743,,EU,France,FR,Occitanie,FR-OCC,OCC,Saint-Denis-lès-Martel,0,,,,,,,,0,2019-11-11T10:22:59+00:00
43407,FR-0067,heliport,"Saint Dizier Hospital Heliport",48.654891,4.96497,528,EU,France,FR,"Grand Est",FR-GES,GES,Saint-Dizier,0,,,,,,,,0,2024-06-26T09:46:38+00:00
43566,FR-0226,heliport,"Hôpital Bellevue Heliport",45.4113883972168,4.391666889190674,1952,EU,France,FR,Auvergne-Rhône-Alpes,FR-ARA,ARA,Saint-Etienne,0,,,,,,,,0,2009-03-14T19:33:15+00:00
43577,FR-0237,heliport,"Malacussy Heliport",45.42416763305664,4.371388912200928,2148,EU,France,FR,Auvergne-Rhône-Alpes,FR-ARA,ARA,Saint-Etienne,0,,,,,,,,0,2009-03-14T19:33:40+00:00
43446,FR-0106,heliport,"Centre Médical Heliport",46.133331298828125,1.8833329677581787,1542,EU,France,FR,Nouvelle-Aquitaine,FR-NAQ,NAQ,Saint-Feyre,0,,,,,,,,0,2009-03-14T19:28:41+00:00
599006,FR-1291,heliport,"St FOLQUIN DZ",50.946302,2.126691,,EU,France,FR,Hauts-de-France,FR-HDF,HDF,Saint-Folquin,0,,,,,,,,0,2025-07-15T14:38:01+00:00
569970,FR-1230,closed,"Saint-Lambert Airfield",49.28359,-1.09836,,EU,France,FR,Normandy,FR-NOR,NOR,"Saint-Fromond, Manche",0,,,,,,,,0,2025-01-08T00:39:46+00:00
529247,FR-1074,heliport,"Vallée de la Maurienne Hospital Heliport",45.277715,6.34182,1983,EU,France,FR,Auvergne-Rhône-Alpes,FR-ARA,ARA,"Saint-Jean-de-Maurienne, Savoie",0,,,,,,,,0,2025-10-01T18:55:25+00:00
326393,FR-0369,closed,"Base Hydro-ULM La Salanque Latécoère",42.81667,3,,EU,France,FR,Occitanie,FR-OCC,OCC,Saint-Laurent-de-la-Salanque,0,,,,,,,LF6659,0,2024-05-15T10:45:04+00:00
43486,FR-0146,heliport,"Hôpital de Saint-Lo Heliport",49.10527801513672,-1.1061110496520996,131,EU,France,FR,Normandy,FR-NOR,NOR,Saint-Lo,0,,,,,,,,0,2009-03-14T19:30:11+00:00
43388,FR-0048,heliport,"Centre Hospitalier Heliport",48.63888931274414,-2.0083329677581787,26,EU,France,FR,Brittany,FR-BRE,BRE,Saint-Malo,0,,,,,,,,0,2009-03-14T19:26:37+00:00
43500,FR-0160,heliport,"Saint Nazaire Centre Hospitalier Heliport",47.267338,-2.256591,169,EU,France,FR,Pays-de-la-Loire,FR-PDL,PDL,Saint-Nazaire,0,,,,,,,,0,2024-05-14T10:32:19+00:00
43431,FR-0091,heliport,"Saint-Ouen-l'Aumône Heliport",49.057787,2.14487,135,EU,France,FR,Île-de-France,FR-IDF,IDF,"Saint-Ouen-l'Aumône, Val-d'Oise",0,,,,,,,,0,2024-06-22T14:24:50+00:00
43471,FR-0131,heliport,"Ternois Polyclinic Heliport",50.387774,2.335425,417,EU,France,FR,Hauts-de-France,FR-HDF,HDF,"Saint-Pol-sur-Ternoise, Pas-de-Calais",0,,,,,,,"Polyclinique du Ternois",0,2024-06-22T12:22:03+00:00
529327,FR-1143,heliport,"Saint-Quentin Hospital Heliport",49.860451,3.270984,380,EU,France,FR,Hauts-de-France,FR-HDF,HDF,"Saint-Quentin, Aisne",0,,,,,,,"Saint Quentin Centre Hospitalier Heliport",0,2024-06-22T12:35:32+00:00
326175,FR-0366,closed,"Saint-Tropez Ultralight Seaplane Base",43.272776,6.608889,,EU,France,FR,Provence-Alpes-Côte-d'Azur,FR-PAC,PAC,"Saint-Tropez, Var",0,,,,,,,LF8361,0,2024-10-30T14:38:34+00:00
43440,FR-0100,heliport,"Centre Hospitalier La Perche Heliport",45.516387939453125,1.20305597782135,1178,EU,France,FR,Nouvelle-Aquitaine,FR-NAQ,NAQ,Saint-Yrieix,0,,,,,,,,0,2009-03-14T19:28:29+00:00
552414,FR-1185,heliport,"UL Helipad Clissac",44.91028,1.29139,,EU,France,FR,Nouvelle-Aquitaine,FR-NAQ,NAQ,Sainte-Nathalène,0,,,,LF2466,,,,0,2024-10-16T04:48:52+00:00
43516,FR-0176,heliport,"Centre Hospitalier de Saintongues Heliport",45.747779846191406,-0.6549999713897705,135,EU,France,FR,Nouvelle-Aquitaine,FR-NAQ,NAQ,Saintes,0,,,,,,,,0,2009-03-14T19:31:17+00:00
43372,FR-0032,heliport,"CEA Study Center Heliport",47.584882,4.879574,1611,EU,France,FR,Bourgogne-Franche-Comté,FR-BFC,BFC,"Salives, Côte-d'Or",0,,,,,,,,0,2024-06-22T17:16:46+00:00
43557,FR-0217,heliport,"Centre Hospitalier Heliport",45.934722900390625,6.641666889190674,1791,EU,France,FR,Auvergne-Rhône-Alpes,FR-ARA,ARA,Sallanches,0,,,,,,,,0,2009-03-14T19:32:54+00:00
43497,FR-0157,heliport,"Usine Renault Heliport",49.47666549682617,0.30250000953674316,17,EU,France,FR,Normandy,FR-NOR,NOR,Sandouville,0,,,,,,,,0,2009-03-14T19:30:34+00:00
529244,FR-1071,heliport,"Oréliance Healh Center Heliport",47.93827,1.878656,394,EU,France,FR,"Centre-Val de Loire",FR-CVL,CVL,"Saran, Loiret",0,,,,,,,,0,2024-08-07T10:44:49+00:00
43362,FR-0022,heliport,"La Canéda Centre Hospitalier Heliport",44.90024948120117,1.2231240272521973,656,EU,France,FR,Nouvelle-Aquitaine,FR-NAQ,NAQ,Sarlat,0,,,,,,,,0,2009-03-14T19:25:45+00:00
514475,FR-0536,heliport,"Saint Nicolas Sarrebourg Central Hospital Heliport",48.72885,7.05223,885,EU,France,FR,"Grand Est",FR-GES,GES,Sarrebourg,0,,,,,,,,0,2023-11-07T10:34:53+00:00
43502,FR-0162,heliport,"Centre Hospitalier Heliport",47.24555587768555,-0.05944399908185005,272,EU,France,FR,Pays-de-la-Loire,FR-PDL,PDL,Saumur,0,,,,,,,,0,2009-03-14T19:30:45+00:00
320617,FR-0345,closed,"Vouziers-Séchault Air Base",49.276839,4.754076,385,EU,France,FR,"Grand Est",FR-GES,GES,"Séchault, Ardennes",0,,,,,,,,0,2024-07-01T16:27:26+00:00
513832,FR-0530,heliport,"Sélestat Hospital Heliport",48.261787,7.432241,584,EU,France,FR,"Grand Est",FR-GES,GES,"Sélestat, Bas-Rhin",0,,,,,,,,0,2024-07-03T22:06:45+00:00
43379,FR-0039,heliport,"Semur-en-Auxois Hospital Heliport",47.495699,4.344583,957,EU,France,FR,Bourgogne-Franche-Comté,FR-BFC,BFC,"Semur-en-Auxois, Côte-d'Or",0,,,,,,,,0,2024-06-22T17:17:44+00:00
596695,FR-1280,heliport,"Domaine de Senercy Heliport",49.766838,3.393981,,EU,France,FR,Hauts-de-France,FR-HDF,HDF,Senercy,0,,,,,,,,0,2025-04-25T02:44:05+00:00
43371,FR-0031,heliport,"Sens Fire and Rescue Center Heliport",48.191991,3.306123,266,EU,France,FR,Bourgogne-Franche-Comté,FR-BFC,BFC,"Sens, Yonne",0,,,,,,,,0,2024-06-22T16:12:20+00:00
553403,FR-1205,heliport,"Heli-Technique DZ",48.921491,3.043503,,EU,France,FR,Hauts-de-France,FR-HDF,HDF,Signy-Signets,0,,,,,,,,0,2024-10-21T09:41:44+00:00
597830,FR-1282,heliport,"Sissonne DZ",49.540844,3.970774,,EU,France,FR,Hauts-de-France,FR-HDF,HDF,Sissonne,0,,,,,,,,0,2025-05-25T07:11:31+00:00
43510,FR-0170,heliport,"Soissons Hospital Heliport",49.369323,3.331053,172,EU,France,FR,Hauts-de-France,FR-HDF,HDF,"Soissons, Aisne",0,,,,,,,,0,2024-06-22T12:53:51+00:00
326072,FR-0363,closed,Soustons,43.7132299,-1.305385,,EU,France,FR,Nouvelle-Aquitaine,FR-NAQ,NAQ,Soustons,0,,,,,,,"LF4021, LF4021",0,2018-01-07T02:52:49+00:00
599007,FR-1292,heliport,"St Vaast DZ",50.19355,3.429451,,EU,France,FR,Hauts-de-France,FR-HDF,HDF,"St Vaast-en-cis",0,,,,,,,,0,2025-07-15T14:39:25+00:00
528494,FR-0595,heliport,"Nouvelle Clinique Tours Plus Saint-Gatien Alliance Helipad",47.433472,0.666564,371,EU,France,FR,"Centre-Val de Loire",FR-CVL,CVL,St-Cyr-sur-Loire,0,,,,,https://nctplus.com/,,,0,2024-05-11T19:52:29+00:00
43342,FR-0002,heliport,"Hautepierre Hospital Heliport",48.593357,7.704855,487,EU,France,FR,"Grand Est",FR-GES,GES,Strasbourg,0,,,,,,,,0,2023-10-26T16:04:44+00:00
529211,FR-1049,seaplane_base,"Théoule-sur-Mer Seaplane Base",43.478333,6.940556,,EU,France,FR,Provence-Alpes-Côte-d'Azur,FR-PAC,PAC,"Théoule-sur-Mer, Alpes-Maritimes",0,,,,LF0655,http://www.association-francaise-hydraviation.fr/plans,,,0,2024-10-30T14:37:45+00:00
604771,FR-1324,heliport,"Lys tout terrain DZ",50.640195,2.260179,,EU,France,FR,Hauts-de-France,FR-HDF,HDF,Thérouanne,0,,,,,,,,0,2026-02-17T23:07:58+00:00
529266,FR-1093,heliport,"Tonnerre Hospital Heliport",47.85565,3.979356,456,EU,France,FR,Bourgogne-Franche-Comté,FR-BFC,BFC,"Tonnerre, Yonne",0,,,,,,,"Tonnerre Centre Hospitalier Heliport",0,2024-06-22T16:20:53+00:00
43537,FR-0197,heliport,"Milhaud Heliport",43.113335,5.898056,3,EU,France,FR,Provence-Alpes-Côte-d'Azur,FR-PAC,PAC,"Toulon, Var",0,,,,,,,,0,2024-10-30T09:46:30+00:00
43544,FR-0204,heliport,"Toulon Sainte-Anne Army Teaching Hospital Heliport",43.133331,5.93,226,EU,France,FR,Provence-Alpes-Côte-d'Azur,FR-PAC,PAC,"Toulon, Var",0,,,,,,,,0,2024-10-30T09:46:01+00:00
529332,FR-1148,heliport,"Toulon Sainte Musse Hospital Heliport",43.124372,5.974844,165,EU,France,FR,Provence-Alpes-Côte-d'Azur,FR-PAC,PAC,"Toulon, Var",0,,,,,,,,0,2024-10-30T09:41:37+00:00
43463,FR-0123,heliport,"Toulouse Rangueil Pech David Heliport",43.5613899230957,1.4486110210418701,793,EU,France,FR,Occitanie,FR-OCC,OCC,"Toulouse Rangueil Pech David",0,,,,,,,,0,2009-03-14T19:29:20+00:00
43461,FR-0121,heliport,"Toulouse University Purpan Hospital Heliport",43.61328,1.40008,531,EU,France,FR,Occitanie,FR-OCC,OCC,"Toulouse, Haute-Garonne",0,,,,,,,"CHU Purpan",0,2024-06-30T06:01:13+00:00
575550,FR-1234,heliport,"Tourcoing Guy Chatillez Hospital Heliport",50.74507,3.18269,131,EU,France,FR,Hauts-de-France,FR-HDF,HDF,"Tourcoing, Nord",0,,,,,,,Pasing,0,2025-02-03T02:02:13+00:00
43404,FR-0064,heliport,"Tours Trousseau Centre Hospitalier Heliport",47.348888,0.709167,269,EU,France,FR,"Centre-Val de Loire",FR-CVL,CVL,Tours,0,,,,,,,,0,2024-05-14T11:56:15+00:00
43432,FR-0092,heliport,"Toussus-le-Noble Heliport",48.74954,2.103994,538,EU,France,FR,Île-de-France,FR-IDF,IDF,"Toussus-le-Noble, Yvelines",0,,,,,,,,0,2024-06-22T13:28:49+00:00
529249,FR-1076,heliport,"Franche-Comté North Hospital Heliport",47.575996,6.87308,1263,EU,France,FR,Bourgogne-Franche-Comté,FR-BFC,BFC,Trévenans,0,,,,,,,"Hôpital Nord Franche-Comté",0,2024-06-18T05:36:51+00:00
514809,FR-0545,closed,"Tromborn Airport",49.25371,6.60171,1234,EU,France,FR,"Grand Est",FR-GES,GES,Tromborn,0,,,,,,,,0,2023-11-12T19:25:56+00:00
43373,FR-0033,closed,"Troyes Hospital Heliport",48.277917,4.070177,407,EU,France,FR,Bourgogne-Franche-Comté,FR-BFC,BFC,"Troyes, Aube",0,,,,,,,,0,2024-06-22T17:23:48+00:00
43442,FR-0102,heliport,"Centre Hospitalier Heliport",45.266666412353516,1.7666670083999634,794,EU,France,FR,Nouvelle-Aquitaine,FR-NAQ,NAQ,Tulle,0,,,,,,,,0,2009-03-14T19:28:33+00:00
553411,FR-1210,heliport,"Équipée DZ",49.819566,3.061618,,EU,France,FR,Hauts-de-France,FR-HDF,HDF,Ugny-l’Equipée,0,,,,,,,,0,2024-10-21T10:09:39+00:00
43445,FR-0105,heliport,"Centre Hospitalier Heliport",45.54277801513672,2.3122220039367676,2148,EU,France,FR,Nouvelle-Aquitaine,FR-NAQ,NAQ,Ussel,0,,,,,,,,0,2009-03-14T19:28:39+00:00
598589,FR-1286,heliport,"Domaine de Vadancourt",49.900343,3.183224,,EU,France,FR,Hauts-de-France,FR-HDF,HDF,Vadancourt,0,,,,,,,,0,2025-06-28T16:03:11+00:00
43585,FR-0245,heliport,"Tête De Solaise Heliport",45.432777404785156,6.991666793823242,8366,EU,France,FR,Auvergne-Rhône-Alpes,FR-ARA,ARA,"Val D'Isere",0,,,,,,,,0,2009-03-14T19:33:59+00:00
43414,FR-0074,closed,"Travaux Aeriens Bouquemont Heliport",48.850834,3.967722,483,EU,France,FR,"Grand Est",FR-GES,GES,"Val-des-Marais, Marne",0,,,,,,,,0,2024-06-22T21:33:12+00:00
43543,FR-0203,heliport,"Sophia Antépolis Heliport",43.622754,7.028391,772,EU,France,FR,Provence-Alpes-Côte-d'Azur,FR-PAC,PAC,"Valbonne, Alpes-Maritimes",0,,,,,,,,0,2024-10-30T14:58:27+00:00
43547,FR-0207,heliport,"Centre Hospitalier Heliport",44.91444396972656,4.904167175292969,486,EU,France,FR,Auvergne-Rhône-Alpes,FR-ARA,ARA,Valence,0,,,,,,,,0,2009-03-14T19:32:32+00:00
515752,FR-0554,heliport,"Jean Bernard Emergency Hospital Heliport",50.36115,3.49924,,EU,France,FR,Hauts-de-France,FR-HDF,HDF,Valenciennes,0,,,,,,,,0,2023-11-24T20:37:41+00:00
43449,FR-0109,heliport,"Nancy University Regional Hospital Brabois Heliport",48.644688,6.15149,1335,EU,France,FR,"Grand Est",FR-GES,GES,"Vandœuvre-lès-Nancy, Meurthe-et-Moselle",0,,,,,,,,0,2024-06-26T10:07:19+00:00
43391,FR-0051,heliport,"Vannes Centre Hospitalier Heliport",47.663917,-2.744672,39,EU,France,FR,Brittany,FR-BRE,BRE,Vannes,0,,,,,,,,0,2024-05-14T12:22:31+00:00
43578,FR-0238,heliport,"Quartier-Reynies Heliport",45.099998474121094,5.683332920074463,722,EU,France,FR,Auvergne-Rhône-Alpes,FR-ARA,ARA,Varces,0,,,,,,,,0,2009-03-14T19:33:43+00:00
43447,FR-0107,heliport,"Château Castel Novel Heliport",45.18333435058594,1.4500000476837158,344,EU,France,FR,Nouvelle-Aquitaine,FR-NAQ,NAQ,Varetz,0,,,,,,,,0,2009-03-14T19:28:43+00:00
504565,FR-0510,closed,"Vavincourt Aerodrome",48.815556,5.212222,958,EU,France,FR,"Grand Est",FR-GES,GES,"Vavincourt, Meuse",0,,,,,,https://en.wikipedia.org/wiki/Vavincourt_Aerodrome,,0,2024-06-26T10:11:37+00:00
504536,FR-0509,heliport,"Verdun Saint-Nicolas Hospital Heliport",49.15363,5.38234,653,EU,France,FR,"Grand Est",FR-GES,GES,Verdun,0,,,,,,,"Héliport Centre Hospitalier Site Saint-Nicolas",0,2022-10-28T18:06:50+00:00
43489,FR-0149,heliport,"Center Parc Heliport",48.724998474121094,0.8361110091209412,643,EU,France,FR,Normandy,FR-NOR,NOR,Verneuil,0,,,,,,,,0,2009-03-14T19:30:17+00:00
43492,FR-0152,heliport,"Centre Hospitalier de Verneuil Heliport",48.74444580078125,0.8916670083999634,597,EU,France,FR,Normandy,FR-NOR,NOR,"Verneuil Sur Avre",0,,,,,,,,0,2009-03-14T19:30:24+00:00
529333,FR-1149,heliport,"Versailles Central André Mignot Hospital Heliport",48.830872,2.127759,492,EU,France,FR,Île-de-France,FR-IDF,IDF,"Versailles, Yvelines",0,,,,,,,"Versailles Centre Hospitalier Heliport",0,2025-01-08T01:00:58+00:00
529254,FR-1081,heliport,"Vesoul Hospital Heliport",47.637265,6.137456,741,EU,France,FR,Bourgogne-Franche-Comté,FR-BFC,BFC,"Vesoul, Haute-Saône",0,,,,,,,,0,2024-06-25T13:03:09+00:00
347602,FR-0483,closed,"Villard-Notre-Dame Airfield",45.018056,6.037778,,EU,France,FR,Auvergne-Rhône-Alpes,FR-ARA,ARA,"Villard-Notre-Dame, Isère",0,,,,,,,LF3829,0,2025-01-29T20:55:20+00:00
43550,FR-0210,heliport,"Centre Hospitalier Heliport",46.00555419921875,4.693056106567383,765,EU,France,FR,Auvergne-Rhône-Alpes,FR-ARA,ARA,Villefranche,0,,,,,,,,0,2009-03-14T19:32:39+00:00
528839,FR-0761,closed,"Champagne Vol Libre Airfield",48.936111,4.061667,335,EU,France,FR,"Grand Est",FR-GES,GES,"Villeneuve-Renneville-Chevigny, Marne",0,,,,,,,LF5155,0,2024-06-22T21:34:08+00:00
553357,FR-1195,heliport,"Vimy DZ",50.378032,2.803767,,EU,France,FR,Hauts-de-France,FR-HDF,HDF,Vimy,0,,,,,,,,0,2024-10-21T06:37:35+00:00
43412,FR-0072,heliport,"Hostellerie Briqueterie Heliport",49.00763,3.90595,328,EU,France,FR,"Grand Est",FR-GES,GES,"Vinay, Marne",0,,,,,,,,0,2024-06-22T21:37:35+00:00
43406,FR-0066,heliport,"Vitry-le-François Hospital Heliport",48.716584,4.602244,359,EU,France,FR,"Grand Est",FR-GES,GES,Vitry-le-François,0,,,,,,,,0,2024-06-21T12:06:09+00:00
329135,FR-0377,closed,"Laon-Couvron Air Base",49.63048,3.54344,,EU,France,FR,Hauts-de-France,FR-HDF,HDF,"Vivaise, Aisne",0,,,,,,https://fr.wikipedia.org/wiki/Base_a%C3%A9rienne_de_Laon-Couvron,,0,2024-07-01T16:21:20+00:00
43571,FR-0231,heliport,"Hôtel Georges Blanc Heliport",46.22083282470703,4.988889217376709,653,EU,France,FR,Auvergne-Rhône-Alpes,FR-ARA,ARA,Vonnas,0,,,,,,,,0,2009-03-14T19:33:27+00:00
553353,FR-1191,heliport,"Wattignies DZ",50.198261,4.006813,,EU,France,FR,Hauts-de-France,FR-HDF,HDF,Wattignies-la-Victoire,0,,,,,,,,0,2024-10-21T06:26:35+00:00
598783,FR-1288,heliport,"Wavrans-sur-ternoise DZ",50.422601,2.289426,,EU,France,FR,Hauts-de-France,FR-HDF,HDF,Wavrans-sur-ternoise,0,,,,,,,,0,2025-07-06T15:26:21+00:00
553406,FR-1207,heliport,"Winnezeele DZ",50.841137,2.553978,,EU,France,FR,Hauts-de-France,FR-HDF,HDF,Winnezeele,0,,,,,,,,0,2024-10-21T09:50:17+00:00
533510,FR-1167,closed,"Audembert Airfield",50.86198,1.66989,109,EU,France,FR,Hauts-de-France,FR-HDF,HDF,Wissant,0,,,,,,,,0,2024-06-15T23:39:22+00:00
557523,FR-1220,heliport,Xertigny,48.077366,6.309033,,EU,France,FR,Hauts-de-France,FR-HDF,HDF,Xertigny,0,,,,,,,,0,2024-11-11T13:53:37+00:00
